location,timestamp,pm2_5,pm10,co,no2,o3,so2,aqi,air_quality
Jakarta,2026-01-01 00:00:00,1.15,1.8,122.11,0.63,27.02,0.26,1,Good
Jakarta,2026-01-02 01:00:00,1.65,2.71,122.2,1.33,29.92,0.38,1,Good
Jakarta,2026-01-02 02:00:00,2.03,3.43,145.07,1.88,29.5,0.55,1,Good
Jakarta,2026-01-02 03:00:00,2.48,4.2,161.12,2.09,32.4,0.68,1,Good
Jakarta,2026-01-02 04:00:00,3.2,5.19,170.52,2.04,38.42,0.77,1,Good
Jakarta,2026-01-02 05:00:00,3.92,5.9,165.5,1.68,43.09,0.74,1,Good
Jakarta,2026-01-02 06:00:00,3.94,5.52,146.13,1.21,43.78,0.63,1,Good
Jakarta,2026-01-02 07:00:00,1.79,2.39,99.81,0.52,37.63,0.35,1,Good
Jakarta,2026-01-02 08:00:00,1.19,1.56,92.65,0.51,34.82,0.29,1,Good
Jakarta,2026-01-02 09:00:00,1.0,1.27,94.33,0.6,32.71,0.27,1,Good
Jakarta,2026-01-02 10:00:00,0.85,1.09,100.17,0.73,30.15,0.27,1,Good
Jakarta,2026-01-02 11:00:00,0.79,1.05,112.2,0.92,27.18,0.29,1,Good
Jakarta,2026-01-02 12:00:00,0.8,1.11,127.0,1.02,24.57,0.3,1,Good
Jakarta,2026-01-02 13:00:00,0.88,1.23,142.27,1.06,22.77,0.29,1,Good
Jakarta,2026-01-02 14:00:00,0.98,1.37,152.58,1.07,21.73,0.31,1,Good
Jakarta,2026-01-02 15:00:00,1.06,1.46,152.92,1.09,20.99,0.33,1,Good
Jakarta,2026-01-02 16:00:00,1.13,1.6,142.42,1.11,20.46,0.35,1,Good
Jakarta,2026-01-02 17:00:00,1.21,1.79,126.81,1.09,20.25,0.34,1,Good
Jakarta,2026-01-02 18:00:00,1.24,2.0,111.91,1.01,20.43,0.33,1,Good
Jakarta,2026-01-02 19:00:00,1.21,2.15,102.02,0.85,20.67,0.31,1,Good
Jakarta,2026-01-02 20:00:00,1.16,2.08,103.24,0.71,20.76,0.29,1,Good
Jakarta,2026-01-02 21:00:00,1.15,1.97,113.72,0.67,20.76,0.29,1,Good
Jakarta,2026-01-02 22:00:00,1.21,1.93,127.11,0.72,21.0,0.3,1,Good
Jakarta,2026-01-02 23:00:00,1.35,2.05,140.58,0.83,21.26,0.31,1,Good
Jakarta,2026-01-03 00:00:00,1.55,2.24,153.53,1.0,21.66,0.35,1,Good
Jakarta,2026-01-03 01:00:00,1.8,2.5,168.91,1.22,22.19,0.39,1,Good
Jakarta,2026-01-03 02:00:00,2.13,2.91,185.78,1.46,23.04,0.47,1,Good
Jakarta,2026-01-03 03:00:00,2.38,3.26,198.17,1.58,24.66,0.57,1,Good
Jakarta,2026-01-03 04:00:00,2.53,3.47,200.36,1.48,26.96,0.62,1,Good
Jakarta,2026-01-03 05:00:00,2.56,3.49,196.08,1.25,29.27,0.6,1,Good
Jakarta,2026-01-03 06:00:00,2.54,3.44,189.94,1.05,30.95,0.52,1,Good
Jakarta,2026-01-03 07:00:00,2.45,3.32,183.44,0.89,31.87,0.44,1,Good
Jakarta,2026-01-03 08:00:00,2.44,3.29,182.03,0.86,32.1,0.4,1,Good
Jakarta,2026-01-03 09:00:00,2.61,3.43,187.47,0.95,32.26,0.41,1,Good
Jakarta,2026-01-03 10:00:00,2.88,3.7,195.81,1.15,32.43,0.49,1,Good
Jakarta,2026-01-03 11:00:00,3.16,3.98,203.71,1.4,32.39,0.62,1,Good
Jakarta,2026-01-03 12:00:00,3.34,4.14,210.03,1.53,32.54,0.7,1,Good
Jakarta,2026-01-03 13:00:00,3.68,4.53,217.28,1.63,32.89,0.79,1,Good
Jakarta,2026-01-03 14:00:00,4.26,5.16,227.05,1.78,33.5,0.92,1,Good
Jakarta,2026-01-03 15:00:00,4.93,5.85,237.0,1.96,33.74,1.06,1,Good
Jakarta,2026-01-03 16:00:00,6.21,7.52,261.44,2.56,32.84,1.39,1,Good
Jakarta,2026-01-03 17:00:00,8.46,10.34,301.39,3.56,31.12,1.93,1,Good
Jakarta,2026-01-03 18:00:00,11.34,13.8,346.58,4.58,29.07,2.54,2,Fair
Jakarta,2026-01-03 19:00:00,14.19,17.1,382.72,5.61,27.78,3.31,2,Fair
Jakarta,2026-01-03 20:00:00,16.87,20.05,407.36,6.79,26.7,4.29,2,Fair
Jakarta,2026-01-03 21:00:00,19.27,22.55,431.27,8.27,25.56,5.19,2,Fair
Jakarta,2026-01-03 22:00:00,20.17,22.85,421.26,9.35,26.27,5.78,2,Fair
Jakarta,2026-01-03 23:00:00,20.75,23.15,433.12,10.14,26.36,5.9,2,Fair
Jakarta,2026-01-04 00:00:00,18.48,20.49,422.16,9.8,28.98,5.48,2,Fair
Jakarta,2026-01-04 01:00:00,10.66,11.93,335.92,6.17,37.91,3.4,2,Fair
Jakarta,2026-01-04 02:00:00,7.21,8.2,287.86,4.09,42.29,2.38,1,Good
Jakarta,2026-01-04 03:00:00,6.0,6.86,264.03,2.92,46.67,1.97,1,Good
Jakarta,2026-01-04 04:00:00,6.75,7.69,260.75,2.25,52.6,2.02,1,Good
Jakarta,2026-01-04 05:00:00,9.1,10.21,268.16,1.97,59.94,2.25,1,Good
Jakarta,2026-01-04 06:00:00,11.71,12.91,272.74,1.69,66.63,2.33,2,Fair
Jakarta,2026-01-04 07:00:00,13.97,15.21,273.77,1.52,71.57,2.38,2,Fair
Jakarta,2026-01-04 08:00:00,15.07,16.34,270.55,1.48,73.63,2.37,2,Fair
Jakarta,2026-01-04 09:00:00,15.08,16.36,264.9,1.5,73.59,2.29,2,Fair
Jakarta,2026-01-04 10:00:00,12.85,13.93,248.97,1.35,69.54,2.0,2,Fair
Jakarta,2026-01-04 11:00:00,10.91,11.85,235.46,1.24,65.05,1.72,2,Fair
Jakarta,2026-01-04 12:00:00,10.05,10.98,229.26,1.16,62.5,1.66,2,Fair
Jakarta,2026-01-04 13:00:00,9.24,10.24,228.73,1.21,59.48,1.76,1,Good
Jakarta,2026-01-04 14:00:00,8.44,9.5,229.87,1.31,57.02,1.75,1,Good
Jakarta,2026-01-04 15:00:00,8.11,9.26,235.03,1.42,55.21,1.68,1,Good
Jakarta,2026-01-04 16:00:00,8.14,9.44,242.46,1.54,53.65,1.62,1,Good
Jakarta,2026-01-04 17:00:00,8.32,9.7,247.08,1.59,52.49,1.58,1,Good
Jakarta,2026-01-04 18:00:00,8.56,9.96,249.77,1.6,51.68,1.51,1,Good
Jakarta,2026-01-04 19:00:00,9.4,10.9,255.76,1.7,50.94,1.55,1,Good
Jakarta,2026-01-04 20:00:00,11.44,13.32,277.68,2.11,49.44,1.74,2,Fair
Jakarta,2026-01-04 21:00:00,13.56,15.82,301.36,2.54,47.86,1.93,2,Fair
Jakarta,2026-01-04 22:00:00,15.65,18.26,325.32,2.99,46.37,2.13,2,Fair
Jakarta,2026-01-04 23:00:00,17.15,19.9,335.57,3.24,45.54,2.32,2,Fair
Jakarta,2026-01-05 00:00:00,18.01,20.82,338.28,3.45,45.32,2.51,2,Fair
Jakarta,2026-01-05 01:00:00,19.07,21.97,343.28,3.37,48.3,2.75,2,Fair
Jakarta,2026-01-05 02:00:00,20.9,23.77,342.14,2.84,57.92,2.81,2,Fair
Jakarta,2026-01-05 03:00:00,25.03,27.8,337.48,1.86,73.3,2.64,3,Moderate
Jakarta,2026-01-05 04:00:00,30.33,32.99,333.06,1.11,86.04,2.28,3,Moderate
Jakarta,2026-01-05 05:00:00,35.39,38.05,334.85,0.86,93.32,1.93,3,Moderate
Jakarta,2026-01-05 06:00:00,38.92,41.56,335.41,0.78,97.43,1.68,3,Moderate
Jakarta,2026-01-05 07:00:00,40.34,42.89,334.75,0.75,99.52,1.46,3,Moderate
Jakarta,2026-01-05 08:00:00,39.49,41.87,327.64,0.76,98.53,1.24,3,Moderate
Jakarta,2026-01-05 09:00:00,37.3,39.49,318.97,0.85,95.38,1.05,3,Moderate
Jakarta,2026-01-05 10:00:00,34.9,37.09,321.81,1.31,90.4,0.98,3,Moderate
Jakarta,2026-01-05 11:00:00,33.31,35.79,340.02,2.11,85.02,1.1,3,Moderate
Jakarta,2026-01-05 12:00:00,32.6,35.59,363.29,2.75,80.99,1.31,3,Moderate
Jakarta,2026-01-05 13:00:00,33.28,37.3,406.56,3.66,77.13,1.74,3,Moderate
Jakarta,2026-01-05 14:00:00,35.17,40.16,451.17,4.27,73.35,2.11,3,Moderate
Jakarta,2026-01-05 15:00:00,37.6,42.9,467.15,3.93,72.11,2.15,3,Moderate
Jakarta,2026-01-05 16:00:00,38.42,42.46,379.8,1.85,82.55,2.37,3,Moderate
Jakarta,2026-01-05 17:00:00,38.55,42.61,355.31,1.58,84.87,3.2,3,Moderate
Jakarta,2026-01-05 18:00:00,37.65,41.72,341.67,1.52,83.82,3.8,3,Moderate
Jakarta,2026-01-05 19:00:00,33.8,37.45,315.8,1.43,80.0,4.05,3,Moderate
Jakarta,2026-01-05 20:00:00,29.34,32.59,295.54,1.45,74.47,4.05,3,Moderate
Jakarta,2026-01-05 21:00:00,27.16,30.29,289.98,1.53,70.65,4.09,3,Moderate
Jakarta,2026-01-05 22:00:00,25.65,28.56,288.38,1.55,67.61,4.01,3,Moderate
Jakarta,2026-01-05 23:00:00,23.61,26.02,281.28,1.47,65.49,3.69,2,Fair
Jakarta,2026-01-06 00:00:00,21.24,23.17,272.59,1.52,63.75,3.36,2,Fair
Jakarta,2026-01-06 01:00:00,19.3,21.05,267.56,1.59,62.41,2.97,2,Fair
Jakarta,2026-01-06 02:00:00,18.57,20.28,265.69,1.47,62.91,2.71,2,Fair
Jakarta,2026-01-06 03:00:00,19.08,20.78,264.16,1.14,66.64,2.51,2,Fair
Jakarta,2026-01-06 04:00:00,22.13,23.92,268.51,0.85,74.69,2.43,2,Fair
Jakarta,2026-01-06 05:00:00,26.33,28.24,272.59,0.72,82.33,2.35,3,Moderate
Jakarta,2026-01-06 06:00:00,29.78,31.74,274.03,0.66,87.78,2.24,3,Moderate
Jakarta,2026-01-06 07:00:00,31.87,33.84,273.57,0.66,91.73,2.17,3,Moderate
Jakarta,2026-01-06 08:00:00,32.03,33.94,269.81,0.71,93.28,2.08,3,Moderate
Jakarta,2026-01-06 09:00:00,30.64,32.46,263.09,0.81,92.14,1.96,3,Moderate
Jakarta,2026-01-06 10:00:00,28.37,30.2,263.0,1.23,88.08,1.82,3,Moderate
Jakarta,2026-01-06 11:00:00,26.11,28.13,272.3,1.93,82.06,1.73,3,Moderate
Jakarta,2026-01-06 12:00:00,23.6,25.87,274.81,2.23,76.48,1.66,2,Fair
Jakarta,2026-01-06 13:00:00,21.62,24.4,284.02,2.35,70.61,1.58,2,Fair
Jakarta,2026-01-06 14:00:00,20.23,23.46,290.17,2.31,64.98,1.39,2,Fair
Jakarta,2026-01-06 15:00:00,18.81,21.99,282.02,1.99,61.89,1.14,2,Fair
Jakarta,2026-01-06 16:00:00,14.12,15.82,221.01,0.73,61.55,0.79,2,Fair
Jakarta,2026-01-06 17:00:00,11.03,12.41,209.36,0.58,56.77,0.6,2,Fair
Jakarta,2026-01-06 18:00:00,9.53,10.82,209.07,0.59,53.38,0.52,1,Good
Jakarta,2026-01-06 19:00:00,10.27,11.8,236.22,1.03,49.64,0.55,2,Fair
Jakarta,2026-01-06 20:00:00,12.87,14.94,288.9,1.79,45.38,0.65,2,Fair
Jakarta,2026-01-06 21:00:00,15.99,18.59,342.83,2.46,42.02,0.77,2,Fair
Jakarta,2026-01-06 22:00:00,19.42,22.66,394.66,2.99,39.49,0.89,2,Fair
Jakarta,2026-01-06 23:00:00,21.67,25.27,420.1,3.2,38.93,0.99,2,Fair
Jakarta,2026-01-07 00:00:00,21.62,25.11,407.19,3.08,40.62,1.12,2,Fair
Jakarta,2026-01-07 01:00:00,15.98,18.32,317.16,2.04,45.11,1.29,2,Fair
Jakarta,2026-01-07 02:00:00,11.48,13.15,259.71,1.34,46.9,1.3,2,Fair
Jakarta,2026-01-07 03:00:00,9.05,10.36,229.99,0.81,48.91,1.15,1,Good
Jakarta,2026-01-07 04:00:00,7.36,8.41,211.45,0.47,50.04,0.97,1,Good
Jakarta,2026-01-07 05:00:00,5.95,6.81,197.6,0.33,49.17,0.78,1,Good
Jakarta,2026-01-07 06:00:00,4.6,5.28,185.35,0.24,47.51,0.58,1,Good
Jakarta,2026-01-07 07:00:00,3.42,3.97,174.5,0.19,45.82,0.42,1,Good
Jakarta,2026-01-07 08:00:00,2.64,3.13,167.51,0.2,44.46,0.31,1,Good
Jakarta,2026-01-07 09:00:00,1.98,2.44,162.28,0.25,43.07,0.24,1,Good
Jakarta,2026-01-07 10:00:00,1.46,1.88,158.9,0.31,41.7,0.19,1,Good
Jakarta,2026-01-07 11:00:00,1.06,1.48,155.46,0.35,40.45,0.16,1,Good
Jakarta,2026-01-07 12:00:00,0.81,1.29,152.37,0.33,39.64,0.13,1,Good
Jakarta,2026-01-07 13:00:00,0.68,1.25,150.17,0.29,39.09,0.11,1,Good
Jakarta,2026-01-07 14:00:00,0.62,1.36,149.4,0.26,38.67,0.1,1,Good
Jakarta,2026-01-07 15:00:00,0.59,1.59,149.15,0.23,38.32,0.1,1,Good
Jakarta,2026-01-07 16:00:00,0.6,1.7,148.6,0.21,37.87,0.09,1,Good
Jakarta,2026-01-07 17:00:00,0.63,1.7,148.09,0.18,37.62,0.09,1,Good
Jakarta,2026-01-07 18:00:00,0.65,1.71,147.06,0.16,37.56,0.08,1,Good
Jakarta,2026-01-07 19:00:00,0.64,1.68,146.66,0.15,37.41,0.08,1,Good
Jakarta,2026-01-07 20:00:00,0.63,1.57,147.78,0.18,37.55,0.08,1,Good
Jakarta,2026-01-07 21:00:00,0.61,1.4,149.96,0.21,37.85,0.08,1,Good
Jakarta,2026-01-07 22:00:00,0.59,1.25,150.16,0.24,37.71,0.08,1,Good
Jakarta,2026-01-07 23:00:00,0.6,1.2,151.03,0.26,37.86,0.08,1,Good
Jakarta,2026-01-08 00:00:00,0.62,1.22,152.95,0.33,37.89,0.1,1,Good
Jakarta,2026-01-08 01:00:00,0.68,1.49,157.91,0.48,37.43,0.14,1,Good
Jakarta,2026-01-08 02:00:00,0.75,1.73,160.95,0.53,37.17,0.17,1,Good
Jakarta,2026-01-08 03:00:00,0.77,1.81,159.93,0.47,37.59,0.17,1,Good
Jakarta,2026-01-08 04:00:00,0.82,1.89,159.15,0.38,38.62,0.17,1,Good
Jakarta,2026-01-08 05:00:00,0.91,2.13,159.84,0.34,39.1,0.2,1,Good
Jakarta,2026-01-08 06:00:00,1.06,2.49,163.51,0.37,39.55,0.26,1,Good
Jakarta,2026-01-08 07:00:00,1.06,2.13,167.27,0.44,39.86,0.29,1,Good
Jakarta,2026-01-08 08:00:00,1.04,1.87,170.59,0.56,39.38,0.31,1,Good
Jakarta,2026-01-08 09:00:00,1.03,1.74,172.69,0.67,38.81,0.33,1,Good
Jakarta,2026-01-08 10:00:00,1.03,1.78,173.12,0.78,37.85,0.36,1,Good
Jakarta,2026-01-08 11:00:00,1.06,1.88,175.22,0.92,36.94,0.41,1,Good
Jakarta,2026-01-08 12:00:00,1.1,1.97,176.97,1.05,35.96,0.48,1,Good
Jakarta,2026-01-08 13:00:00,1.11,1.91,177.45,1.1,35.54,0.5,1,Good
Jakarta,2026-01-08 14:00:00,1.04,1.75,173.68,1.03,35.15,0.47,1,Good
Jakarta,2026-01-08 15:00:00,0.99,1.63,170.61,0.97,34.45,0.46,1,Good
Jakarta,2026-01-08 16:00:00,0.96,1.56,167.11,0.93,33.89,0.46,1,Good
Jakarta,2026-01-08 17:00:00,0.96,1.55,165.11,0.9,33.57,0.46,1,Good
Jakarta,2026-01-08 18:00:00,0.98,1.57,162.77,0.84,33.52,0.45,1,Good
Jakarta,2026-01-08 19:00:00,1.03,1.59,163.23,0.85,33.62,0.45,1,Good
Jakarta,2026-01-08 20:00:00,1.14,1.69,165.98,0.91,33.6,0.44,1,Good
Jakarta,2026-01-08 21:00:00,1.17,1.73,166.79,0.9,33.51,0.4,1,Good
Jakarta,2026-01-08 22:00:00,1.18,1.75,166.3,0.85,33.25,0.35,1,Good
Jakarta,2026-01-08 23:00:00,1.23,1.82,169.09,0.87,32.86,0.33,1,Good
Jakarta,2026-01-09 00:00:00,1.3,1.93,174.37,0.98,32.4,0.34,1,Good
Jakarta,2026-01-09 01:00:00,1.37,2.04,181.44,1.14,31.82,0.37,1,Good
Jakarta,2026-01-09 02:00:00,1.35,2.0,183.9,1.16,31.75,0.37,1,Good
Jakarta,2026-01-09 03:00:00,1.19,1.8,180.35,1.0,32.02,0.33,1,Good
Jakarta,2026-01-09 04:00:00,0.91,1.44,170.27,0.68,32.71,0.27,1,Good
Jakarta,2026-01-09 05:00:00,0.71,1.21,161.26,0.43,32.93,0.22,1,Good
Jakarta,2026-01-09 06:00:00,0.63,1.14,156.31,0.29,32.93,0.19,1,Good
Jakarta,2026-01-09 07:00:00,0.6,1.14,153.71,0.23,32.98,0.18,1,Good
Jakarta,2026-01-09 08:00:00,0.6,1.12,153.63,0.25,32.85,0.18,1,Good
Jakarta,2026-01-09 09:00:00,0.62,1.1,154.78,0.32,32.75,0.21,1,Good
Jakarta,2026-01-09 10:00:00,0.64,1.12,158.39,0.44,32.77,0.24,1,Good
Jakarta,2026-01-09 11:00:00,0.69,1.22,163.27,0.61,32.42,0.27,1,Good
Jakarta,2026-01-09 12:00:00,0.73,1.28,166.57,0.73,31.91,0.28,1,Good
Jakarta,2026-01-09 13:00:00,0.79,1.34,169.41,0.83,31.04,0.28,1,Good
Jakarta,2026-01-09 14:00:00,0.86,1.42,172.84,0.94,30.37,0.3,1,Good
Jakarta,2026-01-09 15:00:00,0.91,1.49,175.74,1.02,29.82,0.31,1,Good
Jakarta,2026-01-09 16:00:00,0.92,1.51,174.89,1.05,29.33,0.33,1,Good
Jakarta,2026-01-09 17:00:00,0.87,1.47,170.3,0.97,29.1,0.32,1,Good
Jakarta,2026-01-09 18:00:00,0.82,1.44,163.58,0.83,28.99,0.29,1,Good
Jakarta,2026-01-09 19:00:00,0.77,1.38,158.05,0.69,28.94,0.25,1,Good
Jakarta,2026-01-09 20:00:00,0.71,1.25,155.13,0.62,28.78,0.22,1,Good
Jakarta,2026-01-09 21:00:00,0.66,1.14,155.04,0.6,28.68,0.19,1,Good
Jakarta,2026-01-09 22:00:00,0.64,1.07,156.5,0.6,28.62,0.17,1,Good
Jakarta,2026-01-09 23:00:00,0.63,1.04,158.46,0.62,28.54,0.17,1,Good
Jakarta,2026-01-10 00:00:00,0.65,1.04,161.32,0.67,28.46,0.17,1,Good
Jakarta,2026-01-10 01:00:00,0.67,1.04,164.01,0.75,28.2,0.18,1,Good
Jakarta,2026-01-10 02:00:00,0.69,1.06,166.0,0.76,28.14,0.2,1,Good
Jakarta,2026-01-10 03:00:00,0.72,1.11,165.51,0.71,28.46,0.22,1,Good
Jakarta,2026-01-10 04:00:00,0.78,1.23,165.74,0.62,29.61,0.26,1,Good
Jakarta,2026-01-10 05:00:00,0.84,1.38,163.86,0.53,30.86,0.28,1,Good
Jakarta,2026-01-10 06:00:00,0.84,1.43,159.33,0.41,31.21,0.24,1,Good
Jakarta,2026-01-10 07:00:00,0.83,1.56,153.24,0.35,30.04,0.19,1,Good
Jakarta,2026-01-10 08:00:00,0.87,1.8,147.01,0.29,28.29,0.15,1,Good
Jakarta,2026-01-10 09:00:00,0.97,2.13,143.24,0.23,27.49,0.13,1,Good
Jakarta,2026-01-10 10:00:00,1.08,2.4,142.56,0.2,27.49,0.13,1,Good
Jakarta,2026-01-10 11:00:00,1.19,2.71,143.89,0.23,27.58,0.14,1,Good
Jakarta,2026-01-10 12:00:00,1.26,2.85,145.22,0.26,27.64,0.15,1,Good
Jakarta,2026-01-10 13:00:00,1.29,2.89,146.62,0.31,27.52,0.17,1,Good
Jakarta,2026-01-10 14:00:00,1.21,2.61,148.8,0.37,27.41,0.18,1,Good
Jakarta,2026-01-10 15:00:00,1.09,2.25,150.81,0.42,27.38,0.18,1,Good
Jakarta,2026-01-10 16:00:00,1.0,2.02,151.73,0.47,27.12,0.18,1,Good
Jakarta,2026-01-10 17:00:00,1.03,2.0,152.26,0.5,26.82,0.19,1,Good
Jakarta,2026-01-10 18:00:00,1.09,2.02,152.25,0.51,26.6,0.21,1,Good
Jakarta,2026-01-10 19:00:00,1.06,1.79,152.51,0.5,26.85,0.21,1,Good
Jakarta,2026-01-10 20:00:00,1.02,1.71,153.57,0.49,27.04,0.2,1,Good
Jakarta,2026-01-10 21:00:00,0.98,1.71,155.34,0.47,27.46,0.19,1,Good
Jakarta,2026-01-10 22:00:00,0.95,1.67,157.91,0.46,27.97,0.18,1,Good
Jakarta,2026-01-10 23:00:00,0.91,1.59,160.23,0.46,28.38,0.17,1,Good
Jakarta,2026-01-11 00:00:00,0.87,1.53,162.37,0.48,28.64,0.18,1,Good
Jakarta,2026-01-11 01:00:00,0.85,1.48,163.38,0.54,28.55,0.19,1,Good
Jakarta,2026-01-11 02:00:00,0.86,1.49,164.5,0.56,28.6,0.19,1,Good
Jakarta,2026-01-11 03:00:00,0.88,1.53,164.2,0.5,28.8,0.18,1,Good
Jakarta,2026-01-11 04:00:00,0.92,1.59,163.42,0.41,29.16,0.18,1,Good
Jakarta,2026-01-11 05:00:00,0.89,1.56,161.09,0.32,29.36,0.16,1,Good
Jakarta,2026-01-11 06:00:00,0.83,1.48,158.6,0.25,29.41,0.13,1,Good
Jakarta,2026-01-11 07:00:00,0.76,1.4,156.21,0.21,29.4,0.11,1,Good
Jakarta,2026-01-11 08:00:00,0.72,1.4,154.02,0.21,29.2,0.11,1,Good
Jakarta,2026-01-11 09:00:00,0.7,1.4,152.45,0.22,28.92,0.11,1,Good
Jakarta,2026-01-11 10:00:00,0.77,1.65,159.02,0.52,28.14,0.17,1,Good
Jakarta,2026-01-11 11:00:00,0.93,2.04,170.16,1.01,26.78,0.26,1,Good
Jakarta,2026-01-11 12:00:00,1.06,2.29,175.13,1.26,25.84,0.31,1,Good
Jakarta,2026-01-11 13:00:00,1.14,2.42,174.5,1.36,25.12,0.32,1,Good
Jakarta,2026-01-11 14:00:00,1.19,2.51,169.65,1.34,24.66,0.3,1,Good
Jakarta,2026-01-11 15:00:00,1.23,2.56,162.4,1.27,24.34,0.29,1,Good
Jakarta,2026-01-11 16:00:00,1.2,2.32,154.62,1.19,24.25,0.25,1,Good
Jakarta,2026-01-11 17:00:00,1.17,2.09,147.23,1.07,24.12,0.21,1,Good
Jakarta,2026-01-11 18:00:00,1.08,1.83,139.67,0.85,24.3,0.17,1,Good
Jakarta,2026-01-11 19:00:00,0.82,1.36,126.09,0.42,25.44,0.13,1,Good
Jakarta,2026-01-11 20:00:00,0.78,1.29,125.93,0.38,25.46,0.13,1,Good
Jakarta,2026-01-11 21:00:00,0.81,1.32,129.22,0.42,25.3,0.14,1,Good
Jakarta,2026-01-11 22:00:00,0.85,1.37,133.41,0.48,25.23,0.15,1,Good
Jakarta,2026-01-11 23:00:00,0.91,1.47,136.46,0.54,25.08,0.16,1,Good
Jakarta,2026-01-12 00:00:00,1.01,1.67,139.78,0.64,24.83,0.19,1,Good
Jakarta,2026-01-12 01:00:00,1.11,1.86,145.03,0.79,24.46,0.24,1,Good
Jakarta,2026-01-12 02:00:00,1.16,1.95,146.96,0.85,24.46,0.28,1,Good
Jakarta,2026-01-12 03:00:00,1.16,1.97,145.15,0.78,25.08,0.29,1,Good
Jakarta,2026-01-12 04:00:00,1.13,1.93,144.57,0.78,25.93,0.3,1,Good
Jakarta,2026-01-12 05:00:00,1.09,1.88,146.35,0.75,26.74,0.32,1,Good
Jakarta,2026-01-12 06:00:00,1.08,1.84,147.33,0.71,27.66,0.32,1,Good
Jakarta,2026-01-12 07:00:00,1.08,1.82,145.42,0.63,28.47,0.3,1,Good
Jakarta,2026-01-12 08:00:00,1.06,1.74,145.32,0.58,28.98,0.27,1,Good
Jakarta,2026-01-12 09:00:00,1.03,1.63,146.81,0.56,29.28,0.25,1,Good
Jakarta,2026-01-12 10:00:00,0.98,1.58,148.09,0.57,29.65,0.22,1,Good
Jakarta,2026-01-12 11:00:00,1.04,1.73,149.51,0.66,29.69,0.23,1,Good
Jakarta,2026-01-12 12:00:00,1.15,1.91,151.29,0.76,29.5,0.25,1,Good
Jakarta,2026-01-12 13:00:00,1.22,1.94,155.5,0.86,28.98,0.28,1,Good
Jakarta,2026-01-12 14:00:00,1.27,1.93,160.2,0.95,28.31,0.29,1,Good
Jakarta,2026-01-12 15:00:00,1.32,2.01,164.11,0.98,28.1,0.3,1,Good
Jakarta,2026-01-12 16:00:00,1.39,2.2,167.14,0.99,28.18,0.3,1,Good
Jakarta,2026-01-12 17:00:00,1.47,2.37,171.68,1.03,28.25,0.32,1,Good
Jakarta,2026-01-12 18:00:00,1.55,2.46,176.57,1.08,28.2,0.35,1,Good
Jakarta,2026-01-12 19:00:00,1.58,2.47,179.57,1.1,28.11,0.36,1,Good
Jakarta,2026-01-12 20:00:00,1.54,2.35,179.26,1.08,28.01,0.36,1,Good
Jakarta,2026-01-12 21:00:00,1.42,2.13,176.84,1.02,28.03,0.35,1,Good
Jakarta,2026-01-12 22:00:00,1.24,1.83,173.75,0.95,28.22,0.34,1,Good
Jakarta,2026-01-12 23:00:00,1.09,1.62,171.41,0.92,28.24,0.33,1,Good
Jakarta,2026-01-13 00:00:00,1.05,1.59,170.56,0.94,28.15,0.35,1,Good
Jakarta,2026-01-13 01:00:00,1.08,1.65,172.19,1.05,27.62,0.39,1,Good
Jakarta,2026-01-13 02:00:00,1.17,1.81,175.59,1.18,26.82,0.43,1,Good
Jakarta,2026-01-13 03:00:00,1.24,1.98,178.18,1.24,25.94,0.44,1,Good
Jakarta,2026-01-13 04:00:00,1.27,2.13,179.34,1.15,25.41,0.44,1,Good
Jakarta,2026-01-13 05:00:00,1.28,2.2,179.77,0.98,25.59,0.47,1,Good
Jakarta,2026-01-13 06:00:00,1.29,2.22,179.66,0.85,26.22,0.52,1,Good
Jakarta,2026-01-13 07:00:00,1.24,2.18,176.26,0.71,27.01,0.51,1,Good
Jakarta,2026-01-13 08:00:00,1.12,2.07,169.65,0.64,27.09,0.47,1,Good
Jakarta,2026-01-13 09:00:00,1.02,1.97,162.37,0.56,27.11,0.41,1,Good
Jakarta,2026-01-13 10:00:00,0.96,1.87,157.77,0.53,27.48,0.34,1,Good
Jakarta,2026-01-13 11:00:00,0.96,1.83,154.86,0.55,27.6,0.29,1,Good
Jakarta,2026-01-13 12:00:00,0.96,1.81,150.89,0.54,27.84,0.24,1,Good
Jakarta,2026-01-13 13:00:00,0.98,1.81,144.22,0.51,28.03,0.21,1,Good
Jakarta,2026-01-13 14:00:00,1.01,1.85,137.51,0.47,28.33,0.19,1,Good
Jakarta,2026-01-13 15:00:00,1.07,1.96,132.55,0.44,28.74,0.19,1,Good
Jakarta,2026-01-13 16:00:00,1.16,2.11,130.49,0.44,28.91,0.19,1,Good
Jakarta,2026-01-13 17:00:00,1.24,2.17,132.83,0.47,28.94,0.2,1,Good
Jakarta,2026-01-13 18:00:00,1.27,2.15,136.95,0.5,28.74,0.21,1,Good
Jakarta,2026-01-13 19:00:00,1.29,2.12,143.5,0.57,28.4,0.23,1,Good
Jakarta,2026-01-13 20:00:00,1.34,2.17,152.14,0.71,27.54,0.26,1,Good
Jakarta,2026-01-13 21:00:00,1.41,2.24,161.14,0.86,26.56,0.28,1,Good
Jakarta,2026-01-13 22:00:00,1.42,2.2,167.01,0.97,25.62,0.29,1,Good
Jakarta,2026-01-13 23:00:00,1.33,2.04,169.14,0.95,25.13,0.27,1,Good
Jakarta,2026-01-14 00:00:00,1.18,1.84,169.86,0.89,24.96,0.26,1,Good
Jakarta,2026-01-14 01:00:00,1.12,1.83,176.09,1.01,24.54,0.28,1,Good
Jakarta,2026-01-14 02:00:00,1.2,2.09,187.49,1.28,23.94,0.33,1,Good
Jakarta,2026-01-14 03:00:00,1.28,2.35,193.58,1.35,23.97,0.36,1,Good
Jakarta,2026-01-14 04:00:00,1.33,2.59,192.74,1.23,24.47,0.38,1,Good
Jakarta,2026-01-14 05:00:00,1.33,2.65,186.75,1.04,25.16,0.38,1,Good
Jakarta,2026-01-14 06:00:00,1.25,2.54,177.6,0.81,25.65,0.35,1,Good
Jakarta,2026-01-14 07:00:00,1.13,2.34,166.51,0.58,25.59,0.31,1,Good
Jakarta,2026-01-14 08:00:00,1.15,2.43,161.03,0.54,24.47,0.3,1,Good
Jakarta,2026-01-14 09:00:00,1.22,2.57,157.66,0.56,23.34,0.3,1,Good
Jakarta,2026-01-14 10:00:00,1.25,2.62,155.97,0.62,22.46,0.29,1,Good
Jakarta,2026-01-14 11:00:00,1.29,2.73,155.26,0.67,22.03,0.27,1,Good
Jakarta,2026-01-14 12:00:00,1.36,2.85,154.36,0.64,22.11,0.26,1,Good
Jakarta,2026-01-14 13:00:00,1.41,2.83,153.19,0.6,22.48,0.25,1,Good
Jakarta,2026-01-14 14:00:00,1.39,2.69,152.46,0.52,23.16,0.23,1,Good
Jakarta,2026-01-14 15:00:00,1.32,2.53,151.03,0.43,23.89,0.19,1,Good
Jakarta,2026-01-14 16:00:00,1.21,2.31,149.44,0.36,24.5,0.17,1,Good
Jakarta,2026-01-14 17:00:00,1.14,2.1,148.15,0.33,24.79,0.15,1,Good
Jakarta,2026-01-14 18:00:00,1.11,1.96,146.59,0.32,24.93,0.15,1,Good
Jakarta,2026-01-14 19:00:00,1.11,1.9,144.73,0.3,24.97,0.14,1,Good
Jakarta,2026-01-14 20:00:00,1.1,1.85,143.0,0.27,25.0,0.13,1,Good
Jakarta,2026-01-14 21:00:00,1.07,1.77,141.71,0.23,24.99,0.12,1,Good
Jakarta,2026-01-14 22:00:00,1.01,1.66,141.33,0.21,24.93,0.11,1,Good
Jakarta,2026-01-14 23:00:00,0.96,1.57,142.03,0.23,24.68,0.11,1,Good
Jakarta,2026-01-15 00:00:00,0.93,1.52,144.24,0.31,24.36,0.12,1,Good
Jakarta,2026-01-15 01:00:00,0.91,1.49,148.68,0.43,24.08,0.16,1,Good
Jakarta,2026-01-15 02:00:00,0.91,1.52,152.36,0.5,23.95,0.19,1,Good
Jakarta,2026-01-15 03:00:00,0.94,1.59,155.07,0.49,24.07,0.24,1,Good
Jakarta,2026-01-15 04:00:00,0.98,1.74,155.0,0.49,24.34,0.29,1,Good
Jakarta,2026-01-15 05:00:00,1.01,1.96,152.77,0.48,24.68,0.32,1,Good
Jakarta,2026-01-15 06:00:00,1.04,2.2,149.91,0.47,24.96,0.32,1,Good
Jakarta,2026-01-15 07:00:00,1.08,2.41,146.34,0.46,24.94,0.33,1,Good
Jakarta,2026-01-15 08:00:00,1.09,2.37,143.46,0.49,24.6,0.34,1,Good
Jakarta,2026-01-15 09:00:00,1.04,2.13,142.0,0.56,24.35,0.35,1,Good
Jakarta,2026-01-15 10:00:00,0.94,1.79,142.63,0.63,24.51,0.34,1,Good
Jakarta,2026-01-15 11:00:00,0.88,1.66,144.83,0.76,24.67,0.35,1,Good
Jakarta,2026-01-15 12:00:00,0.87,1.66,146.33,0.82,24.99,0.34,1,Good
Jakarta,2026-01-15 13:00:00,0.87,1.68,145.82,0.79,25.26,0.32,1,Good
Jakarta,2026-01-15 14:00:00,0.89,1.74,144.74,0.73,25.46,0.3,1,Good
Jakarta,2026-01-15 15:00:00,0.93,1.84,143.3,0.66,25.61,0.29,1,Good
Jakarta,2026-01-15 16:00:00,0.97,1.91,141.71,0.61,25.76,0.29,1,Good
Jakarta,2026-01-15 17:00:00,0.98,1.94,139.8,0.57,26.03,0.28,1,Good
Jakarta,2026-01-15 18:00:00,1.03,2.04,136.83,0.51,26.2,0.27,1,Good
Jakarta,2026-01-15 19:00:00,1.12,2.17,134.08,0.47,26.22,0.27,1,Good
Jakarta,2026-01-15 20:00:00,1.18,2.17,131.56,0.45,26.06,0.26,1,Good
Jakarta,2026-01-15 21:00:00,1.21,2.11,129.83,0.46,25.9,0.26,1,Good
Jakarta,2026-01-15 22:00:00,1.24,2.11,128.88,0.5,25.82,0.26,1,Good
Jakarta,2026-01-15 23:00:00,1.27,2.17,128.25,0.54,25.8,0.27,1,Good
Jakarta,2026-01-16 00:00:00,1.28,2.21,127.97,0.61,25.91,0.29,1,Good
Jakarta,2026-01-16 01:00:00,1.26,2.22,128.5,0.68,26.25,0.32,1,Good
Jakarta,2026-01-16 02:00:00,1.25,2.24,128.68,0.67,27.05,0.34,1,Good
Jakarta,2026-01-16 03:00:00,1.21,2.24,127.54,0.6,28.31,0.35,1,Good
Jakarta,2026-01-16 04:00:00,1.19,2.26,127.83,0.55,29.69,0.34,1,Good
Jakarta,2026-01-16 05:00:00,1.27,2.36,129.9,0.54,30.99,0.35,1,Good
Jakarta,2026-01-16 06:00:00,1.37,2.46,130.56,0.52,32.33,0.39,1,Good
Jakarta,2026-01-16 07:00:00,1.41,2.5,128.78,0.47,33.25,0.41,1,Good
Jakarta,2026-01-16 08:00:00,1.4,2.52,125.87,0.46,33.12,0.41,1,Good
Jakarta,2026-01-16 09:00:00,1.34,2.49,123.74,0.5,32.0,0.39,1,Good
Jakarta,2026-01-16 10:00:00,1.31,2.49,128.47,0.81,30.09,0.4,1,Good
Jakarta,2026-01-16 11:00:00,1.37,2.61,140.05,1.39,27.8,0.43,1,Good
Jakarta,2026-01-16 12:00:00,1.4,2.63,148.84,1.74,26.13,0.46,1,Good
Jakarta,2026-01-16 13:00:00,1.48,2.65,154.66,1.88,24.92,0.48,1,Good
Jakarta,2026-01-16 14:00:00,1.54,2.56,156.28,1.84,24.01,0.46,1,Good
Jakarta,2026-01-16 15:00:00,1.47,2.3,152.77,1.63,23.47,0.43,1,Good
Jakarta,2026-01-16 16:00:00,1.18,1.77,140.14,1.21,23.56,0.38,1,Good
Jakarta,2026-01-16 17:00:00,1.06,1.55,136.49,1.08,22.99,0.35,1,Good
Jakarta,2026-01-16 18:00:00,0.97,1.42,134.69,1.02,22.36,0.33,1,Good
Jakarta,2026-01-16 19:00:00,0.91,1.34,132.97,0.94,21.79,0.31,1,Good
Jakarta,2026-01-16 20:00:00,0.85,1.28,131.06,0.86,21.13,0.28,1,Good
Jakarta,2026-01-16 21:00:00,0.78,1.22,129.86,0.78,20.58,0.25,1,Good
Jakarta,2026-01-16 22:00:00,0.75,1.19,130.03,0.73,20.22,0.22,1,Good
Jakarta,2026-01-16 23:00:00,0.74,1.21,131.82,0.7,20.03,0.22,1,Good
Jakarta,2026-01-17 00:00:00,0.75,1.27,135.03,0.71,20.0,0.23,1,Good
Jakarta,2026-01-17 01:00:00,0.77,1.31,139.88,0.78,20.15,0.26,1,Good
Jakarta,2026-01-17 02:00:00,0.79,1.33,144.43,0.8,20.43,0.25,1,Good
Jakarta,2026-01-17 03:00:00,0.8,1.35,148.1,0.72,21.18,0.23,1,Good
Jakarta,2026-01-17 04:00:00,0.95,1.57,153.16,0.51,24.31,0.26,1,Good
Jakarta,2026-01-17 05:00:00,1.43,2.11,163.64,0.59,28.12,0.36,1,Good
Jakarta,2026-01-17 06:00:00,2.28,3.0,177.07,0.75,31.87,0.54,1,Good
Jakarta,2026-01-17 07:00:00,3.06,3.8,193.59,1.17,33.69,0.77,1,Good
Jakarta,2026-01-17 08:00:00,3.41,4.27,207.28,1.58,33.29,0.94,1,Good
Jakarta,2026-01-17 09:00:00,3.47,4.41,215.35,1.87,32.6,1.0,1,Good
Jakarta,2026-01-17 10:00:00,3.17,4.12,215.66,2.0,31.47,0.96,1,Good
Jakarta,2026-01-17 11:00:00,2.69,3.58,208.72,1.88,30.1,0.83,1,Good
Jakarta,2026-01-17 12:00:00,2.22,3.06,196.83,1.58,28.59,0.66,1,Good
Jakarta,2026-01-17 13:00:00,1.8,2.53,184.65,1.29,27.39,0.5,1,Good
Jakarta,2026-01-17 14:00:00,1.55,2.27,177.84,1.18,26.22,0.41,1,Good
Jakarta,2026-01-17 15:00:00,1.35,2.11,171.72,1.06,25.15,0.35,1,Good
Jakarta,2026-01-17 16:00:00,1.19,2.0,165.04,0.92,24.48,0.31,1,Good
Jakarta,2026-01-17 17:00:00,1.09,1.96,159.2,0.76,24.28,0.27,1,Good
Jakarta,2026-01-17 18:00:00,1.03,1.97,155.47,0.62,24.43,0.24,1,Good
Jakarta,2026-01-17 19:00:00,1.0,2.0,152.38,0.5,24.55,0.21,1,Good
Jakarta,2026-01-17 20:00:00,0.97,1.95,150.44,0.43,24.59,0.19,1,Good
Jakarta,2026-01-17 21:00:00,0.95,1.88,150.09,0.41,24.83,0.18,1,Good
Jakarta,2026-01-17 22:00:00,0.95,1.81,151.32,0.42,25.34,0.18,1,Good
Jakarta,2026-01-17 23:00:00,0.95,1.71,153.78,0.46,25.85,0.19,1,Good
Jakarta,2026-01-18 00:00:00,0.96,1.62,156.6,0.51,26.3,0.2,1,Good
Jakarta,2026-01-18 01:00:00,1.03,1.65,161.89,0.62,26.43,0.22,1,Good
Jakarta,2026-01-18 02:00:00,1.2,1.88,169.56,0.78,26.69,0.29,1,Good
Jakarta,2026-01-18 03:00:00,1.36,2.11,175.39,0.88,27.6,0.35,1,Good
Jakarta,2026-01-18 04:00:00,1.46,2.27,176.65,0.85,29.16,0.38,1,Good
Jakarta,2026-01-18 05:00:00,1.51,2.33,174.15,0.74,30.83,0.38,1,Good
Jakarta,2026-01-18 06:00:00,1.49,2.25,170.24,0.62,31.94,0.36,1,Good
Jakarta,2026-01-18 07:00:00,1.39,2.12,162.72,0.48,32.27,0.31,1,Good
Jakarta,2026-01-18 08:00:00,1.33,2.06,158.53,0.49,31.17,0.29,1,Good
Jakarta,2026-01-18 09:00:00,1.32,2.03,157.76,0.56,29.73,0.28,1,Good
Jakarta,2026-01-18 10:00:00,1.36,2.08,158.72,0.67,28.6,0.3,1,Good
Jakarta,2026-01-18 11:00:00,1.47,2.19,159.84,0.78,27.63,0.36,1,Good
Jakarta,2026-01-18 12:00:00,1.54,2.23,159.38,0.85,26.59,0.4,1,Good
Jakarta,2026-01-18 13:00:00,1.51,2.13,159.2,0.89,25.56,0.4,1,Good
Jakarta,2026-01-18 14:00:00,1.44,2.04,160.09,0.94,24.54,0.4,1,Good
Jakarta,2026-01-18 15:00:00,1.35,1.94,159.66,0.96,23.45,0.38,1,Good
Jakarta,2026-01-18 16:00:00,1.26,1.86,157.49,0.95,22.42,0.36,1,Good
Jakarta,2026-01-18 17:00:00,1.21,1.81,154.91,0.91,21.89,0.33,1,Good
Jakarta,2026-01-18 18:00:00,1.17,1.8,152.94,0.86,21.99,0.31,1,Good
Jakarta,2026-01-18 19:00:00,1.15,1.83,152.17,0.81,22.68,0.29,1,Good
Jakarta,2026-01-18 20:00:00,1.18,1.93,152.77,0.76,24.01,0.28,1,Good
Jakarta,2026-01-18 21:00:00,1.28,2.07,154.68,0.71,25.93,0.28,1,Good
Jakarta,2026-01-18 22:00:00,1.38,2.17,157.42,0.68,28.16,0.27,1,Good
Jakarta,2026-01-18 23:00:00,1.45,2.21,160.65,0.64,30.37,0.26,1,Good
Jakarta,2026-01-19 00:00:00,1.5,2.23,164.76,0.65,32.35,0.27,1,Good
Jakarta,2026-01-19 01:00:00,1.61,2.52,169.79,0.75,34.01,0.32,1,Good
Jakarta,2026-01-19 02:00:00,1.75,2.8,175.55,0.82,35.47,0.37,1,Good
Jakarta,2026-01-19 03:00:00,1.86,2.94,181.12,0.75,37.5,0.37,1,Good
Jakarta,2026-01-19 04:00:00,2.01,2.98,187.32,0.61,41.19,0.42,1,Good
Jakarta,2026-01-19 05:00:00,2.2,3.19,193.12,0.65,43.83,0.52,1,Good
Jakarta,2026-01-19 06:00:00,2.38,3.51,197.87,0.75,45.14,0.69,1,Good
Jakarta,2026-01-19 07:00:00,2.51,3.81,201.11,0.85,45.2,0.82,1,Good
Jakarta,2026-01-19 08:00:00,2.74,4.15,207.4,0.98,44.67,0.89,1,Good
Jakarta,2026-01-19 09:00:00,3.05,4.5,215.6,1.19,43.91,0.95,1,Good
Jakarta,2026-01-19 10:00:00,3.37,4.68,224.87,1.49,43.28,1.02,1,Good
Jakarta,2026-01-19 11:00:00,3.62,4.74,232.96,1.86,41.78,1.09,1,Good
Jakarta,2026-01-19 12:00:00,3.83,4.83,235.98,2.05,40.99,1.18,1,Good
Jakarta,2026-01-19 13:00:00,3.94,4.85,236.06,2.17,40.62,1.24,1,Good
Jakarta,2026-01-19 14:00:00,3.93,4.82,234.08,2.13,40.33,1.17,1,Good
Jakarta,2026-01-19 15:00:00,3.66,4.52,225.93,1.92,40.04,1.0,1,Good
Jakarta,2026-01-19 16:00:00,3.44,4.3,217.76,1.74,39.38,0.88,1,Good
Jakarta,2026-01-19 17:00:00,3.46,4.41,214.69,1.69,38.65,0.86,1,Good
Jakarta,2026-01-19 18:00:00,3.6,4.67,214.26,1.68,37.81,0.87,1,Good
Jakarta,2026-01-19 19:00:00,3.83,5.08,216.23,1.73,37.11,0.93,1,Good
Jakarta,2026-01-19 20:00:00,4.18,5.45,220.77,1.93,36.47,1.14,1,Good
Jakarta,2026-01-19 21:00:00,4.69,5.84,227.57,2.31,36.36,1.53,1,Good
Jakarta,2026-01-19 22:00:00,4.04,4.82,222.07,2.17,39.69,1.53,1,Good
Jakarta,2026-01-19 23:00:00,4.05,4.72,223.92,2.32,41.18,1.65,1,Good
Jakarta,2026-01-20 00:00:00,4.68,5.36,232.09,2.78,41.19,1.95,1,Good
Jakarta,2026-01-20 01:00:00,5.24,5.89,239.49,3.26,41.0,2.08,1,Good
Jakarta,2026-01-20 02:00:00,5.4,6.06,244.54,3.28,40.79,1.78,1,Good
Jakarta,2026-01-20 03:00:00,5.16,5.91,244.67,2.8,41.29,1.39,1,Good
Jakarta,2026-01-20 04:00:00,5.09,5.98,240.87,2.31,42.1,1.15,1,Good
Jakarta,2026-01-20 05:00:00,5.14,6.13,235.08,2.0,43.51,1.08,1,Good
Jakarta,2026-01-20 06:00:00,4.52,5.54,221.56,1.52,46.04,0.91,1,Good
Jakarta,2026-01-20 07:00:00,3.68,4.74,207.49,1.02,49.21,0.69,1,Good
Jakarta,2026-01-20 08:00:00,2.94,4.01,198.17,0.81,50.6,0.52,1,Good
Jakarta,2026-01-20 09:00:00,2.46,3.5,194.65,0.72,51.34,0.42,1,Good
Jakarta,2026-01-20 10:00:00,2.18,3.18,194.21,0.7,51.95,0.36,1,Good
Jakarta,2026-01-20 11:00:00,1.98,2.89,194.57,0.7,52.29,0.35,1,Good
Jakarta,2026-01-20 12:00:00,1.81,2.62,195.28,0.69,52.49,0.36,1,Good
Jakarta,2026-01-20 13:00:00,1.69,2.39,197.22,0.71,52.5,0.36,1,Good
Jakarta,2026-01-20 14:00:00,1.74,2.45,202.88,0.83,52.26,0.4,1,Good
Jakarta,2026-01-20 15:00:00,1.74,2.46,206.43,0.91,52.02,0.41,1,Good
Jakarta,2026-01-20 16:00:00,1.65,2.4,204.5,0.93,51.65,0.41,1,Good
Jakarta,2026-01-20 17:00:00,1.55,2.39,200.78,0.88,51.76,0.37,1,Good
Jakarta,2026-01-20 18:00:00,1.49,2.45,195.82,0.77,52.17,0.32,1,Good
Jakarta,2026-01-20 19:00:00,1.43,2.53,191.19,0.63,53.06,0.26,1,Good
Jakarta,2026-01-20 20:00:00,1.43,2.61,187.58,0.51,53.95,0.21,1,Good
Jakarta,2026-01-20 21:00:00,1.53,2.74,184.5,0.41,54.38,0.19,1,Good
Jakarta,2026-01-20 22:00:00,1.66,2.89,182.87,0.37,54.4,0.19,1,Good
Jakarta,2026-01-20 23:00:00,1.81,3.05,182.85,0.38,53.64,0.2,1,Good
Jakarta,2026-01-21 00:00:00,1.91,3.15,186.01,0.48,52.43,0.23,1,Good
Jakarta,2026-01-21 01:00:00,2.02,3.34,192.06,0.65,51.5,0.31,1,Good
Jakarta,2026-01-21 02:00:00,2.1,3.5,198.19,0.78,51.27,0.38,1,Good
Jakarta,2026-01-21 03:00:00,2.15,3.59,202.21,0.81,51.99,0.45,1,Good
Jakarta,2026-01-21 04:00:00,2.12,3.5,202.26,0.72,53.32,0.51,1,Good
Jakarta,2026-01-21 05:00:00,1.98,3.22,200.65,0.61,54.43,0.54,1,Good
Jakarta,2026-01-21 06:00:00,1.9,3.0,199.05,0.53,55.38,0.53,1,Good
Jakarta,2026-01-21 07:00:00,1.82,2.82,198.09,0.45,56.48,0.48,1,Good
Jakarta,2026-01-21 08:00:00,1.75,2.78,195.83,0.43,56.5,0.42,1,Good
Jakarta,2026-01-21 09:00:00,1.67,2.75,193.38,0.47,55.5,0.39,1,Good
Jakarta,2026-01-21 10:00:00,1.66,2.81,191.94,0.58,53.88,0.36,1,Good
Jakarta,2026-01-21 11:00:00,1.75,2.93,193.6,0.8,52.02,0.38,1,Good
Jakarta,2026-01-21 12:00:00,1.82,3.0,196.16,0.95,50.72,0.39,1,Good
Jakarta,2026-01-21 13:00:00,1.82,2.88,199.8,1.04,50.03,0.4,1,Good
Jakarta,2026-01-21 14:00:00,1.8,2.87,201.89,1.04,49.88,0.4,1,Good
Jakarta,2026-01-21 15:00:00,1.75,2.89,202.4,0.99,50.07,0.39,1,Good
Jakarta,2026-01-21 16:00:00,1.63,2.77,199.63,0.91,50.24,0.35,1,Good
Jakarta,2026-01-21 17:00:00,1.5,2.62,194.64,0.79,50.79,0.31,1,Good
Jakarta,2026-01-21 18:00:00,1.42,2.55,189.47,0.65,51.46,0.27,1,Good
Jakarta,2026-01-21 19:00:00,1.41,2.65,185.15,0.53,52.35,0.23,1,Good
Jakarta,2026-01-21 20:00:00,1.43,2.72,183.98,0.45,53.18,0.2,1,Good
Jakarta,2026-01-21 21:00:00,1.45,2.73,185.46,0.41,53.95,0.19,1,Good
Jakarta,2026-01-21 22:00:00,1.48,2.7,188.43,0.39,54.39,0.18,1,Good
Jakarta,2026-01-21 23:00:00,1.46,2.58,190.24,0.36,54.55,0.17,1,Good
Jakarta,2026-01-22 00:00:00,1.38,2.43,191.52,0.37,54.79,0.17,1,Good
Jakarta,2026-01-22 01:00:00,1.28,2.23,193.16,0.41,54.96,0.18,1,Good
Jakarta,2026-01-22 02:00:00,1.28,2.24,196.75,0.5,54.75,0.21,1,Good
Jakarta,2026-01-22 03:00:00,1.38,2.37,200.34,0.58,54.16,0.27,1,Good
Jakarta,2026-01-22 04:00:00,1.57,2.62,204.5,0.7,53.24,0.37,1,Good
Jakarta,2026-01-22 05:00:00,1.86,2.97,210.1,0.83,53.03,0.54,1,Good
Jakarta,2026-01-22 06:00:00,2.1,3.2,214.64,0.91,53.09,0.66,1,Good
Jakarta,2026-01-22 07:00:00,2.15,3.26,216.22,0.94,52.89,0.66,1,Good
Jakarta,2026-01-22 08:00:00,2.11,3.29,214.49,0.96,52.07,0.61,1,Good
Jakarta,2026-01-22 09:00:00,2.07,3.36,211.01,1.01,51.09,0.56,1,Good
Jakarta,2026-01-22 10:00:00,2.04,3.42,207.29,1.07,50.07,0.51,1,Good
Jakarta,2026-01-22 11:00:00,1.98,3.44,201.57,1.11,48.69,0.47,1,Good
Jakarta,2026-01-22 12:00:00,1.86,3.38,192.69,1.01,46.94,0.4,1,Good
Jakarta,2026-01-22 13:00:00,1.69,3.11,182.61,0.86,45.46,0.35,1,Good
Jakarta,2026-01-22 14:00:00,1.59,2.92,175.3,0.75,44.11,0.34,1,Good
Jakarta,2026-01-22 15:00:00,1.54,2.83,169.73,0.68,43.05,0.34,1,Good
Jakarta,2026-01-22 16:00:00,1.43,2.69,166.0,0.64,42.16,0.35,1,Good
Jakarta,2026-01-22 17:00:00,1.44,2.7,165.8,0.64,41.82,0.35,1,Good
Jakarta,2026-01-22 18:00:00,1.5,2.73,167.89,0.68,41.66,0.37,1,Good
Jakarta,2026-01-22 19:00:00,1.59,2.79,171.94,0.74,41.77,0.4,1,Good
Jakarta,2026-01-22 20:00:00,1.73,2.92,179.62,0.86,42.27,0.45,1,Good
Jakarta,2026-01-22 21:00:00,1.99,3.2,189.51,1.05,43.22,0.52,1,Good
Jakarta,2026-01-22 22:00:00,2.37,3.55,200.26,1.29,44.5,0.62,1,Good
Jakarta,2026-01-22 23:00:00,2.73,3.81,207.82,1.51,46.01,0.69,1,Good
Jakarta,2026-01-23 00:00:00,3.01,4.01,213.44,1.78,47.25,0.8,1,Good
Jakarta,2026-01-23 01:00:00,3.2,4.13,216.19,2.05,49.16,0.92,1,Good
Jakarta,2026-01-23 02:00:00,3.85,4.78,224.86,2.55,50.79,1.23,1,Good
Jakarta,2026-01-23 03:00:00,4.77,5.71,237.21,3.03,53.73,1.76,1,Good
Jakarta,2026-01-23 04:00:00,5.69,6.69,245.67,3.26,58.86,2.35,1,Good
Jakarta,2026-01-23 05:00:00,6.01,7.12,243.92,3.13,63.34,2.66,2,Fair
Jakarta,2026-01-23 06:00:00,5.82,6.96,238.13,2.72,66.53,2.5,2,Fair
Jakarta,2026-01-23 07:00:00,5.4,6.58,231.53,2.27,67.78,2.16,2,Fair
Jakarta,2026-01-23 08:00:00,4.87,6.07,226.2,1.99,67.01,1.85,2,Fair
Jakarta,2026-01-23 09:00:00,4.32,5.47,220.88,1.81,65.87,1.58,2,Fair
Jakarta,2026-01-23 10:00:00,3.83,4.88,215.7,1.73,64.31,1.39,2,Fair
Jakarta,2026-01-23 11:00:00,3.74,4.69,214.32,1.85,62.72,1.31,2,Fair
Jakarta,2026-01-23 12:00:00,3.7,4.56,215.06,1.97,61.27,1.28,2,Fair
Jakarta,2026-01-23 13:00:00,4.04,4.9,224.17,2.33,59.35,1.45,1,Good
Jakarta,2026-01-23 14:00:00,4.72,5.8,242.39,3.02,56.66,1.96,1,Good
Jakarta,2026-01-23 15:00:00,5.17,6.5,257.44,3.67,54.07,2.57,1,Good
Jakarta,2026-01-23 16:00:00,5.64,7.18,270.65,4.34,51.77,3.26,1,Good
Jakarta,2026-01-23 17:00:00,5.97,7.49,284.12,4.99,50.02,3.79,1,Good
Jakarta,2026-01-23 18:00:00,5.71,7.13,287.01,5.08,50.42,3.9,1,Good
Jakarta,2026-01-23 19:00:00,5.0,6.4,273.29,4.5,53.96,3.8,1,Good
Jakarta,2026-01-23 20:00:00,4.19,5.52,252.65,3.69,58.77,3.41,1,Good
Jakarta,2026-01-23 21:00:00,3.45,4.66,234.5,3.01,63.72,2.83,2,Fair
Jakarta,2026-01-23 22:00:00,2.77,3.96,219.7,2.37,69.49,2.26,2,Fair
Jakarta,2026-01-23 23:00:00,2.57,4.01,213.99,2.06,72.75,2.17,2,Fair
Jakarta,2026-01-24 00:00:00,2.7,4.56,214.6,2.11,73.98,2.31,2,Fair
Jakarta,2026-01-24 01:00:00,2.83,5.1,216.84,2.28,75.02,2.42,2,Fair
Jakarta,2026-01-24 02:00:00,2.97,5.27,219.48,2.31,76.62,2.44,2,Fair
Jakarta,2026-01-24 03:00:00,3.26,5.48,222.46,2.31,78.81,2.67,2,Fair
Jakarta,2026-01-24 04:00:00,3.7,5.87,223.76,2.22,80.66,3.07,2,Fair
Jakarta,2026-01-24 05:00:00,4.13,6.22,221.96,1.92,81.79,3.18,2,Fair
Jakarta,2026-01-24 06:00:00,4.45,6.33,217.55,1.47,83.59,2.84,2,Fair
Jakarta,2026-01-24 07:00:00,4.73,6.38,214.19,1.11,85.0,2.34,2,Fair
Jakarta,2026-01-24 08:00:00,4.71,6.16,211.68,1.02,83.48,2.02,2,Fair
Jakarta,2026-01-24 09:00:00,4.73,6.03,211.97,1.08,82.26,2.0,2,Fair
Jakarta,2026-01-24 10:00:00,5.05,6.38,217.76,1.4,81.01,2.29,2,Fair
Jakarta,2026-01-24 11:00:00,5.7,7.33,231.69,2.09,78.23,3.01,2,Fair
Jakarta,2026-01-24 12:00:00,5.79,7.68,245.12,2.91,73.2,3.72,2,Fair
Jakarta,2026-01-24 13:00:00,5.66,7.73,257.23,3.85,67.58,4.41,2,Fair
Jakarta,2026-01-24 14:00:00,5.5,7.78,268.54,4.42,63.99,4.86,2,Fair
Jakarta,2026-01-24 15:00:00,5.15,7.47,267.09,4.16,62.79,4.61,2,Fair
Jakarta,2026-01-24 16:00:00,4.32,6.33,250.48,3.23,62.91,3.63,2,Fair
Jakarta,2026-01-24 17:00:00,3.93,5.77,240.76,2.7,62.56,2.96,2,Fair
Jakarta,2026-01-24 18:00:00,3.79,5.45,232.97,2.35,62.13,2.46,2,Fair
Jakarta,2026-01-24 19:00:00,3.78,5.31,223.77,2.01,61.55,2.02,2,Fair
Jakarta,2026-01-24 20:00:00,4.01,5.46,219.3,1.88,60.83,1.84,2,Fair
Jakarta,2026-01-24 21:00:00,4.29,5.68,217.29,1.87,59.88,1.87,1,Good
Jakarta,2026-01-24 22:00:00,4.46,5.82,217.38,1.9,59.0,1.94,1,Good
Jakarta,2026-01-24 23:00:00,4.46,5.77,218.53,1.91,58.8,1.96,1,Good
Jakarta,2026-01-25 00:00:00,4.34,5.58,220.73,2.01,58.97,1.94,1,Good
Jakarta,2026-01-25 01:00:00,4.01,5.07,222.3,2.11,60.1,1.96,2,Fair
Jakarta,2026-01-25 02:00:00,3.88,4.8,224.28,2.02,63.0,1.95,2,Fair
Jakarta,2026-01-25 03:00:00,4.38,5.26,227.31,1.79,68.0,2.02,2,Fair
Jakarta,2026-01-25 04:00:00,5.95,6.96,232.9,1.55,73.81,2.22,2,Fair
Jakarta,2026-01-25 05:00:00,8.01,9.21,236.32,1.31,77.93,2.3,2,Fair
Jakarta,2026-01-25 06:00:00,8.54,9.83,232.9,1.09,78.67,2.06,2,Fair
Jakarta,2026-01-25 07:00:00,7.36,8.68,224.49,0.93,76.8,1.67,2,Fair
Jakarta,2026-01-25 08:00:00,5.74,7.06,212.65,0.81,73.76,1.35,2,Fair
Jakarta,2026-01-25 09:00:00,4.52,5.84,202.22,0.76,71.17,1.16,2,Fair
Jakarta,2026-01-25 10:00:00,3.6,4.9,194.71,0.77,69.08,1.02,2,Fair
Jakarta,2026-01-25 11:00:00,3.09,4.43,192.37,0.96,66.57,1.03,2,Fair
Jakarta,2026-01-25 12:00:00,2.97,4.43,192.66,1.11,64.59,1.11,2,Fair
Jakarta,2026-01-25 13:00:00,3.07,4.63,193.85,1.19,63.06,1.18,2,Fair
Jakarta,2026-01-25 14:00:00,3.19,4.87,195.77,1.22,62.14,1.23,2,Fair
Jakarta,2026-01-25 15:00:00,3.26,5.04,195.42,1.19,61.22,1.22,2,Fair
Jakarta,2026-01-25 16:00:00,3.31,5.18,194.13,1.14,60.12,1.2,2,Fair
Jakarta,2026-01-25 17:00:00,3.43,5.41,193.99,1.13,59.2,1.19,1,Good
Jakarta,2026-01-25 18:00:00,3.64,5.72,194.91,1.16,58.57,1.24,1,Good
Jakarta,2026-01-25 19:00:00,3.87,6.01,197.04,1.28,57.71,1.38,1,Good
Jakarta,2026-01-25 20:00:00,4.13,6.08,200.56,1.47,56.89,1.63,1,Good
Jakarta,2026-01-25 21:00:00,4.25,5.93,204.61,1.72,56.37,1.91,1,Good
Jakarta,2026-01-25 22:00:00,4.42,5.87,212.05,2.03,56.09,2.16,1,Good
Jakarta,2026-01-25 23:00:00,4.73,6.06,219.4,2.32,56.05,2.36,1,Good
Jakarta,2026-01-26 00:00:00,5.03,6.32,226.59,2.66,56.47,2.55,1,Good
Jakarta,2026-01-26 01:00:00,5.38,6.69,236.58,2.76,58.15,2.73,1,Good
Jakarta,2026-01-26 02:00:00,5.68,6.93,240.75,2.36,62.99,2.79,2,Fair
Jakarta,2026-01-26 03:00:00,6.81,8.06,245.97,1.88,70.6,2.9,2,Fair
Jakarta,2026-01-26 04:00:00,8.3,9.6,251.2,1.61,76.55,3.01,2,Fair
Jakarta,2026-01-26 05:00:00,8.8,10.06,247.53,1.23,78.31,2.73,2,Fair
Jakarta,2026-01-26 06:00:00,9.47,10.68,241.94,0.86,79.98,2.32,2,Fair
Jakarta,2026-01-26 07:00:00,10.63,11.85,237.54,0.7,81.56,1.92,2,Fair
Jakarta,2026-01-26 08:00:00,11.81,13.16,235.72,0.7,81.93,1.61,2,Fair
Jakarta,2026-01-26 09:00:00,11.73,13.25,231.12,0.7,79.23,1.3,2,Fair
Jakarta,2026-01-26 10:00:00,11.06,12.95,234.37,1.03,74.19,1.06,2,Fair
Jakarta,2026-01-26 11:00:00,10.24,12.65,244.79,1.64,67.31,0.96,2,Fair
Jakarta,2026-01-26 12:00:00,9.42,12.34,249.81,1.92,61.32,0.89,2,Fair
Jakarta,2026-01-26 13:00:00,8.93,12.35,252.58,2.04,56.93,0.84,1,Good
Jakarta,2026-01-26 14:00:00,8.9,12.71,257.49,2.04,53.49,0.78,1,Good
Jakarta,2026-01-26 15:00:00,9.04,13.08,261.01,1.94,51.28,0.83,1,Good
Jakarta,2026-01-26 16:00:00,7.26,10.5,214.75,0.99,54.31,0.96,1,Good
Jakarta,2026-01-26 17:00:00,6.48,9.46,204.7,0.89,54.34,1.12,1,Good
Jakarta,2026-01-26 18:00:00,6.51,9.3,204.63,0.99,54.18,1.43,1,Good
Jakarta,2026-01-26 19:00:00,6.9,9.49,206.79,1.14,53.67,1.77,1,Good
Jakarta,2026-01-26 20:00:00,7.27,9.54,210.67,1.34,53.38,2.04,1,Good
Jakarta,2026-01-26 21:00:00,7.56,9.51,216.48,1.57,53.04,2.26,1,Good
Jakarta,2026-01-26 22:00:00,7.77,9.48,226.23,1.86,52.58,2.42,1,Good
Jakarta,2026-01-26 23:00:00,7.85,9.37,233.26,2.13,51.9,2.63,1,Good
Jakarta,2026-01-27 00:00:00,7.68,9.07,238.89,2.43,51.46,2.8,1,Good
Jakarta,2026-01-27 01:00:00,7.35,8.63,247.64,2.85,51.15,2.85,1,Good
Jakarta,2026-01-27 02:00:00,6.58,7.68,247.54,2.86,52.44,2.78,1,Good
Jakarta,2026-01-27 03:00:00,6.08,7.11,248.66,2.66,55.8,2.8,1,Good
Jakarta,2026-01-27 04:00:00,6.37,7.46,252.37,2.35,62.37,3.07,2,Fair
Jakarta,2026-01-27 05:00:00,6.62,7.77,251.65,1.97,67.9,3.09,2,Fair
Jakarta,2026-01-27 06:00:00,6.35,7.54,245.0,1.56,71.02,2.78,2,Fair
Jakarta,2026-01-27 07:00:00,5.95,7.17,237.23,1.25,72.66,2.33,2,Fair
Jakarta,2026-01-27 08:00:00,5.68,6.99,232.35,1.16,71.56,1.96,2,Fair
Jakarta,2026-01-27 09:00:00,5.33,6.72,230.43,1.27,68.67,1.83,2,Fair
Jakarta,2026-01-27 10:00:00,4.88,6.41,229.6,1.51,65.55,1.86,2,Fair
Jakarta,2026-01-27 11:00:00,4.44,6.03,227.57,1.82,62.26,2.06,2,Fair
Jakarta,2026-01-27 12:00:00,4.2,5.77,223.97,2.09,59.7,2.36,1,Good
Jakarta,2026-01-27 13:00:00,4.02,5.57,219.49,2.28,57.78,2.54,1,Good
Jakarta,2026-01-27 14:00:00,4.36,6.18,222.37,2.61,55.6,2.7,1,Good
Jakarta,2026-01-27 15:00:00,4.99,7.2,224.9,2.92,53.52,2.82,1,Good
Jakarta,2026-01-27 16:00:00,5.44,7.97,223.67,3.11,51.31,2.82,1,Good
Jakarta,2026-01-27 17:00:00,5.52,8.11,219.56,3.14,49.75,2.79,1,Good
Jakarta,2026-01-27 18:00:00,5.31,7.8,215.78,3.02,48.57,2.69,1,Good
Jakarta,2026-01-27 19:00:00,4.89,6.91,211.46,2.8,47.61,2.51,1,Good
Jakarta,2026-01-27 20:00:00,4.64,6.15,209.05,2.67,46.71,2.39,1,Good
Jakarta,2026-01-27 21:00:00,4.49,5.64,208.21,2.6,46.2,2.28,1,Good
Jakarta,2026-01-27 22:00:00,5.22,6.27,218.0,3.2,44.91,2.73,1,Good
Jakarta,2026-01-27 23:00:00,6.69,7.86,235.81,4.24,42.73,3.58,1,Good
Jakarta,2026-01-28 00:00:00,7.51,8.8,249.25,4.91,41.45,3.98,1,Good
Jakarta,2026-01-29 01:00:00,5.5,6.78,245.6,6.42,47.32,3.93,1,Good
Jakarta,2026-01-29 02:00:00,5.62,6.99,250.37,6.34,48.01,4.11,1,Good
Jakarta,2026-01-29 03:00:00,6.02,7.42,250.05,5.82,51.36,4.33,1,Good
Jakarta,2026-01-29 04:00:00,6.66,7.89,249.62,5.84,54.54,4.59,1,Good
Jakarta,2026-01-29 05:00:00,6.93,8.07,248.56,5.56,55.45,4.39,1,Good
Jakarta,2026-01-29 06:00:00,6.52,7.62,240.8,4.49,57.71,3.56,1,Good
Jakarta,2026-01-29 07:00:00,5.63,6.76,227.67,3.09,59.58,2.48,1,Good
Jakarta,2026-01-29 08:00:00,4.96,6.11,218.52,2.38,57.95,1.86,1,Good
Jakarta,2026-01-29 09:00:00,4.65,5.82,213.42,2.26,54.4,1.66,1,Good
Jakarta,2026-01-29 10:00:00,4.03,5.0,203.87,2.18,51.29,1.46,1,Good
Jakarta,2026-01-29 11:00:00,3.28,4.13,191.87,2.01,47.54,1.23,1,Good
Jakarta,2026-01-29 12:00:00,2.73,3.51,181.1,1.78,44.42,1.04,1,Good
Jakarta,2026-01-29 13:00:00,3.06,3.92,191.71,2.14,42.06,1.12,1,Good
Jakarta,2026-01-29 14:00:00,4.03,5.07,217.21,2.83,39.97,1.22,1,Good
Jakarta,2026-01-29 15:00:00,4.45,5.55,229.37,3.02,38.73,1.12,1,Good
Jakarta,2026-01-29 16:00:00,4.43,5.47,226.82,2.84,37.97,0.97,1,Good
Jakarta,2026-01-29 17:00:00,4.45,5.37,221.12,2.6,37.91,0.9,1,Good
Jakarta,2026-01-29 18:00:00,4.68,5.53,213.48,2.4,38.0,0.95,1,Good
Jakarta,2026-01-29 19:00:00,4.94,5.84,202.4,2.17,38.05,1.09,1,Good
Jakarta,2026-01-29 20:00:00,5.73,6.71,200.95,2.31,37.61,1.41,1,Good
Jakarta,2026-01-29 21:00:00,6.83,7.82,208.69,2.79,36.91,1.84,1,Good
Jakarta,2026-01-29 22:00:00,7.65,8.67,219.63,3.23,36.97,2.14,1,Good
Jakarta,2026-01-29 23:00:00,7.93,8.97,231.92,3.57,37.53,2.25,1,Good
Jakarta,2026-01-30 00:00:00,7.7,8.71,242.08,3.84,38.92,2.28,1,Good
Jakarta,2026-01-30 01:00:00,8.45,9.59,261.59,4.77,39.59,2.7,1,Good
Jakarta,2026-01-30 02:00:00,9.83,11.2,293.41,5.91,39.91,3.26,1,Good
Jakarta,2026-01-30 03:00:00,10.57,12.08,316.59,5.88,45.26,3.45,2,Fair
Jakarta,2026-01-30 04:00:00,13.51,15.15,331.72,4.96,60.64,3.62,2,Fair
Jakarta,2026-01-30 05:00:00,19.25,21.08,333.7,4.11,76.4,4.07,2,Fair
Jakarta,2026-01-30 06:00:00,24.06,26.07,327.43,3.31,87.29,4.71,2,Fair
Jakarta,2026-01-30 07:00:00,23.44,25.48,303.11,2.71,90.15,5.0,2,Fair
Jakarta,2026-01-30 08:00:00,20.35,22.39,281.09,2.45,87.05,4.81,2,Fair
Jakarta,2026-01-30 09:00:00,17.58,19.62,266.62,2.5,82.09,4.49,2,Fair
Jakarta,2026-01-30 10:00:00,15.2,17.18,257.86,2.65,76.39,4.08,2,Fair
Jakarta,2026-01-30 11:00:00,13.05,15.01,249.21,2.6,70.4,3.6,2,Fair
Jakarta,2026-01-30 12:00:00,10.6,12.47,235.98,2.27,64.47,3.08,2,Fair
Jakarta,2026-01-30 13:00:00,8.08,9.73,217.54,1.93,58.85,2.61,1,Good
Jakarta,2026-01-30 14:00:00,6.65,8.15,207.18,1.82,53.6,2.22,1,Good
Jakarta,2026-01-30 15:00:00,5.85,7.21,198.71,1.72,49.66,1.96,1,Good
Jakarta,2026-01-30 16:00:00,5.29,6.38,190.07,1.61,46.53,1.72,1,Good
Jakarta,2026-01-30 17:00:00,5.01,5.95,184.63,1.49,44.57,1.48,1,Good
Jakarta,2026-01-30 18:00:00,4.98,5.9,180.32,1.37,43.33,1.32,1,Good
Jakarta,2026-01-30 19:00:00,5.07,6.02,178.09,1.32,42.1,1.21,1,Good
Jakarta,2026-01-30 20:00:00,5.55,6.53,179.35,1.38,41.03,1.19,1,Good
Jakarta,2026-01-30 21:00:00,6.22,7.18,183.69,1.51,40.15,1.25,1,Good
Jakarta,2026-01-30 22:00:00,6.86,7.77,189.82,1.71,39.39,1.32,1,Good
Jakarta,2026-01-30 23:00:00,7.14,8.0,195.82,1.88,38.67,1.33,1,Good
Jakarta,2026-01-31 00:00:00,6.93,7.73,200.33,2.02,37.95,1.29,1,Good
Jakarta,2026-01-31 01:00:00,8.58,9.58,220.39,2.45,37.27,1.64,1,Good
Jakarta,2026-01-31 02:00:00,12.12,13.52,258.5,3.15,38.72,2.22,2,Fair
Jakarta,2026-01-31 03:00:00,15.58,17.3,294.61,3.52,44.47,2.48,2,Fair
Jakarta,2026-01-31 04:00:00,18.84,20.68,319.4,3.55,54.74,2.48,2,Fair
Jakarta,2026-01-31 05:00:00,19.9,21.69,320.58,3.34,62.4,2.52,2,Fair
Jakarta,2026-01-31 06:00:00,18.75,20.46,306.98,3.03,65.82,2.68,2,Fair
Jakarta,2026-01-31 07:00:00,15.18,16.65,279.05,2.5,65.11,2.54,2,Fair
Jakarta,2026-01-31 08:00:00,12.56,13.86,262.61,2.2,62.15,2.19,2,Fair
Jakarta,2026-01-31 09:00:00,10.51,11.69,252.17,2.07,58.74,1.87,2,Fair
Jakarta,2026-01-31 10:00:00,8.63,9.83,243.9,2.13,54.52,1.64,1,Good
Jakarta,2026-01-31 11:00:00,6.94,8.26,235.69,2.34,49.22,1.5,1,Good
Jakarta,2026-01-31 12:00:00,5.69,7.06,227.13,2.31,44.34,1.35,1,Good
Jakarta,2026-01-31 13:00:00,4.9,6.15,217.51,2.13,41.18,1.14,1,Good
Jakarta,2026-01-31 14:00:00,4.15,5.25,203.72,1.84,38.76,0.88,1,Good
Jakarta,2026-01-31 15:00:00,3.28,4.27,185.46,1.49,36.03,0.65,1,Good
Jakarta,2026-01-31 16:00:00,2.48,3.36,166.43,1.2,32.86,0.49,1,Good
Jakarta,2026-01-31 17:00:00,2.01,2.78,154.54,1.05,30.18,0.39,1,Good
Jakarta,2026-01-31 18:00:00,1.71,2.34,146.2,0.97,28.11,0.33,1,Good
Jakarta,2026-01-31 19:00:00,1.47,1.95,140.84,0.93,26.34,0.3,1,Good
Jakarta,2026-01-31 20:00:00,1.4,1.84,140.39,1.0,24.78,0.29,1,Good
Jakarta,2026-01-31 21:00:00,1.37,1.8,142.32,1.09,23.64,0.28,1,Good
Jakarta,2026-01-31 22:00:00,1.37,1.8,144.33,1.17,22.83,0.29,1,Good
Jakarta,2026-01-31 23:00:00,1.3,1.77,144.53,1.19,22.32,0.31,1,Good
Jakarta,2026-02-01 00:00:00,1.2,1.7,144.39,1.21,22.12,0.33,1,Good
Jakarta,2026-02-01 01:00:00,1.13,1.65,146.7,1.21,22.42,0.36,1,Good
Jakarta,2026-02-01 02:00:00,1.14,1.73,151.29,1.2,23.14,0.4,1,Good
Jakarta,2026-02-01 03:00:00,1.24,1.91,156.42,1.14,24.58,0.42,1,Good
Jakarta,2026-02-01 04:00:00,1.48,2.27,162.5,0.99,27.39,0.43,1,Good
Jakarta,2026-02-01 05:00:00,1.83,2.69,167.3,0.91,30.57,0.48,1,Good
Jakarta,2026-02-01 06:00:00,2.16,2.99,171.03,0.87,33.21,0.55,1,Good
Jakarta,2026-02-01 07:00:00,2.3,3.1,174.29,0.84,34.93,0.56,1,Good
Jakarta,2026-02-01 08:00:00,2.33,3.09,176.64,0.87,35.4,0.57,1,Good
Jakarta,2026-02-01 09:00:00,2.18,2.88,176.34,0.9,35.22,0.55,1,Good
Jakarta,2026-02-01 10:00:00,1.88,2.58,173.79,0.93,34.49,0.52,1,Good
Jakarta,2026-02-01 11:00:00,1.53,2.29,169.86,0.92,33.57,0.49,1,Good
Jakarta,2026-02-01 12:00:00,1.27,2.12,165.67,0.85,32.85,0.46,1,Good
Jakarta,2026-02-01 13:00:00,1.09,1.92,161.4,0.77,32.48,0.4,1,Good
Jakarta,2026-02-01 14:00:00,1.02,1.86,159.85,0.75,32.2,0.37,1,Good
Jakarta,2026-02-01 15:00:00,1.04,1.89,160.51,0.78,31.88,0.37,1,Good
Jakarta,2026-02-01 16:00:00,1.41,2.41,174.33,1.13,30.35,0.44,1,Good
Jakarta,2026-02-01 17:00:00,2.1,3.22,199.04,1.7,28.21,0.51,1,Good
Jakarta,2026-02-01 18:00:00,2.77,3.93,219.97,2.14,26.36,0.55,1,Good
Jakarta,2026-02-01 19:00:00,3.23,4.34,231.6,2.34,25.09,0.55,1,Good
Jakarta,2026-02-01 20:00:00,3.22,4.22,228.6,2.23,24.76,0.5,1,Good
Jakarta,2026-02-01 21:00:00,2.66,3.49,211.58,1.88,25.71,0.47,1,Good
Jakarta,2026-02-01 22:00:00,1.42,1.93,173.25,1.13,28.95,0.41,1,Good
Jakarta,2026-02-01 23:00:00,1.23,1.7,167.45,0.99,29.35,0.42,1,Good
Jakarta,2026-02-02 00:00:00,1.29,1.79,169.6,1.01,29.42,0.46,1,Good
Jakarta,2026-02-02 01:00:00,1.69,2.36,180.61,1.15,29.24,0.58,1,Good
Jakarta,2026-02-02 02:00:00,2.63,3.61,203.81,1.42,30.29,0.77,1,Good
Jakarta,2026-02-02 03:00:00,4.32,5.65,228.93,1.54,34.74,0.92,1,Good
Jakarta,2026-02-02 04:00:00,7.96,9.56,251.64,1.37,44.8,1.11,1,Good
Jakarta,2026-02-02 05:00:00,12.3,14.02,268.59,1.31,53.63,1.41,2,Fair
Jakarta,2026-02-02 06:00:00,15.7,17.49,285.5,1.36,59.44,1.73,2,Fair
Jakarta,2026-02-02 07:00:00,16.87,18.81,294.27,1.51,62.15,2.02,2,Fair
Jakarta,2026-02-02 08:00:00,16.21,18.24,290.55,1.74,62.26,2.23,2,Fair
Jakarta,2026-02-02 09:00:00,14.64,16.57,277.88,1.93,61.58,2.35,2,Fair
Jakarta,2026-02-02 10:00:00,12.18,13.55,257.67,1.98,60.25,2.25,2,Fair
Jakarta,2026-02-02 11:00:00,10.05,11.17,248.26,2.08,57.15,1.99,2,Fair
Jakarta,2026-02-02 12:00:00,8.45,9.54,243.23,2.17,53.97,1.86,1,Good
Jakarta,2026-02-02 13:00:00,7.55,8.66,242.45,2.3,51.58,1.84,1,Good
Jakarta,2026-02-02 14:00:00,7.29,8.43,245.57,2.38,50.55,1.79,1,Good
Jakarta,2026-02-02 15:00:00,7.18,8.3,247.82,2.34,49.63,1.64,1,Good
Jakarta,2026-02-02 16:00:00,7.07,8.26,249.06,2.24,48.11,1.51,1,Good
Jakarta,2026-02-02 17:00:00,6.98,8.24,248.56,2.11,46.45,1.41,1,Good
Jakarta,2026-02-02 18:00:00,6.84,8.09,246.3,1.97,44.64,1.28,1,Good
Jakarta,2026-02-02 19:00:00,6.48,7.65,239.42,1.89,42.0,1.17,1,Good
Jakarta,2026-02-02 20:00:00,6.51,7.62,236.94,2.04,39.08,1.26,1,Good
Jakarta,2026-02-02 21:00:00,6.96,8.05,240.11,2.35,36.58,1.54,1,Good
Jakarta,2026-02-02 22:00:00,7.25,8.32,243.24,2.63,35.03,1.89,1,Good
Jakarta,2026-02-02 23:00:00,6.93,7.98,240.49,2.73,34.07,2.09,1,Good
Jakarta,2026-02-03 00:00:00,6.2,7.2,234.4,2.72,33.94,2.08,1,Good
Jakarta,2026-02-03 01:00:00,4.24,4.97,209.0,2.01,37.64,1.53,1,Good
Jakarta,2026-02-03 02:00:00,3.59,4.21,199.55,1.63,40.3,1.28,1,Good
Jakarta,2026-02-03 03:00:00,3.79,4.43,199.44,1.44,42.96,1.26,1,Good
Jakarta,2026-02-03 04:00:00,5.29,6.16,211.36,1.53,45.93,1.52,1,Good
Jakarta,2026-02-03 05:00:00,8.12,9.31,231.57,1.73,49.89,1.94,1,Good
Jakarta,2026-02-03 06:00:00,10.54,11.84,241.88,1.64,53.91,2.11,2,Fair
Jakarta,2026-02-03 07:00:00,11.26,12.55,241.31,1.52,55.93,1.95,2,Fair
Jakarta,2026-02-03 08:00:00,9.8,11.04,233.43,1.49,53.71,1.63,1,Good
Jakarta,2026-02-03 09:00:00,8.01,9.19,224.85,1.52,50.33,1.34,1,Good
Jakarta,2026-02-03 10:00:00,6.39,7.38,217.86,1.63,46.42,1.09,1,Good
Jakarta,2026-02-03 11:00:00,5.15,5.96,211.93,1.63,42.36,0.88,1,Good
Jakarta,2026-02-03 12:00:00,4.39,5.13,207.21,1.57,38.84,0.75,1,Good
Jakarta,2026-02-03 13:00:00,4.01,4.71,203.19,1.5,35.82,0.67,1,Good
Jakarta,2026-02-03 14:00:00,3.66,4.3,196.68,1.38,33.39,0.57,1,Good
Jakarta,2026-02-03 15:00:00,3.24,3.8,187.77,1.21,31.35,0.49,1,Good
Jakarta,2026-02-03 16:00:00,2.83,3.32,178.95,1.07,29.39,0.43,1,Good
Jakarta,2026-02-03 17:00:00,2.71,3.18,177.46,1.06,27.67,0.39,1,Good
Jakarta,2026-02-03 18:00:00,2.67,3.12,175.7,1.08,25.93,0.37,1,Good
Jakarta,2026-02-03 19:00:00,2.51,2.92,169.82,1.07,23.95,0.36,1,Good
Jakarta,2026-02-03 20:00:00,2.29,2.65,161.59,1.05,22.14,0.35,1,Good
Jakarta,2026-02-03 21:00:00,2.13,2.46,155.2,1.05,20.81,0.35,1,Good
Jakarta,2026-02-03 22:00:00,2.0,2.32,150.19,1.05,19.9,0.34,1,Good
Jakarta,2026-02-03 23:00:00,1.79,2.13,144.54,1.04,18.99,0.32,1,Good
Jakarta,2026-02-04 00:00:00,1.55,1.92,138.08,1.0,18.16,0.31,1,Good
Jakarta,2026-02-04 01:00:00,1.35,1.76,133.65,0.9,17.85,0.3,1,Good
Jakarta,2026-02-04 02:00:00,1.22,1.65,130.52,0.84,18.0,0.29,1,Good
Jakarta,2026-02-04 03:00:00,0.0,0.0,126.67,0.78,18.48,0.28,1,Good
Jakarta,2026-02-04 04:00:00,0.91,1.33,122.52,0.68,19.18,0.26,1,Good
Jakarta,2026-02-04 05:00:00,0.78,1.23,120.55,0.59,20.36,0.24,1,Good
Jakarta,2026-02-04 06:00:00,0.7,1.2,120.44,0.52,21.44,0.24,1,Good
Jakarta,2026-02-04 07:00:00,0.62,1.23,120.34,0.48,21.92,0.26,1,Good
Jakarta,2026-02-04 08:00:00,0.59,1.27,121.84,0.51,21.48,0.29,1,Good
Jakarta,2026-02-04 09:00:00,0.6,1.33,125.18,0.59,20.92,0.34,1,Good
Jakarta,2026-02-04 10:00:00,0.0,0.0,130.15,0.66,20.92,0.36,1,Good
Jakarta,2026-02-04 11:00:00,0.57,1.18,136.48,0.74,21.2,0.37,1,Good
Jakarta,2026-02-04 12:00:00,0.63,1.28,144.14,0.82,21.61,0.41,1,Good
Jakarta,2026-02-04 13:00:00,0.77,1.49,152.27,0.95,21.9,0.47,1,Good
Jakarta,2026-02-04 14:00:00,0.98,1.78,161.33,1.13,21.93,0.54,1,Good
Jakarta,2026-02-04 15:00:00,1.16,1.99,169.19,1.27,21.97,0.57,1,Good
Jakarta,2026-02-04 16:00:00,1.27,2.06,174.68,1.35,21.84,0.56,1,Good
Jakarta,2026-02-04 17:00:00,1.31,2.04,176.74,1.35,21.84,0.52,1,Good
Jakarta,2026-02-04 18:00:00,1.28,1.94,175.96,1.27,21.83,0.49,1,Good
Jakarta,2026-02-04 19:00:00,1.23,1.83,173.99,1.15,21.77,0.48,1,Good
Jakarta,2026-02-04 20:00:00,1.23,1.88,173.31,1.08,21.62,0.51,1,Good
Jakarta,2026-02-04 21:00:00,1.23,1.9,173.86,1.04,21.43,0.51,1,Good
Jakarta,2026-02-04 22:00:00,1.2,1.83,175.55,1.01,21.44,0.47,1,Good
Jakarta,2026-02-04 23:00:00,1.17,1.78,177.5,0.99,21.52,0.42,1,Good
Jakarta,2026-02-05 00:00:00,1.16,1.85,181.03,0.98,21.74,0.43,1,Good
Jakarta,2026-02-05 01:00:00,1.17,1.94,184.75,0.9,22.46,0.48,1,Good
Jakarta,2026-02-05 02:00:00,1.15,1.97,187.07,0.72,24.34,0.48,1,Good
Jakarta,2026-02-05 03:00:00,1.06,1.88,187.09,0.51,27.35,0.44,1,Good
Jakarta,2026-02-05 04:00:00,1.0,1.89,187.06,0.36,29.86,0.38,1,Good
Jakarta,2026-02-05 05:00:00,1.07,2.11,189.08,0.31,31.31,0.37,1,Good
Jakarta,2026-02-05 06:00:00,1.11,2.22,190.05,0.29,31.76,0.38,1,Good
Jakarta,2026-02-05 07:00:00,1.07,2.26,190.73,0.28,31.27,0.38,1,Good
Jakarta,2026-02-05 08:00:00,0.98,2.26,191.48,0.29,29.97,0.34,1,Good
Jakarta,2026-02-05 09:00:00,0.89,2.16,191.87,0.32,28.43,0.28,1,Good
Jakarta,2026-02-05 10:00:00,0.79,1.92,192.61,0.37,26.75,0.22,1,Good
Jakarta,2026-02-05 11:00:00,0.8,1.98,192.43,0.4,25.37,0.19,1,Good
Jakarta,2026-02-05 12:00:00,0.86,2.09,192.09,0.4,24.44,0.18,1,Good
Jakarta,2026-02-05 13:00:00,0.9,2.02,192.75,0.42,23.95,0.18,1,Good
Jakarta,2026-02-05 14:00:00,0.89,1.84,193.71,0.42,23.69,0.17,1,Good
Jakarta,2026-02-05 15:00:00,0.88,1.71,193.61,0.42,23.53,0.17,1,Good
Jakarta,2026-02-05 16:00:00,0.88,1.59,192.54,0.43,23.12,0.17,1,Good
Jakarta,2026-02-05 17:00:00,0.89,1.53,191.73,0.46,22.69,0.18,1,Good
Jakarta,2026-02-05 18:00:00,0.91,1.49,190.74,0.5,22.24,0.19,1,Good
Jakarta,2026-02-05 19:00:00,0.95,1.53,188.05,0.54,21.65,0.21,1,Good
Jakarta,2026-02-05 20:00:00,0.99,1.57,185.08,0.6,20.93,0.22,1,Good
Jakarta,2026-02-05 21:00:00,1.0,1.57,180.53,0.64,20.22,0.23,1,Good
Jakarta,2026-02-05 22:00:00,1.0,1.58,176.33,0.66,19.71,0.23,1,Good
Jakarta,2026-02-05 23:00:00,1.04,1.63,173.91,0.74,19.13,0.25,1,Good
Jakarta,2026-02-06 00:00:00,1.11,1.74,173.79,0.9,18.6,0.32,1,Good
Jakarta,2026-02-06 01:00:00,1.15,1.78,175.37,0.99,18.56,0.4,1,Good
Jakarta,2026-02-06 02:00:00,1.17,1.83,175.81,0.99,19.18,0.43,1,Good
Jakarta,2026-02-06 03:00:00,1.15,1.83,173.06,0.89,20.57,0.41,1,Good
Jakarta,2026-02-06 04:00:00,1.08,1.78,167.19,0.74,21.93,0.35,1,Good
Jakarta,2026-02-06 05:00:00,1.02,1.73,162.46,0.61,22.84,0.3,1,Good
Jakarta,2026-02-06 06:00:00,0.99,1.73,159.68,0.54,23.47,0.29,1,Good
Jakarta,2026-02-06 07:00:00,0.96,1.8,157.9,0.6,23.23,0.31,1,Good
Jakarta,2026-02-06 08:00:00,0.94,1.91,156.78,0.63,22.5,0.32,1,Good
Jakarta,2026-02-06 09:00:00,0.94,2.0,156.71,0.66,21.92,0.33,1,Good
Jakarta,2026-02-06 10:00:00,0.89,1.9,158.14,0.69,21.5,0.31,1,Good
Jakarta,2026-02-06 11:00:00,0.79,1.72,158.6,0.68,21.28,0.29,1,Good
Jakarta,2026-02-06 12:00:00,0.73,1.64,158.19,0.62,21.31,0.28,1,Good
Jakarta,2026-02-06 13:00:00,0.74,1.69,157.91,0.57,21.59,0.27,1,Good
Jakarta,2026-02-06 14:00:00,0.87,1.94,159.87,0.62,21.73,0.31,1,Good
Jakarta,2026-02-06 15:00:00,1.04,2.22,161.83,0.69,21.77,0.36,1,Good
Jakarta,2026-02-06 16:00:00,1.16,2.29,162.68,0.76,21.64,0.41,1,Good
Jakarta,2026-02-06 17:00:00,1.17,2.1,162.94,0.82,21.56,0.41,1,Good
Jakarta,2026-02-06 18:00:00,1.08,1.82,161.97,0.85,21.46,0.38,1,Good
Jakarta,2026-02-06 19:00:00,0.92,1.52,158.51,0.8,21.48,0.33,1,Good
Jakarta,2026-02-06 20:00:00,0.78,1.33,154.66,0.72,21.55,0.29,1,Good
Jakarta,2026-02-06 21:00:00,0.7,1.27,151.35,0.65,21.5,0.26,1,Good
Jakarta,2026-02-06 22:00:00,0.68,1.25,149.09,0.59,21.26,0.24,1,Good
Jakarta,2026-02-06 23:00:00,0.67,1.23,148.08,0.57,20.9,0.23,1,Good
Jakarta,2026-02-07 00:00:00,0.68,1.24,149.0,0.6,20.42,0.24,1,Good
Jakarta,2026-02-07 01:00:00,0.75,1.33,152.4,0.7,19.89,0.27,1,Good
Jakarta,2026-02-07 02:00:00,0.84,1.46,155.26,0.79,19.44,0.31,1,Good
Jakarta,2026-02-07 03:00:00,0.93,1.57,156.53,0.82,19.25,0.33,1,Good
Jakarta,2026-02-07 04:00:00,1.0,1.61,158.28,0.83,19.23,0.34,1,Good
Jakarta,2026-02-07 05:00:00,1.05,1.71,159.44,0.82,19.72,0.35,1,Good
Jakarta,2026-02-07 06:00:00,1.05,1.77,157.43,0.73,20.75,0.37,1,Good
Jakarta,2026-02-07 07:00:00,1.02,1.83,152.41,0.58,22.05,0.34,1,Good
Jakarta,2026-02-07 08:00:00,0.96,1.81,146.44,0.51,22.15,0.29,1,Good
Jakarta,2026-02-07 09:00:00,0.92,1.75,141.1,0.46,21.56,0.25,1,Good
Jakarta,2026-02-07 10:00:00,0.88,1.69,135.9,0.4,21.02,0.2,1,Good
Jakarta,2026-02-07 11:00:00,0.87,1.74,135.23,0.42,20.46,0.19,1,Good
Jakarta,2026-02-07 12:00:00,0.91,1.86,136.41,0.47,20.09,0.19,1,Good
Jakarta,2026-02-07 13:00:00,0.9,1.76,137.83,0.5,19.92,0.2,1,Good
Jakarta,2026-02-07 14:00:00,0.85,1.59,139.06,0.48,20.09,0.19,1,Good
Jakarta,2026-02-07 15:00:00,0.83,1.5,139.31,0.42,20.42,0.18,1,Good
Jakarta,2026-02-07 16:00:00,0.84,1.5,139.21,0.39,20.52,0.17,1,Good
Jakarta,2026-02-07 17:00:00,0.94,1.66,140.42,0.41,20.31,0.18,1,Good
Jakarta,2026-02-07 18:00:00,1.03,1.83,141.11,0.44,19.89,0.2,1,Good
Jakarta,2026-02-07 19:00:00,1.05,1.9,141.42,0.47,19.57,0.21,1,Good
Jakarta,2026-02-07 20:00:00,1.0,1.81,142.14,0.49,19.39,0.22,1,Good
Jakarta,2026-02-07 21:00:00,0.91,1.63,143.04,0.53,19.41,0.23,1,Good
Jakarta,2026-02-07 22:00:00,0.85,1.51,145.16,0.57,19.72,0.24,1,Good
Jakarta,2026-02-07 23:00:00,0.82,1.47,147.43,0.59,20.22,0.26,1,Good
Jakarta,2026-02-08 00:00:00,0.83,1.51,150.67,0.61,20.7,0.27,1,Good
Jakarta,2026-02-08 01:00:00,0.83,1.47,155.13,0.66,20.91,0.28,1,Good
Jakarta,2026-02-08 02:00:00,0.84,1.46,160.79,0.73,21.01,0.3,1,Good
Jakarta,2026-02-08 03:00:00,0.9,1.52,165.74,0.8,21.5,0.34,1,Good
Jakarta,2026-02-08 04:00:00,1.03,1.69,169.36,0.81,23.1,0.4,1,Good
Jakarta,2026-02-08 05:00:00,1.16,1.82,169.34,0.72,25.77,0.43,1,Good
Jakarta,2026-02-08 06:00:00,1.28,1.9,167.73,0.63,28.15,0.45,1,Good
Jakarta,2026-02-08 07:00:00,1.12,1.76,159.97,0.46,28.01,0.37,1,Good
Jakarta,2026-02-08 08:00:00,0.98,1.75,153.79,0.4,26.67,0.34,1,Good
Jakarta,2026-02-08 09:00:00,0.95,1.89,150.95,0.41,25.74,0.34,1,Good
Jakarta,2026-02-08 10:00:00,0.94,2.06,148.85,0.43,24.88,0.33,1,Good
Jakarta,2026-02-08 11:00:00,0.95,2.22,148.36,0.48,24.07,0.32,1,Good
Jakarta,2026-02-08 12:00:00,0.95,2.27,148.3,0.5,23.36,0.32,1,Good
Jakarta,2026-02-08 13:00:00,0.97,2.31,149.75,0.53,22.85,0.32,1,Good
Jakarta,2026-02-08 14:00:00,1.04,2.52,152.29,0.59,22.48,0.35,1,Good
Jakarta,2026-02-08 15:00:00,1.14,2.85,154.83,0.65,22.14,0.39,1,Good
Jakarta,2026-02-08 16:00:00,1.26,3.03,156.99,0.72,21.86,0.44,1,Good
Jakarta,2026-02-08 17:00:00,1.34,2.99,158.16,0.77,21.77,0.47,1,Good
Jakarta,2026-02-08 18:00:00,1.38,2.84,157.92,0.76,21.79,0.44,1,Good
Jakarta,2026-02-08 19:00:00,1.39,2.7,155.96,0.71,21.87,0.4,1,Good
Jakarta,2026-02-08 20:00:00,1.42,2.67,153.25,0.67,21.95,0.4,1,Good
Jakarta,2026-02-08 21:00:00,1.48,2.61,150.72,0.69,21.92,0.48,1,Good
Jakarta,2026-02-08 22:00:00,1.93,2.96,153.38,0.96,21.32,0.77,1,Good
Jakarta,2026-02-08 23:00:00,2.94,3.96,162.12,1.66,19.8,1.3,1,Good
Jakarta,2026-02-09 00:00:00,4.17,5.18,174.2,2.62,17.97,1.88,1,Good
Jakarta,2026-02-09 01:00:00,5.7,6.75,191.46,3.4,17.24,2.59,1,Good
Jakarta,2026-02-09 02:00:00,6.94,8.05,213.17,4.04,19.22,3.11,1,Good
Jakarta,2026-02-09 03:00:00,7.26,8.37,232.04,4.17,25.63,3.18,1,Good
Jakarta,2026-02-09 04:00:00,6.57,7.61,241.13,3.38,35.05,2.73,1,Good
Jakarta,2026-02-09 05:00:00,6.75,7.9,251.83,2.91,41.16,2.62,1,Good
Jakarta,2026-02-09 06:00:00,7.71,9.0,259.35,2.48,47.51,2.75,1,Good
Jakarta,2026-02-09 07:00:00,9.38,10.71,259.48,1.84,56.46,2.78,1,Good
Jakarta,2026-02-09 08:00:00,9.42,10.62,246.13,1.52,59.04,2.56,1,Good
Jakarta,2026-02-09 09:00:00,7.75,8.75,228.25,1.35,56.06,2.14,1,Good
Jakarta,2026-02-09 10:00:00,6.34,7.38,222.14,1.54,51.57,1.73,1,Good
Jakarta,2026-02-09 11:00:00,5.88,7.28,233.77,2.18,46.23,1.56,1,Good
Jakarta,2026-02-09 12:00:00,5.39,7.17,241.73,2.5,40.4,1.43,1,Good
Jakarta,2026-02-09 13:00:00,5.18,7.31,247.63,2.65,35.66,1.34,1,Good
Jakarta,2026-02-09 14:00:00,5.25,7.6,253.04,2.69,32.16,1.25,1,Good
Jakarta,2026-02-09 15:00:00,5.28,7.63,246.89,2.46,30.49,1.21,1,Good
Jakarta,2026-02-09 16:00:00,3.71,5.11,194.81,1.35,31.05,0.93,1,Good
Jakarta,2026-02-09 17:00:00,3.29,4.41,182.93,1.13,29.59,0.75,1,Good
Jakarta,2026-02-09 18:00:00,3.53,4.6,183.07,1.18,28.82,0.73,1,Good
Jakarta,2026-02-09 19:00:00,4.34,5.37,188.17,1.41,28.29,0.89,1,Good
Jakarta,2026-02-09 20:00:00,5.65,6.73,201.24,1.82,27.6,1.13,1,Good
Jakarta,2026-02-09 21:00:00,6.68,7.78,210.9,2.12,26.69,1.32,1,Good
Jakarta,2026-02-09 22:00:00,7.36,8.42,215.66,2.34,25.64,1.48,1,Good
Jakarta,2026-02-09 23:00:00,7.7,8.68,216.47,2.5,24.65,1.6,1,Good
Jakarta,2026-02-10 00:00:00,7.77,8.71,214.9,2.66,23.58,1.66,1,Good
Jakarta,2026-02-10 01:00:00,8.06,8.99,217.09,2.91,22.74,1.72,1,Good
Jakarta,2026-02-10 02:00:00,8.26,9.14,221.73,2.98,22.8,1.69,1,Good
Jakarta,2026-02-10 03:00:00,8.0,8.8,221.61,2.64,24.64,1.52,1,Good
Jakarta,2026-02-10 04:00:00,7.83,8.67,218.39,2.08,29.58,1.37,1,Good
Jakarta,2026-02-10 05:00:00,8.31,9.28,216.85,1.67,35.59,1.31,1,Good
Jakarta,2026-02-10 06:00:00,8.81,9.86,213.21,1.23,40.76,1.2,1,Good
Jakarta,2026-02-10 07:00:00,9.22,10.27,202.48,0.75,46.01,1.06,1,Good
Jakarta,2026-02-10 08:00:00,7.84,8.83,186.37,0.65,45.17,0.9,1,Good
Jakarta,2026-02-10 09:00:00,5.78,6.73,171.78,0.67,40.76,0.77,1,Good
Jakarta,2026-02-10 10:00:00,3.52,4.33,157.35,0.79,34.17,0.65,1,Good
Jakarta,2026-02-10 11:00:00,2.44,3.21,151.37,0.9,29.43,0.56,1,Good
Jakarta,2026-02-10 12:00:00,1.92,2.74,147.93,0.94,26.17,0.5,1,Good
Jakarta,2026-02-10 13:00:00,1.67,2.54,146.61,0.94,24.06,0.48,1,Good
Jakarta,2026-02-10 14:00:00,1.52,2.38,144.5,0.89,22.66,0.45,1,Good
Jakarta,2026-02-10 15:00:00,1.38,2.22,140.98,0.8,21.58,0.42,1,Good
Jakarta,2026-02-10 16:00:00,1.24,1.96,137.76,0.73,20.64,0.37,1,Good
Jakarta,2026-02-10 17:00:00,1.18,1.76,137.48,0.71,19.96,0.32,1,Good
Jakarta,2026-02-10 18:00:00,1.18,1.68,138.25,0.69,19.45,0.27,1,Good
Jakarta,2026-02-10 19:00:00,1.11,1.55,136.58,0.65,19.11,0.23,1,Good
Jakarta,2026-02-10 20:00:00,1.03,1.4,134.06,0.59,18.83,0.2,1,Good
Jakarta,2026-02-10 21:00:00,0.98,1.32,132.68,0.55,18.59,0.19,1,Good
Jakarta,2026-02-10 22:00:00,0.92,1.2,132.7,0.53,18.43,0.18,1,Good
Jakarta,2026-02-10 23:00:00,0.81,1.05,130.86,0.51,18.37,0.16,1,Good
Jakarta,2026-02-11 00:00:00,0.71,0.95,129.28,0.51,18.28,0.15,1,Good
Jakarta,2026-02-11 01:00:00,0.63,0.96,127.95,0.52,18.03,0.15,1,Good
Jakarta,2026-02-11 02:00:00,0.6,1.04,128.29,0.5,18.19,0.16,1,Good
Jakarta,2026-02-11 03:00:00,0.62,1.14,128.8,0.43,19.24,0.17,1,Good
Jakarta,2026-02-11 04:00:00,0.75,1.29,130.04,0.3,22.65,0.18,1,Good
Jakarta,2026-02-11 05:00:00,0.87,1.34,129.19,0.24,25.2,0.17,1,Good
Jakarta,2026-02-11 06:00:00,0.88,1.3,126.85,0.19,25.68,0.15,1,Good
Jakarta,2026-02-11 07:00:00,0.68,1.0,123.56,0.15,23.87,0.13,1,Good
Jakarta,2026-02-11 08:00:00,0.54,0.8,122.48,0.16,22.53,0.14,1,Good
Jakarta,2026-02-11 09:00:00,0.5,0.77,122.97,0.21,21.98,0.15,1,Good
Jakarta,2026-02-11 10:00:00,0.5,0.75,124.83,0.32,21.46,0.18,1,Good
Jakarta,2026-02-11 11:00:00,0.5,0.73,126.21,0.4,20.78,0.2,1,Good
Jakarta,2026-02-11 12:00:00,0.5,0.73,126.72,0.42,20.31,0.2,1,Good
Jakarta,2026-02-11 13:00:00,0.51,0.82,127.53,0.44,19.9,0.2,1,Good
Jakarta,2026-02-11 14:00:00,0.54,0.94,129.96,0.48,19.59,0.2,1,Good
Jakarta,2026-02-11 15:00:00,0.58,1.06,132.3,0.52,19.18,0.2,1,Good
Jakarta,2026-02-11 16:00:00,0.94,1.84,149.46,0.92,18.17,0.27,1,Good
Jakarta,2026-02-11 17:00:00,1.67,3.26,180.63,1.62,16.62,0.36,1,Good
Jakarta,2026-02-11 18:00:00,2.47,4.65,208.27,2.18,15.36,0.42,1,Good
Jakarta,2026-02-11 19:00:00,2.85,5.0,218.5,2.32,14.97,0.44,1,Good
Jakarta,2026-02-11 20:00:00,2.78,4.51,212.44,2.14,15.03,0.42,1,Good
Jakarta,2026-02-11 21:00:00,2.56,3.94,202.78,1.94,15.06,0.39,1,Good
Jakarta,2026-02-11 22:00:00,2.22,3.3,190.35,1.73,14.97,0.35,1,Good
Jakarta,2026-02-11 23:00:00,1.84,2.71,177.26,1.51,14.76,0.3,1,Good
Jakarta,2026-02-12 00:00:00,1.44,2.23,163.7,1.28,14.67,0.26,1,Good
Jakarta,2026-02-12 01:00:00,0.82,1.32,140.78,0.77,15.12,0.19,1,Good
Jakarta,2026-02-12 02:00:00,0.64,1.08,135.63,0.66,15.09,0.17,1,Good
Jakarta,2026-02-12 03:00:00,0.56,0.95,133.49,0.6,15.04,0.17,1,Good
Jakarta,2026-02-12 04:00:00,0.53,0.88,135.36,0.62,15.06,0.2,1,Good
Jakarta,2026-02-12 05:00:00,0.54,0.91,139.84,0.71,15.23,0.27,1,Good
Jakarta,2026-02-12 06:00:00,0.57,1.01,143.89,0.78,15.89,0.33,1,Good
Jakarta,2026-02-12 07:00:00,0.6,1.12,146.91,0.8,17.24,0.35,1,Good
Jakarta,2026-02-12 08:00:00,0.69,1.28,151.37,0.83,19.13,0.34,1,Good
Jakarta,2026-02-12 09:00:00,0.87,1.54,159.16,0.89,21.19,0.33,1,Good
Jakarta,2026-02-12 10:00:00,1.04,1.75,168.69,0.98,22.83,0.31,1,Good
Jakarta,2026-02-12 11:00:00,1.15,1.83,175.73,1.09,23.33,0.29,1,Good
Jakarta,2026-02-12 12:00:00,1.19,1.84,178.56,1.17,22.71,0.29,1,Good
Jakarta,2026-02-12 13:00:00,1.2,1.81,177.4,1.21,21.62,0.3,1,Good
Jakarta,2026-02-12 14:00:00,1.18,1.75,174.02,1.19,20.71,0.3,1,Good
Jakarta,2026-02-12 15:00:00,1.1,1.65,170.64,1.11,20.27,0.29,1,Good
Jakarta,2026-02-12 16:00:00,1.02,1.54,170.03,1.03,20.56,0.29,1,Good
Jakarta,2026-02-12 17:00:00,0.98,1.47,172.72,1.0,21.4,0.29,1,Good
Jakarta,2026-02-12 18:00:00,0.96,1.42,176.45,0.97,22.44,0.29,1,Good
Jakarta,2026-02-12 19:00:00,1.01,1.56,181.61,0.98,23.57,0.31,1,Good
Jakarta,2026-02-12 20:00:00,1.11,1.8,187.32,1.05,24.35,0.34,1,Good
Jakarta,2026-02-12 21:00:00,1.24,2.05,193.02,1.15,24.85,0.38,1,Good
Jakarta,2026-02-12 22:00:00,1.36,2.13,198.91,1.28,25.08,0.41,1,Good
Jakarta,2026-02-12 23:00:00,1.4,2.01,201.64,1.35,25.65,0.41,1,Good
Jakarta,2026-02-13 00:00:00,1.36,1.9,203.51,1.37,26.74,0.4,1,Good
Jakarta,2026-02-13 01:00:00,1.33,1.97,203.42,1.34,27.94,0.4,1,Good
Jakarta,2026-02-13 02:00:00,1.46,2.33,207.02,1.34,28.78,0.44,1,Good
Jakarta,2026-02-13 03:00:00,1.75,2.92,213.24,1.32,29.96,0.6,1,Good
Jakarta,2026-02-13 04:00:00,2.66,4.16,223.33,1.0,38.16,0.99,1,Good
Jakarta,2026-02-13 05:00:00,4.9,6.72,235.86,1.09,49.42,1.58,1,Good
Jakarta,2026-02-13 06:00:00,8.13,10.17,249.05,1.13,59.24,2.24,1,Good
Jakarta,2026-02-13 07:00:00,10.65,12.77,256.71,1.04,67.49,2.72,2,Fair
Jakarta,2026-02-13 08:00:00,11.5,13.46,254.17,1.02,71.79,2.89,2,Fair
Jakarta,2026-02-13 09:00:00,11.74,13.53,251.11,1.13,73.98,2.92,2,Fair
Jakarta,2026-02-13 10:00:00,11.68,13.35,251.39,1.42,74.22,2.99,2,Fair
Jakarta,2026-02-13 11:00:00,11.41,13.01,253.26,1.78,72.25,3.09,2,Fair
Jakarta,2026-02-13 12:00:00,10.87,12.46,255.65,1.99,69.56,3.19,2,Fair
Jakarta,2026-02-13 13:00:00,10.05,11.63,256.42,2.15,66.23,3.25,2,Fair
Jakarta,2026-02-13 14:00:00,9.14,10.75,255.58,2.24,62.29,3.28,2,Fair
Jakarta,2026-02-13 15:00:00,8.3,9.92,251.05,2.22,58.41,3.2,1,Good
Jakarta,2026-02-13 16:00:00,9.02,10.93,261.24,2.61,54.7,3.35,1,Good
Jakarta,2026-02-13 17:00:00,11.75,14.32,292.26,3.53,51.08,3.85,2,Fair
Jakarta,2026-02-13 18:00:00,14.86,18.11,325.22,4.41,47.04,4.37,2,Fair
Jakarta,2026-02-13 19:00:00,17.12,20.37,343.47,5.05,43.35,4.75,2,Fair
Jakarta,2026-02-13 20:00:00,17.67,20.59,345.24,5.32,40.2,4.87,2,Fair
Jakarta,2026-02-13 21:00:00,16.86,19.49,334.38,5.22,37.99,4.86,2,Fair
Jakarta,2026-02-13 22:00:00,14.04,16.06,307.97,4.48,37.87,4.34,2,Fair
Jakarta,2026-02-13 23:00:00,12.36,14.02,292.55,4.01,37.94,3.72,2,Fair
Jakarta,2026-02-14 00:00:00,11.05,12.48,283.78,3.74,38.19,3.08,2,Fair
Jakarta,2026-02-14 01:00:00,10.24,11.56,279.61,3.54,38.78,2.55,2,Fair
Jakarta,2026-02-14 02:00:00,9.51,10.79,276.87,3.02,40.9,2.07,1,Good
Jakarta,2026-02-14 03:00:00,8.6,9.79,270.11,2.28,45.49,1.56,1,Good
Jakarta,2026-02-14 04:00:00,6.88,7.82,255.96,1.5,51.21,1.04,1,Good
Jakarta,2026-02-14 05:00:00,4.96,5.73,238.76,1.04,53.08,0.67,1,Good
Jakarta,2026-02-14 06:00:00,3.52,4.22,223.3,0.79,53.04,0.5,1,Good
Jakarta,2026-02-14 07:00:00,2.42,3.12,207.2,0.63,52.26,0.41,1,Good
Jakarta,2026-02-14 08:00:00,1.88,2.62,196.63,0.58,51.72,0.38,1,Good
Jakarta,2026-02-14 09:00:00,1.72,2.51,193.43,0.6,51.67,0.38,1,Good
Jakarta,2026-02-14 10:00:00,1.6,2.36,193.16,0.67,52.17,0.38,1,Good
Jakarta,2026-02-14 11:00:00,1.49,2.28,193.18,0.73,52.58,0.37,1,Good
Jakarta,2026-02-14 12:00:00,1.43,2.33,192.33,0.73,53.03,0.36,1,Good
Jakarta,2026-02-14 13:00:00,1.36,2.34,190.49,0.66,53.58,0.33,1,Good
Jakarta,2026-02-14 14:00:00,1.23,2.19,186.61,0.54,54.49,0.27,1,Good
Jakarta,2026-02-14 15:00:00,1.12,2.03,182.89,0.43,55.34,0.22,1,Good
Jakarta,2026-02-14 16:00:00,1.15,2.04,184.5,0.5,54.91,0.22,1,Good
Jakarta,2026-02-14 17:00:00,1.37,2.25,196.23,0.75,53.7,0.25,1,Good
Jakarta,2026-02-14 18:00:00,1.68,2.53,210.78,0.99,52.38,0.28,1,Good
Jakarta,2026-02-14 19:00:00,1.95,2.69,221.01,1.16,51.32,0.31,1,Good
Jakarta,2026-02-14 20:00:00,2.15,2.78,227.25,1.24,50.77,0.34,1,Good
Jakarta,2026-02-14 21:00:00,2.18,2.74,226.27,1.21,50.83,0.36,1,Good
Jakarta,2026-02-14 22:00:00,1.87,2.35,215.05,1.03,51.97,0.34,1,Good
Jakarta,2026-02-14 23:00:00,1.67,2.14,206.59,0.95,52.04,0.31,1,Good
Jakarta,2026-02-15 00:00:00,1.47,1.97,199.17,0.91,52.05,0.3,1,Good
Jakarta,2026-02-16 01:00:00,1.21,2.14,186.47,0.72,40.9,0.33,1,Good
Jakarta,2026-02-16 02:00:00,1.34,2.37,193.33,0.85,41.58,0.39,1,Good
Jakarta,2026-02-16 03:00:00,1.47,2.58,197.2,0.8,43.12,0.39,1,Good
Jakarta,2026-02-16 04:00:00,1.69,2.97,196.68,0.69,44.97,0.39,1,Good
Jakarta,2026-02-16 05:00:00,2.03,3.46,196.18,0.73,45.91,0.56,1,Good
Jakarta,2026-02-16 06:00:00,2.44,3.93,196.55,0.81,46.21,0.8,1,Good
Jakarta,2026-02-16 07:00:00,2.56,4.03,193.24,0.91,45.61,0.91,1,Good
Jakarta,2026-02-16 08:00:00,2.43,3.95,185.56,0.93,44.0,0.81,1,Good
Jakarta,2026-02-16 09:00:00,2.22,3.77,176.3,0.88,42.47,0.67,1,Good
Jakarta,2026-02-16 10:00:00,1.97,3.34,169.19,0.84,40.83,0.55,1,Good
Jakarta,2026-02-16 11:00:00,1.8,2.97,166.48,0.85,39.35,0.46,1,Good
Jakarta,2026-02-16 12:00:00,1.7,2.73,166.4,0.88,38.06,0.43,1,Good
Jakarta,2026-02-16 13:00:00,1.64,2.54,168.13,0.92,36.93,0.43,1,Good
Jakarta,2026-02-16 14:00:00,1.62,2.48,170.25,0.96,35.99,0.43,1,Good
Jakarta,2026-02-16 15:00:00,1.61,2.48,171.14,0.97,34.98,0.43,1,Good
Jakarta,2026-02-16 16:00:00,1.61,2.53,169.24,0.96,33.97,0.42,1,Good
Jakarta,2026-02-16 17:00:00,1.63,2.58,165.61,0.92,33.15,0.42,1,Good
Jakarta,2026-02-16 18:00:00,1.65,2.65,159.0,0.84,32.79,0.39,1,Good
Jakarta,2026-02-16 19:00:00,1.65,2.69,151.37,0.72,33.11,0.35,1,Good
Jakarta,2026-02-16 20:00:00,1.65,2.76,145.44,0.6,33.89,0.31,1,Good
Jakarta,2026-02-16 21:00:00,1.62,2.79,142.59,0.5,34.82,0.29,1,Good
Jakarta,2026-02-16 22:00:00,1.53,2.68,142.44,0.46,35.66,0.27,1,Good
Jakarta,2026-02-16 23:00:00,1.5,2.6,144.38,0.46,35.87,0.27,1,Good
Jakarta,2026-02-17 00:00:00,1.49,2.54,147.81,0.52,35.48,0.29,1,Good
Jakarta,2026-02-17 01:00:00,1.56,2.66,151.28,0.62,34.75,0.33,1,Good
Jakarta,2026-02-17 02:00:00,1.72,2.95,155.81,0.74,33.69,0.4,1,Good
Jakarta,2026-02-17 03:00:00,1.92,3.26,159.63,0.79,33.08,0.49,1,Good
Jakarta,2026-02-17 04:00:00,2.14,3.44,164.98,0.83,33.66,0.58,1,Good
Jakarta,2026-02-17 05:00:00,2.35,3.65,170.45,0.96,34.12,0.66,1,Good
Jakarta,2026-02-17 06:00:00,2.33,3.59,173.82,0.98,35.45,0.67,1,Good
Jakarta,2026-02-17 07:00:00,2.14,3.44,172.45,0.87,37.52,0.58,1,Good
Jakarta,2026-02-17 08:00:00,1.9,3.28,166.68,0.71,39.91,0.47,1,Good
Jakarta,2026-02-17 09:00:00,1.7,3.16,160.94,0.63,41.21,0.41,1,Good
Jakarta,2026-02-17 10:00:00,1.51,2.97,156.68,0.59,41.68,0.39,1,Good
Jakarta,2026-02-17 11:00:00,1.46,2.89,155.1,0.56,41.2,0.41,1,Good
Jakarta,2026-02-17 12:00:00,1.56,2.94,156.14,0.55,40.53,0.47,1,Good
Jakarta,2026-02-17 13:00:00,1.76,2.9,159.67,0.63,39.84,0.64,1,Good
Jakarta,2026-02-17 14:00:00,2.18,3.21,169.11,0.95,39.11,0.91,1,Good
Jakarta,2026-02-17 15:00:00,2.79,3.83,181.03,1.4,38.42,1.16,1,Good
Jakarta,2026-02-17 16:00:00,4.53,5.88,207.12,2.47,36.56,1.73,1,Good
Jakarta,2026-02-17 17:00:00,6.54,8.29,243.21,3.94,34.07,2.28,1,Good
Jakarta,2026-02-17 18:00:00,7.92,9.95,270.17,5.17,32.03,2.52,1,Good
Jakarta,2026-02-17 19:00:00,9.01,11.4,287.56,6.27,30.44,2.99,1,Good
Jakarta,2026-02-17 20:00:00,10.29,12.76,302.93,7.53,28.65,3.92,2,Fair
Jakarta,2026-02-17 21:00:00,11.37,13.6,316.87,8.66,26.97,4.86,2,Fair
Jakarta,2026-02-17 22:00:00,10.71,12.59,316.2,8.24,27.37,4.71,2,Fair
Jakarta,2026-02-17 23:00:00,10.98,12.81,324.37,8.52,26.54,4.79,2,Fair
Jakarta,2026-02-18 00:00:00,11.3,13.15,328.87,8.77,26.02,4.99,2,Fair
Jakarta,2026-02-18 01:00:00,11.05,12.97,330.28,8.63,26.88,5.18,2,Fair
Jakarta,2026-02-18 02:00:00,10.51,12.51,326.15,7.77,29.36,5.32,2,Fair
Jakarta,2026-02-18 03:00:00,10.19,12.23,316.76,6.52,33.68,5.26,2,Fair
Jakarta,2026-02-18 04:00:00,8.59,10.25,276.64,3.99,42.27,4.27,1,Good
Jakarta,2026-02-18 05:00:00,7.75,9.09,250.48,2.51,48.44,3.43,1,Good
Jakarta,2026-02-18 06:00:00,7.57,8.69,238.0,1.76,52.83,2.96,1,Good
Jakarta,2026-02-18 07:00:00,8.03,9.11,229.68,1.29,58.2,2.64,1,Good
Jakarta,2026-02-18 08:00:00,7.29,8.37,220.62,1.39,57.22,2.48,1,Good
Jakarta,2026-02-18 09:00:00,6.06,7.14,216.09,1.77,53.86,2.45,1,Good
Jakarta,2026-02-18 10:00:00,5.09,6.2,216.77,2.37,50.14,2.52,1,Good
Jakarta,2026-02-18 11:00:00,4.47,5.64,218.86,2.86,46.82,2.52,1,Good
Jakarta,2026-02-18 12:00:00,4.12,5.34,219.9,3.02,44.92,2.48,1,Good
Jakarta,2026-02-18 13:00:00,4.16,5.43,223.81,3.29,43.3,2.62,1,Good
Jakarta,2026-02-18 14:00:00,4.99,6.29,237.95,4.07,41.42,2.99,1,Good
Jakarta,2026-02-18 15:00:00,5.8,7.09,250.91,4.8,39.16,3.17,1,Good
Jakarta,2026-02-18 16:00:00,5.95,7.14,255.2,5.11,36.77,3.0,1,Good
Jakarta,2026-02-18 17:00:00,5.25,6.37,251.66,5.0,34.92,2.47,1,Good
Jakarta,2026-02-18 18:00:00,4.51,5.63,246.55,4.87,33.25,2.01,1,Good
Jakarta,2026-02-18 19:00:00,3.92,4.99,241.2,4.84,31.72,1.83,1,Good
Jakarta,2026-02-18 20:00:00,3.62,4.56,237.9,4.91,30.22,1.81,1,Good
Jakarta,2026-02-18 21:00:00,3.47,4.26,234.25,4.91,29.1,1.78,1,Good
Jakarta,2026-02-18 22:00:00,3.4,4.03,230.84,4.81,28.43,1.62,1,Good
Jakarta,2026-02-18 23:00:00,3.41,3.95,224.15,4.43,28.15,1.49,1,Good
Jakarta,2026-02-19 00:00:00,3.62,4.2,221.14,4.13,27.87,1.49,1,Good
Jakarta,2026-02-19 01:00:00,4.1,4.85,222.79,4.04,27.65,1.67,1,Good
Jakarta,2026-02-19 02:00:00,5.05,6.01,231.9,4.0,28.25,2.01,1,Good
Jakarta,2026-02-19 03:00:00,5.87,6.98,241.37,3.6,31.94,2.21,1,Good
Jakarta,2026-02-19 04:00:00,6.65,7.86,247.4,3.35,37.34,2.51,1,Good
Jakarta,2026-02-19 05:00:00,6.95,8.2,246.84,3.4,39.56,2.95,1,Good
Jakarta,2026-02-19 06:00:00,6.92,8.12,240.84,3.22,41.29,3.23,1,Good
Jakarta,2026-02-19 07:00:00,5.87,6.91,221.9,2.55,44.03,2.7,1,Good
Jakarta,2026-02-19 08:00:00,5.35,6.27,209.63,2.15,46.34,2.31,1,Good
Jakarta,2026-02-19 09:00:00,5.58,6.5,207.52,2.14,48.02,2.22,1,Good
Jakarta,2026-02-19 10:00:00,5.78,6.71,209.48,2.35,48.26,2.2,1,Good
Jakarta,2026-02-19 11:00:00,5.7,6.65,211.51,2.59,46.86,2.18,1,Good
Jakarta,2026-02-19 12:00:00,5.38,6.35,212.83,2.76,44.74,2.17,1,Good
Jakarta,2026-02-19 13:00:00,5.54,6.51,220.82,3.2,42.02,2.27,1,Good
Jakarta,2026-02-19 14:00:00,6.48,7.52,239.34,4.06,38.95,2.49,1,Good
Jakarta,2026-02-19 15:00:00,7.29,8.36,256.33,4.76,36.02,2.59,1,Good
Jakarta,2026-02-19 16:00:00,7.77,8.92,266.0,5.17,33.44,2.61,1,Good
Jakarta,2026-02-19 17:00:00,7.85,9.09,267.81,5.21,31.67,2.54,1,Good
Jakarta,2026-02-19 18:00:00,7.65,8.9,264.86,5.06,30.51,2.4,1,Good
Jakarta,2026-02-19 19:00:00,7.2,8.42,257.03,4.83,29.71,2.28,1,Good
Jakarta,2026-02-19 20:00:00,6.86,8.03,248.54,4.75,29.08,2.44,1,Good
Jakarta,2026-02-19 21:00:00,6.77,7.9,242.7,4.82,28.79,2.83,1,Good
Jakarta,2026-02-19 22:00:00,5.46,6.37,223.98,4.04,31.97,2.61,1,Good
Jakarta,2026-02-19 23:00:00,4.46,5.24,209.58,3.41,34.53,2.28,1,Good
Jakarta,2026-02-20 00:00:00,4.06,4.83,203.78,3.27,35.96,2.24,1,Good
Jakarta,2026-02-20 01:00:00,3.98,4.73,201.39,3.41,37.62,2.4,1,Good
Jakarta,2026-02-20 02:00:00,4.5,5.35,207.5,3.61,39.91,2.58,1,Good
Jakarta,2026-02-20 03:00:00,5.63,6.65,218.19,3.56,43.78,2.75,1,Good
Jakarta,2026-02-20 04:00:00,7.45,8.73,229.89,3.28,49.71,3.0,1,Good
Jakarta,2026-02-20 05:00:00,9.09,10.48,234.15,2.84,55.03,3.1,1,Good
Jakarta,2026-02-20 06:00:00,10.23,11.59,231.92,2.28,59.8,2.93,2,Fair
Jakarta,2026-02-20 07:00:00,10.48,11.83,223.48,1.73,63.05,2.48,2,Fair
Jakarta,2026-02-20 08:00:00,10.38,11.65,214.62,1.41,64.59,2.08,2,Fair
Jakarta,2026-02-20 09:00:00,10.18,11.36,209.97,1.37,65.01,1.88,2,Fair
Jakarta,2026-02-20 10:00:00,9.6,10.59,206.96,1.47,63.88,1.71,2,Fair
Jakarta,2026-02-20 11:00:00,9.05,9.98,206.3,1.69,61.12,1.65,2,Fair
Jakarta,2026-02-20 12:00:00,8.75,9.7,207.04,1.76,58.39,1.66,1,Good
Jakarta,2026-02-20 13:00:00,8.4,9.39,206.42,1.77,55.49,1.68,1,Good
Jakarta,2026-02-20 14:00:00,8.1,9.08,206.35,1.81,52.51,1.69,1,Good
Jakarta,2026-02-20 15:00:00,7.77,8.69,206.28,1.86,49.87,1.68,1,Good
Jakarta,2026-02-20 16:00:00,7.33,8.17,205.97,1.93,47.33,1.69,1,Good
Jakarta,2026-02-20 17:00:00,6.95,7.74,205.42,2.0,45.26,1.7,1,Good
Jakarta,2026-02-20 18:00:00,6.86,7.67,208.72,2.16,43.56,1.74,1,Good
Jakarta,2026-02-20 19:00:00,7.09,7.95,213.0,2.48,42.26,1.93,1,Good
Jakarta,2026-02-20 20:00:00,7.82,8.78,221.03,2.98,40.91,2.41,1,Good
Jakarta,2026-02-20 21:00:00,8.41,9.47,229.75,3.36,39.57,2.82,1,Good
Jakarta,2026-02-20 22:00:00,8.5,9.55,236.33,3.47,39.22,2.92,1,Good
Jakarta,2026-02-20 23:00:00,7.96,8.99,234.68,3.21,40.28,2.71,1,Good
Jakarta,2026-02-21 00:00:00,7.28,8.31,229.7,2.9,42.29,2.47,1,Good
Jakarta,2026-02-21 01:00:00,6.66,7.75,225.46,2.76,44.27,2.18,1,Good
Jakarta,2026-02-21 02:00:00,5.85,6.87,216.22,2.4,46.11,1.88,1,Good
Jakarta,2026-02-21 03:00:00,5.77,6.8,212.4,2.15,48.17,1.8,1,Good
Jakarta,2026-02-21 04:00:00,6.76,8.04,217.61,2.07,51.75,2.04,1,Good
Jakarta,2026-02-21 05:00:00,8.56,10.25,226.96,1.99,56.85,2.39,1,Good
Jakarta,2026-02-21 06:00:00,10.27,12.3,231.41,1.76,62.2,2.51,2,Fair
Jakarta,2026-02-21 07:00:00,11.33,13.66,232.4,1.63,65.23,2.45,2,Fair
Jakarta,2026-02-21 08:00:00,10.91,13.25,228.72,1.61,63.83,2.24,2,Fair
Jakarta,2026-02-21 09:00:00,9.19,11.23,220.36,1.55,59.87,1.85,1,Good
Jakarta,2026-02-21 10:00:00,6.92,8.33,210.68,1.38,55.12,1.4,1,Good
Jakarta,2026-02-21 11:00:00,5.34,6.37,206.27,1.3,50.72,1.06,1,Good
Jakarta,2026-02-21 12:00:00,4.52,5.4,204.62,1.27,47.47,0.91,1,Good
Jakarta,2026-02-21 13:00:00,4.27,5.14,204.51,1.32,45.39,0.88,1,Good
Jakarta,2026-02-21 14:00:00,4.19,5.05,204.01,1.33,44.5,0.89,1,Good
Jakarta,2026-02-21 15:00:00,3.98,4.8,201.59,1.25,43.72,0.86,1,Good
Jakarta,2026-02-21 16:00:00,4.44,5.38,206.35,1.4,42.42,0.99,1,Good
Jakarta,2026-02-21 17:00:00,6.01,7.34,222.7,1.87,40.41,1.34,1,Good
Jakarta,2026-02-21 18:00:00,7.65,9.4,236.8,2.31,38.31,1.71,1,Good
Jakarta,2026-02-21 19:00:00,8.73,10.74,242.13,2.65,36.29,2.1,1,Good
Jakarta,2026-02-21 20:00:00,9.23,11.19,239.91,2.9,35.04,2.53,1,Good
Jakarta,2026-02-21 21:00:00,9.41,11.19,235.59,3.04,34.65,2.84,1,Good
Jakarta,2026-02-21 22:00:00,6.48,7.6,212.95,2.11,37.9,1.89,1,Good
Jakarta,2026-02-21 23:00:00,4.7,5.47,200.53,1.59,39.74,1.3,1,Good
Jakarta,2026-02-22 00:00:00,4.02,4.65,196.16,1.46,40.76,1.09,1,Good
Jakarta,2026-02-24 01:00:00,1.05,1.88,164.87,0.83,23.87,0.34,1,Good
Jakarta,2026-02-24 02:00:00,1.08,1.95,168.83,0.91,24.44,0.4,1,Good
Jakarta,2026-02-24 03:00:00,1.12,2.0,170.33,0.85,25.82,0.45,1,Good
Jakarta,2026-02-24 04:00:00,1.19,2.01,170.35,0.85,27.59,0.5,1,Good
Jakarta,2026-02-24 05:00:00,1.29,2.23,169.05,0.81,28.85,0.52,1,Good
Jakarta,2026-02-24 06:00:00,1.37,2.43,166.69,0.75,29.64,0.55,1,Good
Jakarta,2026-02-24 07:00:00,1.35,2.66,162.07,0.65,30.01,0.53,1,Good
Jakarta,2026-02-24 08:00:00,1.32,2.75,158.71,0.6,30.25,0.5,1,Good
Jakarta,2026-02-24 09:00:00,1.3,2.76,157.62,0.63,30.23,0.49,1,Good
Jakarta,2026-02-24 10:00:00,1.29,2.63,159.35,0.73,30.08,0.46,1,Good
Jakarta,2026-02-24 11:00:00,1.26,2.63,160.57,0.82,29.26,0.42,1,Good
Jakarta,2026-02-24 12:00:00,1.21,2.73,160.04,0.77,28.54,0.35,1,Good
Jakarta,2026-02-24 13:00:00,1.31,3.29,166.86,0.98,27.31,0.34,1,Good
Jakarta,2026-02-24 14:00:00,1.54,4.05,179.84,1.39,25.97,0.39,1,Good
Jakarta,2026-02-24 15:00:00,1.74,4.49,190.55,1.71,25.09,0.43,1,Good
Jakarta,2026-02-24 16:00:00,1.88,4.48,198.14,1.99,24.62,0.47,1,Good
Jakarta,2026-02-24 17:00:00,1.93,4.21,202.05,2.08,24.21,0.44,1,Good
Jakarta,2026-02-24 18:00:00,1.95,3.91,202.27,1.89,23.93,0.37,1,Good
Jakarta,2026-02-24 19:00:00,1.78,3.65,193.16,1.45,24.5,0.29,1,Good
Jakarta,2026-02-24 20:00:00,1.73,3.86,187.04,1.23,24.55,0.27,1,Good
Jakarta,2026-02-24 21:00:00,1.66,4.05,180.58,1.03,24.55,0.25,1,Good
Jakarta,2026-02-24 22:00:00,1.17,3.53,157.41,0.47,25.73,0.16,1,Good
Jakarta,2026-02-24 23:00:00,1.04,3.38,150.64,0.35,25.91,0.15,1,Good
Jakarta,2026-02-25 00:00:00,1.01,3.35,148.78,0.35,25.9,0.16,1,Good
Jakarta,2026-02-25 01:00:00,0.96,3.18,148.89,0.39,25.92,0.16,1,Good
Jakarta,2026-02-25 02:00:00,0.89,2.77,149.57,0.39,26.23,0.16,1,Good
Jakarta,2026-02-25 03:00:00,0.79,2.24,148.85,0.33,26.94,0.14,1,Good
Jakarta,2026-02-25 04:00:00,0.72,1.84,148.49,0.29,27.8,0.13,1,Good
Jakarta,2026-02-25 05:00:00,0.73,1.77,151.32,0.33,28.94,0.15,1,Good
Jakarta,2026-02-25 06:00:00,0.79,1.85,155.55,0.38,30.49,0.19,1,Good
Jakarta,2026-02-25 07:00:00,0.89,1.96,158.91,0.41,32.25,0.21,1,Good
Jakarta,2026-02-25 08:00:00,0.87,1.89,157.38,0.45,31.66,0.2,1,Good
Jakarta,2026-02-25 09:00:00,0.79,1.77,154.98,0.46,30.04,0.18,1,Good
Jakarta,2026-02-25 10:00:00,0.81,1.98,161.92,0.82,28.26,0.24,1,Good
Jakarta,2026-02-25 11:00:00,0.97,2.51,178.54,1.54,26.57,0.39,1,Good
Jakarta,2026-02-25 12:00:00,1.11,3.03,189.56,1.95,25.26,0.5,1,Good
Jakarta,2026-02-25 13:00:00,1.23,3.41,195.56,2.14,24.48,0.54,1,Good
Jakarta,2026-02-25 14:00:00,1.28,3.53,195.84,2.13,23.91,0.52,1,Good
Jakarta,2026-02-25 15:00:00,1.26,3.48,192.45,2.0,23.36,0.48,1,Good
Jakarta,2026-02-25 16:00:00,1.19,3.2,186.67,1.83,22.71,0.41,1,Good
Jakarta,2026-02-25 17:00:00,1.04,2.65,177.43,1.53,22.15,0.31,1,Good
Jakarta,2026-02-25 18:00:00,0.84,2.04,163.87,1.09,22.17,0.21,1,Good
Jakarta,2026-02-25 19:00:00,0.52,1.24,141.79,0.39,22.8,0.09,1,Good
Jakarta,2026-02-25 20:00:00,0.5,1.15,136.95,0.26,22.73,0.08,1,Good
Jakarta,2026-02-25 21:00:00,0.53,1.2,135.79,0.24,22.65,0.08,1,Good
Jakarta,2026-02-25 22:00:00,0.58,1.24,135.49,0.24,22.64,0.09,1,Good
Jakarta,2026-02-25 23:00:00,0.61,1.23,136.04,0.26,22.71,0.09,1,Good
Jakarta,2026-02-26 00:00:00,0.63,1.23,137.82,0.31,22.81,0.09,1,Good
Jakarta,2026-02-26 01:00:00,0.68,1.35,142.71,0.47,22.59,0.12,1,Good
Jakarta,2026-02-26 02:00:00,0.74,1.48,148.22,0.63,22.62,0.16,1,Good
Jakarta,2026-02-26 03:00:00,0.81,1.62,153.55,0.68,23.04,0.19,1,Good
Jakarta,2026-02-26 04:00:00,0.96,1.83,157.15,0.44,26.96,0.23,1,Good
Jakarta,2026-02-26 05:00:00,1.11,2.01,155.94,0.33,30.23,0.25,1,Good
Jakarta,2026-02-26 06:00:00,1.17,2.18,152.1,0.25,30.99,0.24,1,Good
Jakarta,2026-02-26 07:00:00,1.11,2.51,146.58,0.23,29.34,0.23,1,Good
Jakarta,2026-02-26 08:00:00,1.07,3.21,140.72,0.25,26.48,0.24,1,Good
Jakarta,2026-02-26 09:00:00,1.14,4.13,136.55,0.28,24.09,0.25,1,Good
Jakarta,2026-02-26 10:00:00,1.23,4.33,134.41,0.3,22.61,0.23,1,Good
Jakarta,2026-02-26 11:00:00,1.15,3.71,131.76,0.29,21.69,0.19,1,Good
Jakarta,2026-02-26 12:00:00,1.0,3.02,128.24,0.23,21.17,0.15,1,Good
Jakarta,2026-02-26 13:00:00,0.86,2.31,126.82,0.22,20.72,0.13,1,Good
Jakarta,2026-02-26 14:00:00,0.8,1.92,127.86,0.27,20.3,0.13,1,Good
Jakarta,2026-02-26 15:00:00,0.78,1.76,129.34,0.33,19.9,0.14,1,Good
Jakarta,2026-02-26 16:00:00,0.76,1.63,128.91,0.37,19.19,0.14,1,Good
Jakarta,2026-02-26 17:00:00,0.74,1.45,127.28,0.35,18.64,0.13,1,Good
Jakarta,2026-02-26 18:00:00,0.73,1.37,125.21,0.3,18.06,0.12,1,Good
Jakarta,2026-02-26 19:00:00,0.73,1.34,124.12,0.27,17.51,0.12,1,Good
Jakarta,2026-02-26 20:00:00,0.72,1.32,124.73,0.28,17.04,0.12,1,Good
Jakarta,2026-02-26 21:00:00,0.73,1.33,126.3,0.32,16.7,0.14,1,Good
Jakarta,2026-02-26 22:00:00,0.75,1.36,128.36,0.37,16.47,0.16,1,Good
Jakarta,2026-02-26 23:00:00,0.78,1.41,130.47,0.44,16.28,0.17,1,Good
Jakarta,2026-02-27 00:00:00,0.81,1.51,134.0,0.55,16.27,0.19,1,Good
Jakarta,2026-02-27 01:00:00,0.86,1.62,139.15,0.73,16.42,0.23,1,Good
Jakarta,2026-02-27 02:00:00,0.91,1.72,143.88,0.81,17.17,0.27,1,Good
Jakarta,2026-02-27 03:00:00,0.97,1.84,145.35,0.74,19.12,0.32,1,Good
Jakarta,2026-02-27 04:00:00,1.1,2.13,143.23,0.56,23.04,0.37,1,Good
Jakarta,2026-02-27 05:00:00,1.3,2.57,136.58,0.46,26.1,0.41,1,Good
Jakarta,2026-02-27 06:00:00,1.49,2.99,130.31,0.38,27.73,0.41,1,Good
Jakarta,2026-02-27 07:00:00,1.51,3.46,126.71,0.31,27.66,0.36,1,Good
Jakarta,2026-02-27 08:00:00,1.56,4.19,126.98,0.35,26.78,0.38,1,Good
Jakarta,2026-02-27 09:00:00,1.65,4.87,128.57,0.48,25.96,0.43,1,Good
Jakarta,2026-02-27 10:00:00,1.67,5.18,131.13,0.62,25.22,0.49,1,Good
Jakarta,2026-02-27 11:00:00,1.63,5.44,131.03,0.69,24.39,0.51,1,Good
Jakarta,2026-02-27 12:00:00,1.6,5.82,128.91,0.63,23.86,0.49,1,Good
Jakarta,2026-02-27 13:00:00,1.66,5.51,129.03,0.66,23.26,0.49,1,Good
Jakarta,2026-02-27 14:00:00,1.87,5.27,131.83,0.76,22.68,0.48,1,Good
Jakarta,2026-02-27 15:00:00,2.05,5.1,132.62,0.78,22.21,0.47,1,Good
Jakarta,2026-02-27 16:00:00,2.06,4.58,131.29,0.77,21.86,0.44,1,Good
Jakarta,2026-02-27 17:00:00,1.92,3.89,129.42,0.76,21.83,0.42,1,Good
Jakarta,2026-02-27 18:00:00,1.77,3.48,126.84,0.73,22.12,0.4,1,Good
Jakarta,2026-02-27 19:00:00,1.58,3.13,123.36,0.67,22.54,0.34,1,Good
Jakarta,2026-02-27 20:00:00,1.44,2.74,120.12,0.6,23.11,0.28,1,Good
Jakarta,2026-02-27 21:00:00,1.34,2.39,117.84,0.53,23.73,0.24,1,Good
Jakarta,2026-02-27 22:00:00,1.31,2.19,116.86,0.51,24.31,0.23,1,Good
Jakarta,2026-02-27 23:00:00,1.32,2.22,117.27,0.53,24.66,0.23,1,Good
Jakarta,2026-02-28 00:00:00,1.35,2.35,118.92,0.57,25.12,0.24,1,Good
Jakarta,2026-02-28 01:00:00,1.41,2.53,122.06,0.65,25.65,0.26,1,Good
Jakarta,2026-02-28 02:00:00,1.52,2.77,124.94,0.66,26.62,0.3,1,Good
Jakarta,2026-02-28 03:00:00,1.61,2.99,126.49,0.62,28.09,0.35,1,Good
Jakarta,2026-02-28 04:00:00,1.56,2.86,124.61,0.52,29.78,0.37,1,Good
Jakarta,2026-02-28 05:00:00,1.46,2.6,122.55,0.48,30.97,0.36,1,Good
Jakarta,2026-02-28 06:00:00,1.38,2.43,121.72,0.49,31.77,0.33,1,Good
Jakarta,2026-02-28 07:00:00,1.34,2.44,121.54,0.51,32.13,0.31,1,Good
Jakarta,2026-02-28 08:00:00,1.35,2.52,123.22,0.55,32.12,0.33,1,Good
Jakarta,2026-02-28 09:00:00,1.37,2.58,126.22,0.65,32.04,0.39,1,Good
Jakarta,2026-02-28 10:00:00,1.35,2.49,129.83,0.77,32.27,0.43,1,Good
Jakarta,2026-02-28 11:00:00,1.22,2.18,131.79,0.81,32.7,0.4,1,Good
Jakarta,2026-02-28 12:00:00,1.11,1.95,132.87,0.77,33.05,0.36,1,Good
Jakarta,2026-02-28 13:00:00,1.08,1.84,132.83,0.72,33.18,0.33,1,Good
Jakarta,2026-02-28 14:00:00,1.12,1.86,133.15,0.71,33.26,0.34,1,Good
Jakarta,2026-02-28 15:00:00,1.17,1.91,132.76,0.69,33.42,0.34,1,Good
Jakarta,2026-02-28 16:00:00,1.13,1.85,131.49,0.62,33.9,0.32,1,Good
Jakarta,2026-02-28 17:00:00,1.13,1.94,130.22,0.56,34.25,0.29,1,Good
Jakarta,2026-02-28 18:00:00,1.17,2.08,129.3,0.52,34.29,0.28,1,Good
Jakarta,2026-02-28 19:00:00,1.2,2.23,129.96,0.53,33.86,0.29,1,Good
Jakarta,2026-02-28 20:00:00,1.22,2.27,131.07,0.58,33.34,0.28,1,Good
Jakarta,2026-02-28 21:00:00,1.21,2.28,131.3,0.58,33.17,0.26,1,Good
Jakarta,2026-02-28 22:00:00,1.21,2.24,130.78,0.58,33.21,0.25,1,Good
Jakarta,2026-02-28 23:00:00,1.21,2.2,130.23,0.58,33.58,0.25,1,Good
Jakarta,2026-03-01 00:00:00,1.18,2.13,130.47,0.61,33.95,0.25,1,Good
Jakarta,2026-03-01 01:00:00,1.17,2.15,131.81,0.66,34.57,0.26,1,Good
Jakarta,2026-03-01 02:00:00,1.19,2.21,132.85,0.65,35.22,0.28,1,Good
Jakarta,2026-03-01 03:00:00,1.19,2.21,132.75,0.57,36.02,0.29,1,Good
Jakarta,2026-03-01 04:00:00,1.18,2.12,133.32,0.47,36.99,0.29,1,Good
Jakarta,2026-03-01 05:00:00,1.16,2.09,134.39,0.41,37.78,0.26,1,Good
Jakarta,2026-03-01 06:00:00,1.14,2.14,135.37,0.37,38.16,0.23,1,Good
Jakarta,2026-03-01 07:00:00,1.15,2.31,135.75,0.34,38.0,0.23,1,Good
Jakarta,2026-03-01 08:00:00,1.22,2.47,135.97,0.36,37.25,0.24,1,Good
Jakarta,2026-03-01 09:00:00,1.33,2.58,136.62,0.42,36.38,0.28,1,Good
Jakarta,2026-03-01 10:00:00,1.45,2.7,138.73,0.54,35.49,0.31,1,Good
Jakarta,2026-03-01 11:00:00,1.57,2.88,141.94,0.68,34.77,0.34,1,Good
Jakarta,2026-03-01 12:00:00,1.66,2.98,145.08,0.76,34.32,0.35,1,Good
Jakarta,2026-03-01 13:00:00,1.73,2.99,147.13,0.8,34.16,0.36,1,Good
Jakarta,2026-03-01 14:00:00,1.82,3.08,148.28,0.79,34.11,0.37,1,Good
Jakarta,2026-03-01 15:00:00,1.85,3.18,147.67,0.76,34.02,0.38,1,Good
Jakarta,2026-03-01 16:00:00,1.72,2.9,146.46,0.73,33.89,0.37,1,Good
Jakarta,2026-03-01 17:00:00,1.54,2.5,146.21,0.73,33.69,0.34,1,Good
Jakarta,2026-03-01 18:00:00,1.45,2.28,145.97,0.73,33.52,0.32,1,Good
Jakarta,2026-03-01 19:00:00,1.44,2.24,145.41,0.71,33.2,0.31,1,Good
Jakarta,2026-03-01 20:00:00,1.43,2.29,145.25,0.71,32.64,0.31,1,Good
Jakarta,2026-03-01 21:00:00,1.34,2.24,145.1,0.71,32.23,0.3,1,Good
Jakarta,2026-03-01 22:00:00,1.27,2.29,144.16,0.69,31.8,0.29,1,Good
Jakarta,2026-03-01 23:00:00,1.29,2.49,143.68,0.66,31.45,0.3,1,Good
Jakarta,2026-03-02 00:00:00,1.37,2.72,144.09,0.7,30.97,0.31,1,Good
Jakarta,2026-03-02 01:00:00,1.41,2.75,146.28,0.8,30.78,0.34,1,Good
Jakarta,2026-03-02 02:00:00,1.43,2.8,148.14,0.88,30.9,0.38,1,Good
Jakarta,2026-03-02 03:00:00,1.43,2.84,148.16,0.85,31.5,0.4,1,Good
Jakarta,2026-03-02 04:00:00,1.34,2.7,147.15,0.78,32.23,0.36,1,Good
Jakarta,2026-03-02 05:00:00,1.3,2.64,146.96,0.72,32.28,0.33,1,Good
Jakarta,2026-03-02 06:00:00,1.32,2.69,146.6,0.65,32.24,0.32,1,Good
Jakarta,2026-03-02 07:00:00,1.35,2.77,146.42,0.58,32.02,0.31,1,Good
Jakarta,2026-03-02 08:00:00,1.35,2.7,145.8,0.56,31.47,0.31,1,Good
Jakarta,2026-03-02 09:00:00,1.32,2.51,145.62,0.59,30.66,0.31,1,Good
Jakarta,2026-03-02 10:00:00,1.38,2.57,146.32,0.66,29.68,0.32,1,Good
Jakarta,2026-03-02 11:00:00,1.55,2.89,147.11,0.72,28.33,0.33,1,Good
Jakarta,2026-03-02 12:00:00,1.7,3.13,147.12,0.72,26.78,0.32,1,Good
Jakarta,2026-03-02 13:00:00,1.71,3.1,146.55,0.69,25.38,0.3,1,Good
Jakarta,2026-03-02 14:00:00,1.69,3.12,145.42,0.65,24.2,0.27,1,Good
Jakarta,2026-03-02 15:00:00,1.67,3.14,143.32,0.59,23.18,0.26,1,Good
Jakarta,2026-03-02 16:00:00,1.6,3.05,140.14,0.54,22.36,0.25,1,Good
Jakarta,2026-03-02 17:00:00,1.48,2.85,137.27,0.51,21.78,0.23,1,Good
Jakarta,2026-03-02 18:00:00,1.38,2.68,135.2,0.47,21.5,0.22,1,Good
Jakarta,2026-03-02 19:00:00,1.25,2.45,133.45,0.43,21.37,0.2,1,Good
Jakarta,2026-03-02 20:00:00,1.14,2.26,133.35,0.39,21.5,0.18,1,Good
Jakarta,2026-03-02 21:00:00,1.1,2.22,134.48,0.36,21.73,0.16,1,Good
Jakarta,2026-03-02 22:00:00,1.09,2.21,135.64,0.36,21.95,0.16,1,Good
Jakarta,2026-03-02 23:00:00,1.08,2.14,135.85,0.39,22.0,0.17,1,Good
Jakarta,2026-03-03 00:00:00,1.1,2.11,136.69,0.47,21.97,0.21,1,Good
Jakarta,2026-03-03 01:00:00,1.1,2.05,138.23,0.61,22.09,0.25,1,Good
Jakarta,2026-03-03 02:00:00,1.03,1.92,139.07,0.67,22.7,0.28,1,Good
Jakarta,2026-03-03 03:00:00,0.99,1.84,138.58,0.65,23.86,0.29,1,Good
Jakarta,2026-03-03 04:00:00,0.97,1.84,136.56,0.52,25.54,0.28,1,Good
Jakarta,2026-03-03 05:00:00,1.05,2.07,135.37,0.45,26.99,0.31,1,Good
Jakarta,2026-03-03 06:00:00,1.18,2.37,134.97,0.42,28.21,0.33,1,Good
Jakarta,2026-03-03 07:00:00,1.2,2.48,133.56,0.39,29.41,0.32,1,Good
Jakarta,2026-03-03 08:00:00,1.1,2.41,130.78,0.41,30.09,0.29,1,Good
Jakarta,2026-03-03 09:00:00,1.08,2.49,128.97,0.47,30.38,0.28,1,Good
Jakarta,2026-03-03 10:00:00,1.07,2.43,128.23,0.54,30.32,0.26,1,Good
Jakarta,2026-03-03 11:00:00,1.07,2.32,128.4,0.6,29.98,0.25,1,Good
Jakarta,2026-03-03 12:00:00,1.11,2.25,129.19,0.6,29.51,0.23,1,Good
Jakarta,2026-03-03 13:00:00,1.14,2.16,130.16,0.58,29.06,0.22,1,Good
Jakarta,2026-03-03 14:00:00,1.28,2.36,131.4,0.56,28.67,0.21,1,Good
Jakarta,2026-03-03 15:00:00,1.38,2.48,131.77,0.54,28.37,0.22,1,Good
Jakarta,2026-03-03 16:00:00,1.41,2.52,131.49,0.54,28.08,0.23,1,Good
Jakarta,2026-03-03 17:00:00,1.31,2.42,130.75,0.55,27.79,0.23,1,Good
Jakarta,2026-03-03 18:00:00,1.19,2.35,128.68,0.51,27.44,0.22,1,Good
Jakarta,2026-03-03 19:00:00,1.09,2.3,125.29,0.44,26.92,0.19,1,Good
Jakarta,2026-03-03 20:00:00,1.01,2.17,121.55,0.37,26.14,0.17,1,Good
Jakarta,2026-03-03 21:00:00,0.95,2.05,117.03,0.33,25.34,0.16,1,Good
Jakarta,2026-03-03 22:00:00,0.92,1.95,112.32,0.3,24.94,0.15,1,Good
Jakarta,2026-03-03 23:00:00,0.92,1.93,107.95,0.29,24.83,0.15,1,Good
Jakarta,2026-03-04 00:00:00,0.94,1.98,105.43,0.33,25.05,0.15,1,Good
Jakarta,2026-03-04 01:00:00,1.01,2.07,105.89,0.41,25.41,0.18,1,Good
Jakarta,2026-03-04 02:00:00,1.11,2.26,108.29,0.48,25.83,0.2,1,Good
Jakarta,2026-03-04 03:00:00,1.16,2.34,112.18,0.51,26.63,0.24,1,Good
Jakarta,2026-03-04 04:00:00,1.09,2.24,117.27,0.49,27.98,0.26,1,Good
Jakarta,2026-03-04 05:00:00,1.03,2.18,120.83,0.41,29.59,0.27,1,Good
Jakarta,2026-03-04 06:00:00,1.05,2.23,122.28,0.34,30.62,0.25,1,Good
Jakarta,2026-03-04 07:00:00,1.19,2.53,123.46,0.33,31.0,0.24,1,Good
Jakarta,2026-03-04 08:00:00,1.38,2.91,125.79,0.37,31.1,0.24,1,Good
Jakarta,2026-03-04 09:00:00,1.47,3.14,128.48,0.42,31.17,0.22,1,Good
Jakarta,2026-03-04 10:00:00,1.57,3.39,131.4,0.46,31.4,0.22,1,Good
Jakarta,2026-03-04 11:00:00,1.63,3.48,134.12,0.52,31.34,0.23,1,Good
Jakarta,2026-03-04 12:00:00,1.66,3.44,136.14,0.59,30.98,0.24,1,Good
Jakarta,2026-03-04 13:00:00,1.55,3.03,137.18,0.62,30.43,0.25,1,Good
Jakarta,2026-03-04 14:00:00,1.38,2.63,137.34,0.61,30.0,0.24,1,Good
Jakarta,2026-03-04 15:00:00,1.25,2.41,137.14,0.58,29.67,0.24,1,Good
Jakarta,2026-03-04 16:00:00,1.17,2.29,137.33,0.55,29.41,0.23,1,Good
Jakarta,2026-03-04 17:00:00,1.18,2.29,136.6,0.5,29.21,0.22,1,Good
Jakarta,2026-03-04 18:00:00,1.23,2.34,135.07,0.43,29.04,0.2,1,Good
Jakarta,2026-03-04 19:00:00,1.32,2.53,132.41,0.37,28.71,0.18,1,Good
Jakarta,2026-03-04 20:00:00,1.44,2.85,129.05,0.33,28.03,0.17,1,Good
Jakarta,2026-03-04 21:00:00,1.49,3.02,124.72,0.3,27.33,0.15,1,Good
Jakarta,2026-03-04 22:00:00,1.49,3.07,119.59,0.27,26.63,0.15,1,Good
Jakarta,2026-03-04 23:00:00,1.45,2.92,114.12,0.26,25.93,0.14,1,Good
Jakarta,2026-03-05 00:00:00,1.38,2.69,110.14,0.3,25.32,0.15,1,Good
Jakarta,2026-03-05 01:00:00,1.24,2.31,107.07,0.36,24.91,0.15,1,Good
Jakarta,2026-03-05 02:00:00,1.12,2.05,104.27,0.39,24.55,0.16,1,Good
Jakarta,2026-03-05 03:00:00,1.03,1.87,101.13,0.37,24.3,0.16,1,Good
Jakarta,2026-03-05 04:00:00,0.97,1.78,97.64,0.35,24.09,0.16,1,Good
Jakarta,2026-03-05 05:00:00,0.93,1.77,93.14,0.3,23.89,0.15,1,Good
Jakarta,2026-03-05 06:00:00,0.89,1.75,87.45,0.25,23.44,0.13,1,Good
Jakarta,2026-03-05 07:00:00,0.88,1.89,82.06,0.23,22.91,0.12,1,Good
Jakarta,2026-03-05 08:00:00,0.91,2.12,77.54,0.21,22.68,0.12,1,Good
Jakarta,2026-03-05 09:00:00,0.95,2.26,74.03,0.23,22.66,0.12,1,Good
Jakarta,2026-03-05 10:00:00,0.94,2.1,72.5,0.28,22.87,0.12,1,Good
Jakarta,2026-03-05 11:00:00,0.87,1.82,71.96,0.34,23.15,0.13,1,Good
Jakarta,2026-03-05 12:00:00,0.82,1.67,71.33,0.35,23.56,0.12,1,Good
Jakarta,2026-03-05 13:00:00,0.81,1.7,72.71,0.41,23.69,0.13,1,Good
Jakarta,2026-03-05 14:00:00,0.83,1.84,75.88,0.51,23.55,0.16,1,Good
Jakarta,2026-03-05 15:00:00,0.84,1.91,77.9,0.56,23.35,0.17,1,Good
Jakarta,2026-03-05 16:00:00,0.81,1.84,77.92,0.57,23.06,0.17,1,Good
Jakarta,2026-03-05 17:00:00,0.8,1.71,75.09,0.47,22.92,0.15,1,Good
Jakarta,2026-03-05 18:00:00,0.8,1.65,71.51,0.33,22.98,0.13,1,Good
Jakarta,2026-03-05 19:00:00,0.76,1.49,68.52,0.2,23.27,0.11,1,Good
Jakarta,2026-03-05 20:00:00,0.76,1.47,67.88,0.18,23.24,0.1,1,Good
Jakarta,2026-03-05 21:00:00,0.77,1.45,67.59,0.17,23.16,0.1,1,Good
Jakarta,2026-03-05 22:00:00,0.78,1.44,67.55,0.17,23.09,0.09,1,Good
Jakarta,2026-03-05 23:00:00,0.78,1.46,67.83,0.19,22.9,0.1,1,Good
Jakarta,2026-03-06 00:00:00,0.75,1.48,69.04,0.24,22.68,0.11,1,Good
Jakarta,2026-03-06 01:00:00,0.76,1.55,72.01,0.37,22.34,0.14,1,Good
Jakarta,2026-03-06 02:00:00,0.81,1.74,76.17,0.52,21.94,0.18,1,Good
Jakarta,2026-03-06 03:00:00,0.88,1.92,79.14,0.63,21.65,0.23,1,Good
Jakarta,2026-03-06 04:00:00,0.95,2.14,80.81,0.69,21.52,0.28,1,Good
Jakarta,2026-03-06 05:00:00,1.03,2.32,80.71,0.63,21.68,0.28,1,Good
Jakarta,2026-03-06 06:00:00,1.11,2.5,79.65,0.5,21.86,0.24,1,Good
Jakarta,2026-03-06 07:00:00,1.13,2.61,77.48,0.34,22.02,0.18,1,Good
Jakarta,2026-03-06 08:00:00,1.12,2.67,77.33,0.29,21.99,0.16,1,Good
Jakarta,2026-03-06 09:00:00,1.13,2.75,79.2,0.3,22.02,0.16,1,Good
Jakarta,2026-03-06 10:00:00,1.21,2.99,83.24,0.42,21.97,0.18,1,Good
Jakarta,2026-03-06 11:00:00,1.35,3.38,89.73,0.62,21.63,0.21,1,Good
Jakarta,2026-03-06 12:00:00,1.45,3.54,95.48,0.74,21.53,0.23,1,Good
Jakarta,2026-03-06 13:00:00,1.48,3.32,100.25,0.77,21.73,0.24,1,Good
Jakarta,2026-03-06 14:00:00,1.47,3.06,105.29,0.73,22.45,0.23,1,Good
Jakarta,2026-03-06 15:00:00,1.45,2.9,113.34,0.67,23.87,0.23,1,Good
Jakarta,2026-03-06 16:00:00,1.32,2.54,122.47,0.6,25.87,0.23,1,Good
Jakarta,2026-03-06 17:00:00,1.15,2.14,129.84,0.53,27.88,0.21,1,Good
Jakarta,2026-03-06 18:00:00,1.03,1.92,133.76,0.43,29.57,0.19,1,Good
Jakarta,2026-03-06 19:00:00,0.99,1.92,136.45,0.34,31.0,0.17,1,Good
Jakarta,2026-03-06 20:00:00,1.05,2.08,139.68,0.29,32.31,0.16,1,Good
Jakarta,2026-03-06 21:00:00,1.09,2.15,144.58,0.27,34.0,0.15,1,Good
Jakarta,2026-03-06 22:00:00,1.12,2.18,149.94,0.25,36.0,0.14,1,Good
Jakarta,2026-03-06 23:00:00,1.18,2.25,154.62,0.26,38.08,0.14,1,Good
Jakarta,2026-03-07 00:00:00,1.23,2.37,158.86,0.31,39.9,0.15,1,Good
Jakarta,2026-03-07 01:00:00,1.21,2.33,161.88,0.4,41.04,0.17,1,Good
Jakarta,2026-03-07 02:00:00,1.16,2.24,162.63,0.46,41.46,0.18,1,Good
Jakarta,2026-03-07 03:00:00,1.14,2.16,161.44,0.47,41.59,0.19,1,Good
Jakarta,2026-03-07 04:00:00,1.2,2.23,158.81,0.42,41.52,0.21,1,Good
Jakarta,2026-03-07 05:00:00,1.31,2.35,155.98,0.39,41.14,0.22,1,Good
Jakarta,2026-03-07 06:00:00,1.37,2.39,153.86,0.39,40.27,0.24,1,Good
Jakarta,2026-03-07 07:00:00,1.37,2.38,151.08,0.39,38.68,0.26,1,Good
Jakarta,2026-03-07 08:00:00,1.25,2.23,147.65,0.38,36.58,0.26,1,Good
Jakarta,2026-03-07 09:00:00,1.12,2.02,145.02,0.4,34.48,0.27,1,Good
Jakarta,2026-03-07 10:00:00,1.01,1.86,144.0,0.45,33.04,0.27,1,Good
Jakarta,2026-03-07 11:00:00,1.0,1.96,143.71,0.54,31.79,0.28,1,Good
Jakarta,2026-03-07 12:00:00,1.05,2.19,143.51,0.62,30.85,0.29,1,Good
Jakarta,2026-03-07 13:00:00,1.14,2.56,143.7,0.69,30.08,0.3,1,Good
Jakarta,2026-03-07 14:00:00,1.26,2.96,146.14,0.82,29.45,0.34,1,Good
Jakarta,2026-03-07 15:00:00,1.33,3.13,149.72,0.94,28.89,0.37,1,Good
Jakarta,2026-03-07 16:00:00,1.35,3.13,152.19,1.05,28.33,0.4,1,Good
Jakarta,2026-03-07 17:00:00,1.38,3.11,153.35,1.11,27.78,0.44,1,Good
Jakarta,2026-03-07 18:00:00,1.45,3.12,152.93,1.11,27.36,0.47,1,Good
Jakarta,2026-03-07 19:00:00,1.46,2.97,150.96,1.05,27.16,0.47,1,Good
Jakarta,2026-03-07 20:00:00,1.39,2.76,147.19,0.94,27.28,0.43,1,Good
Jakarta,2026-03-07 21:00:00,1.32,2.56,145.17,0.83,27.66,0.41,1,Good
Jakarta,2026-03-07 22:00:00,1.32,2.55,145.07,0.76,28.07,0.42,1,Good
Jakarta,2026-03-07 23:00:00,1.37,2.65,147.5,0.77,28.25,0.46,1,Good
Jakarta,2026-03-08 00:00:00,1.49,2.82,153.36,0.84,28.28,0.54,1,Good
Jakarta,2026-03-08 01:00:00,1.73,2.98,163.64,0.85,29.06,0.66,1,Good
Jakarta,2026-03-08 02:00:00,2.17,3.3,175.52,0.98,31.59,0.86,1,Good
Jakarta,2026-03-08 03:00:00,2.84,3.88,184.3,1.07,36.22,1.13,1,Good
Jakarta,2026-03-08 04:00:00,3.79,4.81,189.19,0.94,43.81,1.37,1,Good
Jakarta,2026-03-08 05:00:00,4.67,5.72,190.03,0.79,47.89,1.49,1,Good
Jakarta,2026-03-08 06:00:00,4.96,6.01,189.64,0.78,49.19,1.59,1,Good
Jakarta,2026-03-08 07:00:00,4.77,5.81,188.75,0.78,49.74,1.51,1,Good
Jakarta,2026-03-08 08:00:00,4.66,5.76,189.43,0.81,49.97,1.38,1,Good
Jakarta,2026-03-08 09:00:00,4.76,5.93,192.57,0.9,50.24,1.26,1,Good
Jakarta,2026-03-08 10:00:00,4.93,6.29,196.72,1.08,49.74,1.16,1,Good
Jakarta,2026-03-08 11:00:00,4.99,6.44,201.35,1.32,47.88,1.14,1,Good
Jakarta,2026-03-08 12:00:00,4.87,6.32,202.65,1.41,45.49,1.09,1,Good
Jakarta,2026-03-08 13:00:00,3.25,4.32,175.67,1.03,41.09,0.71,1,Good
Jakarta,2026-03-08 14:00:00,2.32,3.3,156.34,0.81,38.08,0.5,1,Good
Jakarta,2026-03-08 15:00:00,2.08,3.14,147.45,0.73,36.61,0.44,1,Good
Jakarta,2026-03-08 16:00:00,2.05,3.28,140.71,0.68,35.49,0.42,1,Good
Jakarta,2026-03-08 17:00:00,2.11,3.47,135.1,0.65,34.83,0.42,1,Good
Jakarta,2026-03-08 18:00:00,2.18,3.57,129.49,0.62,34.28,0.41,1,Good
Jakarta,2026-03-08 19:00:00,2.27,3.66,124.45,0.6,33.98,0.39,1,Good
Jakarta,2026-03-08 20:00:00,2.44,3.86,120.16,0.57,33.87,0.35,1,Good
Jakarta,2026-03-08 21:00:00,2.66,4.06,116.92,0.53,33.91,0.32,1,Good
Jakarta,2026-03-08 22:00:00,2.69,3.94,117.62,0.56,33.78,0.3,1,Good
Jakarta,2026-03-08 23:00:00,2.74,3.91,122.69,0.68,33.44,0.36,1,Good
Jakarta,2026-03-09 00:00:00,2.66,3.77,128.39,0.86,33.14,0.42,1,Good
Jakarta,2026-03-09 01:00:00,2.55,3.71,135.18,1.03,32.96,0.5,1,Good
Jakarta,2026-03-09 02:00:00,2.59,3.83,139.87,0.92,34.43,0.61,1,Good
Jakarta,2026-03-09 03:00:00,2.82,4.05,139.97,0.67,38.46,0.67,1,Good
Jakarta,2026-03-09 04:00:00,2.4,3.35,122.48,0.31,40.22,0.46,1,Good
Jakarta,2026-03-09 05:00:00,1.87,2.7,112.92,0.19,39.33,0.31,1,Good
Jakarta,2026-03-09 06:00:00,1.65,2.52,110.58,0.18,38.79,0.28,1,Good
Jakarta,2026-03-09 07:00:00,1.52,2.55,109.82,0.19,38.4,0.28,1,Good
Jakarta,2026-03-09 08:00:00,1.46,2.68,108.46,0.21,37.68,0.28,1,Good
Jakarta,2026-03-09 09:00:00,1.41,2.79,107.28,0.24,36.77,0.29,1,Good
Jakarta,2026-03-09 10:00:00,1.51,3.22,111.36,0.46,35.91,0.36,1,Good
Jakarta,2026-03-09 11:00:00,1.82,4.06,121.5,0.89,34.66,0.5,1,Good
Jakarta,2026-03-09 12:00:00,2.22,5.03,129.81,1.16,33.46,0.6,1,Good
Jakarta,2026-03-09 13:00:00,2.64,5.91,135.19,1.25,32.59,0.65,1,Good
Jakarta,2026-03-09 14:00:00,3.03,6.57,136.48,1.19,32.36,0.67,1,Good
Jakarta,2026-03-09 15:00:00,3.29,7.0,130.76,1.02,32.7,0.68,1,Good
Jakarta,2026-03-09 16:00:00,3.22,6.91,116.18,0.71,33.32,0.63,1,Good
Jakarta,2026-03-09 17:00:00,3.47,7.5,114.7,0.71,33.06,0.64,1,Good
Jakarta,2026-03-09 18:00:00,3.74,8.02,114.02,0.73,32.73,0.64,1,Good
Jakarta,2026-03-09 19:00:00,4.02,8.65,112.35,0.72,32.5,0.64,1,Good
Jakarta,2026-03-09 20:00:00,4.3,9.37,109.8,0.67,32.46,0.62,1,Good
Jakarta,2026-03-09 21:00:00,4.54,9.92,107.6,0.61,32.57,0.6,1,Good
Jakarta,2026-03-09 22:00:00,4.44,9.56,104.74,0.52,33.19,0.51,1,Good
Jakarta,2026-03-09 23:00:00,3.94,8.3,103.14,0.47,33.81,0.42,1,Good
Jakarta,2026-03-10 00:00:00,3.47,7.21,103.83,0.52,34.25,0.39,1,Good
Jakarta,2026-03-10 01:00:00,3.11,6.51,105.76,0.57,34.48,0.41,1,Good
Jakarta,2026-03-10 02:00:00,3.0,6.42,107.44,0.51,35.62,0.44,1,Good
Jakarta,2026-03-10 03:00:00,2.97,6.55,107.09,0.37,37.73,0.42,1,Good
Jakarta,2026-03-10 04:00:00,2.95,6.72,105.52,0.25,39.32,0.37,1,Good
Jakarta,2026-03-10 05:00:00,2.8,6.68,102.99,0.19,38.88,0.3,1,Good
Jakarta,2026-03-10 06:00:00,2.52,6.38,100.81,0.14,37.12,0.24,1,Good
Jakarta,2026-03-10 07:00:00,2.09,5.79,98.9,0.12,34.7,0.17,1,Good
Jakarta,2026-03-10 08:00:00,1.76,5.36,97.78,0.11,32.44,0.14,1,Good
Jakarta,2026-03-10 09:00:00,1.62,5.36,98.07,0.12,30.92,0.13,1,Good
Jakarta,2026-03-10 10:00:00,1.56,5.51,99.29,0.16,29.82,0.13,1,Good
Jakarta,2026-03-10 11:00:00,1.51,5.61,100.49,0.21,28.73,0.13,1,Good
Jakarta,2026-03-10 12:00:00,1.42,5.54,100.99,0.22,27.77,0.13,1,Good
Jakarta,2026-03-10 13:00:00,1.29,4.95,101.26,0.21,26.97,0.12,1,Good
Jakarta,2026-03-10 14:00:00,1.21,4.59,102.34,0.21,26.25,0.12,1,Good
Jakarta,2026-03-10 15:00:00,1.18,4.51,103.51,0.23,25.57,0.13,1,Good
Jakarta,2026-03-10 16:00:00,1.25,4.8,109.22,0.42,24.48,0.17,1,Good
Jakarta,2026-03-10 17:00:00,1.44,5.24,120.18,0.76,23.32,0.24,1,Good
Jakarta,2026-03-10 18:00:00,1.7,5.7,133.26,1.05,22.24,0.28,1,Good
Jakarta,2026-03-10 19:00:00,1.9,6.02,140.83,1.18,21.53,0.31,1,Good
Jakarta,2026-03-10 20:00:00,2.01,6.21,144.11,1.14,20.93,0.3,1,Good
Jakarta,2026-03-10 21:00:00,2.03,6.14,142.73,0.98,20.74,0.25,1,Good
Jakarta,2026-03-10 22:00:00,1.52,5.26,120.67,0.45,22.37,0.16,1,Good
Jakarta,2026-03-10 23:00:00,1.5,5.24,119.48,0.41,22.34,0.15,1,Good
Jakarta,2026-03-11 00:00:00,1.52,5.37,120.94,0.47,22.26,0.18,1,Good
Jakarta,2026-03-11 01:00:00,1.79,5.94,137.29,0.7,22.75,0.31,1,Good
Jakarta,2026-03-11 02:00:00,2.23,6.77,156.82,1.01,26.67,0.48,1,Good
Jakarta,2026-03-11 03:00:00,3.02,7.85,166.24,1.04,34.57,0.58,1,Good
Jakarta,2026-03-11 04:00:00,3.99,8.93,165.31,0.83,41.5,0.6,1,Good
Jakarta,2026-03-11 05:00:00,4.33,9.05,156.01,0.62,42.83,0.51,1,Good
Jakarta,2026-03-11 06:00:00,3.73,7.94,139.63,0.44,39.25,0.37,1,Good
Jakarta,2026-03-11 07:00:00,1.82,5.22,112.89,0.17,29.46,0.17,1,Good
Jakarta,2026-03-11 08:00:00,1.34,4.48,107.46,0.14,26.85,0.13,1,Good
Jakarta,2026-03-11 09:00:00,1.16,4.13,105.36,0.15,25.99,0.12,1,Good
Jakarta,2026-03-11 10:00:00,1.0,3.73,104.02,0.17,25.36,0.12,1,Good
Jakarta,2026-03-11 11:00:00,0.9,3.42,103.44,0.24,24.82,0.12,1,Good
Jakarta,2026-03-11 12:00:00,0.87,3.3,103.02,0.26,24.4,0.12,1,Good
Jakarta,2026-03-11 13:00:00,0.85,3.17,102.39,0.24,24.17,0.11,1,Good
Jakarta,2026-03-11 14:00:00,0.82,2.99,101.36,0.21,24.21,0.1,1,Good
Jakarta,2026-03-11 15:00:00,0.79,2.79,100.41,0.18,24.48,0.08,1,Good
Jakarta,2026-03-11 16:00:00,0.84,2.89,104.62,0.34,24.05,0.12,1,Good
Jakarta,2026-03-11 17:00:00,0.97,3.18,112.97,0.63,23.13,0.17,1,Good
Jakarta,2026-03-11 18:00:00,1.15,3.58,122.11,0.88,22.21,0.2,1,Good
Jakarta,2026-03-11 19:00:00,1.27,3.76,126.39,0.97,21.85,0.22,1,Good
Jakarta,2026-03-11 20:00:00,1.37,3.86,128.44,1.01,21.76,0.23,1,Good
Jakarta,2026-03-11 21:00:00,1.53,4.11,134.0,1.11,21.48,0.24,1,Good
Jakarta,2026-03-11 22:00:00,1.8,4.5,143.16,1.26,21.01,0.26,1,Good
Jakarta,2026-03-11 23:00:00,2.03,4.81,151.0,1.42,20.64,0.28,1,Good
Jakarta,2026-03-12 00:00:00,2.22,5.18,161.83,1.71,20.28,0.37,1,Good
Jakarta,2026-03-12 01:00:00,2.58,6.03,183.58,1.97,20.37,0.54,1,Good
Jakarta,2026-03-12 02:00:00,2.89,6.55,193.54,1.8,23.76,0.59,1,Good
Jakarta,2026-03-12 03:00:00,3.25,6.53,173.1,1.18,31.56,0.45,1,Good
Jakarta,2026-03-12 04:00:00,2.08,4.38,123.5,0.33,31.8,0.19,1,Good
Jakarta,2026-03-12 05:00:00,1.83,3.9,112.9,0.2,31.57,0.14,1,Good
Jakarta,2026-03-12 06:00:00,1.7,3.65,108.27,0.16,30.8,0.12,1,Good
Jakarta,2026-03-12 07:00:00,1.48,3.36,104.84,0.13,29.57,0.11,1,Good
Jakarta,2026-03-12 08:00:00,1.27,3.08,102.02,0.12,28.3,0.1,1,Good
Jakarta,2026-03-12 09:00:00,1.12,2.88,100.07,0.12,27.56,0.09,1,Good
Jakarta,2026-03-12 10:00:00,0.97,2.63,98.97,0.16,27.02,0.09,1,Good
Jakarta,2026-03-12 11:00:00,0.9,2.52,99.94,0.31,26.61,0.11,1,Good
Jakarta,2026-03-12 12:00:00,0.9,2.61,101.08,0.42,26.15,0.13,1,Good
Jakarta,2026-03-12 13:00:00,0.9,2.68,101.04,0.42,26.01,0.13,1,Good
Jakarta,2026-03-12 14:00:00,0.88,2.64,98.85,0.33,26.11,0.11,1,Good
Jakarta,2026-03-12 15:00:00,0.84,2.53,96.22,0.24,26.43,0.09,1,Good
Jakarta,2026-03-12 16:00:00,0.89,2.67,99.34,0.34,26.2,0.11,1,Good
Jakarta,2026-03-12 17:00:00,1.11,3.21,111.29,0.67,25.16,0.17,1,Good
Jakarta,2026-03-12 18:00:00,1.47,3.92,127.79,1.01,23.95,0.21,1,Good
Jakarta,2026-03-12 19:00:00,1.67,4.22,134.34,1.11,23.23,0.22,1,Good
Jakarta,2026-03-12 20:00:00,1.77,4.35,136.36,1.13,22.7,0.23,1,Good
Jakarta,2026-03-12 21:00:00,1.96,4.6,141.19,1.2,22.15,0.23,1,Good
Jakarta,2026-03-12 22:00:00,2.28,5.01,151.19,1.35,21.54,0.25,1,Good
Jakarta,2026-03-12 23:00:00,2.51,5.3,158.63,1.49,21.25,0.27,1,Good
Jakarta,2026-03-13 00:00:00,2.54,5.45,164.95,1.72,21.22,0.36,1,Good
Jakarta,2026-03-13 01:00:00,2.7,5.85,180.85,1.87,21.61,0.54,1,Good
Jakarta,2026-03-13 02:00:00,2.85,6.09,185.49,1.67,25.24,0.61,1,Good
Jakarta,2026-03-13 03:00:00,3.09,6.13,163.54,1.05,32.36,0.47,1,Good
Jakarta,2026-03-13 04:00:00,1.64,3.85,111.26,0.24,29.12,0.16,1,Good
Jakarta,2026-03-13 05:00:00,1.21,3.09,102.76,0.13,27.18,0.11,1,Good
Jakarta,2026-03-13 06:00:00,1.04,2.7,102.31,0.11,26.57,0.09,1,Good
Jakarta,2026-03-13 07:00:00,0.89,2.36,103.37,0.1,26.19,0.07,1,Good
Jakarta,2026-03-13 08:00:00,0.76,2.07,104.42,0.09,25.97,0.07,1,Good
Jakarta,2026-03-13 09:00:00,0.69,1.92,105.3,0.1,25.91,0.06,1,Good
Jakarta,2026-03-13 10:00:00,0.67,1.91,106.68,0.13,25.91,0.07,1,Good
Jakarta,2026-03-13 11:00:00,0.69,2.02,108.2,0.24,25.41,0.09,1,Good
Jakarta,2026-03-13 12:00:00,0.73,2.21,109.02,0.3,24.69,0.1,1,Good
Jakarta,2026-03-13 13:00:00,0.77,2.38,108.48,0.29,24.18,0.1,1,Good
Jakarta,2026-03-13 14:00:00,0.78,2.45,106.66,0.23,23.85,0.08,1,Good
Jakarta,2026-03-13 15:00:00,0.77,2.45,104.75,0.17,23.57,0.07,1,Good
Jakarta,2026-03-13 16:00:00,0.75,2.39,102.81,0.14,23.19,0.06,1,Good
Jakarta,2026-03-13 17:00:00,0.76,2.39,101.98,0.13,22.83,0.06,1,Good
Jakarta,2026-03-13 18:00:00,0.77,2.41,101.49,0.12,22.37,0.05,1,Good
Jakarta,2026-03-13 19:00:00,0.81,2.55,101.29,0.12,21.74,0.06,1,Good
Jakarta,2026-03-13 20:00:00,0.88,2.75,101.91,0.14,21.1,0.07,1,Good
Jakarta,2026-03-13 21:00:00,0.96,2.9,104.12,0.18,20.54,0.08,1,Good
Jakarta,2026-03-13 22:00:00,1.16,3.22,113.06,0.39,19.57,0.1,1,Good
Jakarta,2026-03-13 23:00:00,1.3,3.48,120.85,0.61,18.98,0.14,1,Good
Jakarta,2026-03-14 00:00:00,1.35,3.66,127.35,0.84,18.98,0.22,1,Good
Jakarta,2026-03-14 01:00:00,1.46,3.96,140.73,1.13,19.43,0.36,1,Good
Jakarta,2026-03-14 02:00:00,1.64,4.42,152.43,1.37,21.19,0.48,1,Good
Jakarta,2026-03-14 03:00:00,1.87,4.91,157.04,1.38,24.88,0.54,1,Good
Jakarta,2026-03-14 04:00:00,2.46,5.78,155.01,0.9,32.95,0.52,1,Good
Jakarta,2026-03-14 05:00:00,3.06,6.5,145.22,0.59,37.33,0.45,1,Good
Jakarta,2026-03-14 06:00:00,2.8,6.12,130.29,0.39,34.61,0.32,1,Good
Jakarta,2026-03-14 07:00:00,1.47,4.37,107.27,0.13,24.67,0.14,1,Good
Jakarta,2026-03-14 08:00:00,1.23,4.07,104.74,0.12,22.63,0.14,1,Good
Jakarta,2026-03-14 09:00:00,1.12,3.88,104.92,0.14,21.85,0.14,1,Good
Jakarta,2026-03-14 10:00:00,1.04,3.69,105.78,0.17,21.1,0.14,1,Good
Jakarta,2026-03-14 11:00:00,0.98,3.55,105.74,0.24,19.96,0.14,1,Good
Jakarta,2026-03-14 12:00:00,0.96,3.49,104.74,0.25,18.96,0.13,1,Good
Jakarta,2026-03-14 13:00:00,0.94,3.43,103.45,0.21,18.21,0.11,1,Good
Jakarta,2026-03-14 14:00:00,0.91,3.28,102.65,0.19,17.66,0.1,1,Good
Jakarta,2026-03-14 15:00:00,0.86,3.07,102.72,0.17,17.27,0.1,1,Good
Jakarta,2026-03-14 16:00:00,0.79,2.57,103.03,0.18,16.94,0.1,1,Good
Jakarta,2026-03-14 17:00:00,0.72,2.06,103.22,0.19,16.79,0.1,1,Good
Jakarta,2026-03-14 18:00:00,0.68,1.71,103.23,0.2,16.75,0.1,1,Good
Jakarta,2026-03-14 19:00:00,0.68,1.36,103.13,0.22,16.66,0.1,1,Good
Jakarta,2026-03-14 20:00:00,0.73,1.35,104.68,0.26,16.39,0.11,1,Good
Jakarta,2026-03-14 21:00:00,0.77,1.35,106.32,0.3,16.13,0.12,1,Good
Jakarta,2026-03-14 22:00:00,0.79,1.33,107.47,0.33,15.93,0.13,1,Good
Jakarta,2026-03-14 23:00:00,0.84,1.38,109.47,0.37,15.77,0.14,1,Good
Jakarta,2026-03-15 00:00:00,0.92,1.5,112.52,0.45,15.62,0.18,1,Good
Jakarta,2026-03-15 01:00:00,0.92,1.52,114.09,0.49,15.71,0.2,1,Good
Jakarta,2026-03-15 02:00:00,0.86,1.5,113.98,0.47,16.14,0.2,1,Good
Jakarta,2026-03-15 03:00:00,0.81,1.52,112.47,0.41,17.0,0.21,1,Good
Jakarta,2026-03-15 04:00:00,0.91,1.92,116.35,0.46,18.95,0.27,1,Good
Jakarta,2026-03-15 05:00:00,1.12,2.49,122.8,0.59,21.74,0.35,1,Good
Jakarta,2026-03-15 06:00:00,1.31,2.95,127.65,0.64,24.42,0.4,1,Good
Jakarta,2026-03-15 07:00:00,1.49,3.33,128.7,0.55,27.07,0.41,1,Good
Jakarta,2026-03-15 08:00:00,1.46,3.46,123.52,0.5,26.17,0.35,1,Good
Jakarta,2026-03-15 09:00:00,1.23,3.27,115.02,0.43,23.28,0.28,1,Good
Jakarta,2026-03-15 10:00:00,0.93,2.79,106.25,0.35,19.72,0.2,1,Good
Jakarta,2026-03-15 11:00:00,0.87,2.63,110.71,0.6,17.8,0.23,1,Good
Jakarta,2026-03-15 12:00:00,0.85,2.51,114.39,0.77,16.35,0.25,1,Good
Jakarta,2026-03-15 13:00:00,0.87,2.37,117.53,0.86,15.57,0.26,1,Good
Jakarta,2026-03-15 14:00:00,0.9,2.33,121.18,0.95,15.09,0.27,1,Good
Jakarta,2026-03-15 15:00:00,0.92,2.39,124.14,1.02,14.82,0.29,1,Good
Jakarta,2026-03-15 16:00:00,0.93,2.24,125.96,1.08,14.55,0.29,1,Good
Jakarta,2026-03-15 17:00:00,0.92,2.03,127.06,1.13,14.33,0.27,1,Good
Jakarta,2026-03-15 18:00:00,0.98,2.0,129.22,1.16,14.07,0.26,1,Good
Jakarta,2026-03-15 19:00:00,1.04,2.01,130.71,1.13,13.66,0.24,1,Good
Jakarta,2026-03-15 20:00:00,1.06,1.95,130.1,1.03,13.28,0.21,1,Good
Jakarta,2026-03-15 21:00:00,1.0,1.73,125.88,0.87,13.21,0.18,1,Good
Jakarta,2026-03-15 22:00:00,0.72,1.18,111.78,0.49,13.85,0.16,1,Good
Jakarta,2026-03-15 23:00:00,0.72,1.15,110.88,0.5,13.73,0.19,1,Good
Jakarta,2026-03-16 00:00:00,0.8,1.27,114.49,0.63,13.51,0.25,1,Good
Jakarta,2026-03-16 01:00:00,1.1,1.89,131.32,1.02,13.12,0.4,1,Good
Jakarta,2026-03-16 02:00:00,1.58,2.91,157.15,1.63,13.15,0.61,1,Good
Jakarta,2026-03-16 03:00:00,2.0,3.84,173.83,1.96,14.88,0.78,1,Good
Jakarta,2026-03-16 04:00:00,3.04,5.24,178.07,1.37,26.16,0.83,1,Good
Jakarta,2026-03-16 05:00:00,5.07,7.44,166.25,0.87,37.65,0.72,1,Good
Jakarta,2026-03-16 06:00:00,5.21,7.58,144.51,0.54,39.58,0.6,1,Good
Jakarta,2026-03-16 07:00:00,2.62,4.75,110.8,0.22,33.38,0.44,1,Good
Jakarta,2026-03-16 08:00:00,2.17,4.54,105.77,0.18,32.48,0.4,1,Good
Jakarta,2026-03-16 09:00:00,1.92,4.45,104.14,0.18,31.59,0.36,1,Good
Jakarta,2026-03-16 10:00:00,1.71,4.41,106.24,0.29,29.89,0.34,1,Good
Jakarta,2026-03-16 11:00:00,1.58,4.52,111.28,0.58,27.25,0.35,1,Good
Jakarta,2026-03-16 12:00:00,1.5,4.62,114.76,0.73,25.06,0.33,1,Good
Jakarta,2026-03-16 13:00:00,1.45,4.66,115.55,0.74,23.73,0.31,1,Good
Jakarta,2026-03-16 14:00:00,1.39,4.56,113.39,0.62,23.19,0.26,1,Good
Jakarta,2026-03-16 15:00:00,1.34,4.35,111.15,0.46,23.14,0.21,1,Good
Jakarta,2026-03-16 16:00:00,1.31,4.05,110.17,0.32,23.49,0.17,1,Good
Jakarta,2026-03-16 17:00:00,1.38,3.99,113.96,0.32,23.88,0.19,1,Good
Jakarta,2026-03-16 18:00:00,1.58,4.25,122.67,0.43,24.11,0.26,1,Good
Jakarta,2026-03-16 19:00:00,1.84,4.53,131.11,0.55,24.41,0.36,1,Good
Jakarta,2026-03-16 20:00:00,2.15,4.88,139.8,0.7,24.51,0.47,1,Good
Jakarta,2026-03-16 21:00:00,2.48,5.23,148.4,0.82,24.55,0.56,1,Good
Jakarta,2026-03-16 22:00:00,2.78,5.51,155.99,0.92,24.57,0.62,1,Good
Jakarta,2026-03-16 23:00:00,2.84,5.45,155.92,0.93,24.74,0.65,1,Good
Jakarta,2026-03-17 00:00:00,2.75,5.26,153.56,0.91,24.91,0.69,1,Good
Jakarta,2026-03-17 01:00:00,2.87,5.37,157.93,0.79,26.07,0.73,1,Good
Jakarta,2026-03-17 02:00:00,2.9,5.26,154.55,0.63,29.88,0.73,1,Good
Jakarta,2026-03-17 03:00:00,3.04,5.21,148.36,0.46,34.52,0.71,1,Good
Jakarta,2026-03-17 04:00:00,3.3,5.28,143.04,0.34,37.43,0.68,1,Good
Jakarta,2026-03-17 05:00:00,3.38,5.14,136.94,0.26,38.03,0.61,1,Good
Jakarta,2026-03-17 06:00:00,3.31,4.9,131.98,0.22,37.76,0.52,1,Good
Jakarta,2026-03-17 07:00:00,3.38,5.06,136.8,0.37,38.42,0.5,1,Good
Jakarta,2026-03-17 08:00:00,3.49,5.45,147.43,0.65,39.74,0.54,1,Good
Jakarta,2026-03-17 09:00:00,3.25,5.39,154.81,1.01,38.29,0.58,1,Good
Jakarta,2026-03-17 10:00:00,2.8,5.03,161.8,1.51,34.21,0.64,1,Good
Jakarta,2026-03-17 11:00:00,2.32,4.55,161.37,1.8,29.34,0.61,1,Good
Jakarta,2026-03-17 12:00:00,1.86,3.99,149.18,1.48,25.82,0.49,1,Good
Jakarta,2026-03-17 13:00:00,1.39,3.18,126.54,0.74,23.86,0.28,1,Good
Jakarta,2026-03-17 14:00:00,1.19,2.9,119.51,0.52,22.28,0.2,1,Good
Jakarta,2026-03-17 15:00:00,1.07,2.74,116.66,0.43,21.03,0.16,1,Good
Jakarta,2026-03-17 16:00:00,1.02,2.64,115.95,0.42,19.97,0.14,1,Good
Jakarta,2026-03-17 17:00:00,1.05,2.71,118.01,0.48,19.25,0.14,1,Good
Jakarta,2026-03-17 18:00:00,1.13,2.86,120.85,0.52,18.83,0.14,1,Good
Jakarta,2026-03-17 19:00:00,1.1,2.72,119.31,0.47,18.4,0.12,1,Good
Jakarta,2026-03-17 20:00:00,1.1,2.66,119.52,0.45,17.94,0.11,1,Good
Jakarta,2026-03-17 21:00:00,1.16,2.71,121.82,0.47,17.62,0.11,1,Good
Jakarta,2026-03-17 22:00:00,1.27,2.84,125.22,0.51,17.52,0.12,1,Good
Jakarta,2026-03-17 23:00:00,1.29,2.82,126.45,0.53,17.38,0.12,1,Good
Jakarta,2026-03-18 00:00:00,1.27,2.75,127.95,0.56,17.17,0.13,1,Good
Jakarta,2026-03-18 01:00:00,2.19,4.37,163.58,1.3,16.62,0.3,1,Good
Jakarta,2026-03-18 02:00:00,3.73,7.06,218.54,2.16,17.87,0.54,1,Good
Jakarta,2026-03-18 03:00:00,5.44,9.44,250.02,2.2,26.05,0.7,1,Good
Jakarta,2026-03-18 04:00:00,9.59,13.65,256.12,1.51,44.15,0.76,1,Good
Jakarta,2026-03-18 05:00:00,13.09,16.67,239.77,0.95,53.31,0.66,2,Fair
Jakarta,2026-03-18 06:00:00,11.75,14.52,203.7,0.63,50.41,0.48,2,Fair
Jakarta,2026-03-18 07:00:00,4.96,6.58,142.07,0.25,33.85,0.19,1,Good
Jakarta,2026-03-18 08:00:00,3.43,4.81,128.27,0.21,29.32,0.14,1,Good
Jakarta,2026-03-18 09:00:00,3.01,4.33,124.26,0.23,28.1,0.13,1,Good
Jakarta,2026-03-18 10:00:00,2.92,4.34,132.34,0.57,27.27,0.21,1,Good
Jakarta,2026-03-18 11:00:00,2.94,4.63,150.33,1.43,25.13,0.37,1,Good
Jakarta,2026-03-18 12:00:00,2.95,5.0,165.8,1.98,22.46,0.51,1,Good
Jakarta,2026-03-18 13:00:00,3.35,6.09,185.79,2.26,20.38,0.63,1,Good
Jakarta,2026-03-18 14:00:00,3.88,7.26,198.62,2.26,18.75,0.65,1,Good
Jakarta,2026-03-18 15:00:00,4.33,8.12,204.23,2.16,17.61,0.6,1,Good
Jakarta,2026-03-18 16:00:00,4.79,8.77,209.1,2.13,16.99,0.53,1,Good
Jakarta,2026-03-18 17:00:00,5.23,9.15,213.32,2.12,17.24,0.45,1,Good
Jakarta,2026-03-18 18:00:00,5.06,8.38,201.16,1.8,18.92,0.34,1,Good
Jakarta,2026-03-18 19:00:00,2.33,3.92,134.98,0.68,18.69,0.15,1,Good
Jakarta,2026-03-18 20:00:00,1.88,3.18,128.82,0.55,17.57,0.13,1,Good
Jakarta,2026-03-18 21:00:00,2.13,3.44,136.33,0.6,17.66,0.14,1,Good
Jakarta,2026-03-18 22:00:00,2.54,3.89,146.43,0.67,18.07,0.16,1,Good
Jakarta,2026-03-18 23:00:00,2.75,4.1,150.73,0.68,18.48,0.18,1,Good
Jakarta,2026-03-19 00:00:00,2.84,4.18,153.02,0.66,18.73,0.19,1,Good
Jakarta,2026-03-19 01:00:00,3.38,4.83,162.34,0.62,20.82,0.24,1,Good
Jakarta,2026-03-19 02:00:00,4.24,5.81,170.87,0.59,25.77,0.28,1,Good
Jakarta,2026-03-19 03:00:00,5.18,6.73,171.07,0.46,31.12,0.28,1,Good
Jakarta,2026-03-19 04:00:00,5.78,7.19,164.48,0.34,34.03,0.25,1,Good
Jakarta,2026-03-19 05:00:00,6.28,7.57,158.63,0.27,35.12,0.22,1,Good
Jakarta,2026-03-19 06:00:00,6.15,7.27,149.83,0.23,34.17,0.19,1,Good
Jakarta,2026-03-19 07:00:00,5.19,6.14,137.39,0.2,31.35,0.15,1,Good
Jakarta,2026-03-19 08:00:00,4.11,4.92,126.47,0.21,28.15,0.13,1,Good
Jakarta,2026-03-19 09:00:00,3.2,3.97,120.36,0.28,25.16,0.13,1,Good
Jakarta,2026-03-19 10:00:00,2.41,3.15,118.04,0.44,21.67,0.14,1,Good
Jakarta,2026-03-19 11:00:00,1.81,2.49,116.02,0.53,18.85,0.15,1,Good
Jakarta,2026-03-19 12:00:00,1.47,2.11,114.86,0.53,17.28,0.15,1,Good
Jakarta,2026-03-19 13:00:00,1.76,2.82,135.81,0.94,15.77,0.26,1,Good
Jakarta,2026-03-19 14:00:00,2.39,4.06,166.6,1.52,14.37,0.39,1,Good
Jakarta,2026-03-19 15:00:00,2.75,4.7,184.5,1.84,13.49,0.44,1,Good
Jakarta,2026-03-19 16:00:00,2.99,5.22,194.19,2.06,12.86,0.48,1,Good
Jakarta,2026-03-19 17:00:00,3.64,6.34,211.22,2.32,12.5,0.53,1,Good
Jakarta,2026-03-19 18:00:00,4.34,7.12,220.41,2.4,12.94,0.51,1,Good
Jakarta,2026-03-19 19:00:00,3.78,5.42,188.33,1.77,14.9,0.36,1,Good
Jakarta,2026-03-19 20:00:00,3.61,4.72,177.14,1.55,15.65,0.29,1,Good
Jakarta,2026-03-19 21:00:00,3.6,4.45,173.08,1.45,16.04,0.25,1,Good
Jakarta,2026-03-19 22:00:00,3.25,3.96,164.95,1.24,16.08,0.21,1,Good
Jakarta,2026-03-19 23:00:00,2.66,3.27,152.56,0.99,15.71,0.17,1,Good
Jakarta,2026-03-20 00:00:00,2.25,2.82,144.04,0.9,15.27,0.16,1,Good
Jakarta,2026-03-20 01:00:00,2.3,2.97,147.11,0.99,15.13,0.2,1,Good
Jakarta,2026-03-20 02:00:00,2.42,3.21,150.87,1.02,15.77,0.23,1,Good
Jakarta,2026-03-20 03:00:00,2.48,3.28,147.69,0.78,18.0,0.23,1,Good
Jakarta,2026-03-20 04:00:00,2.95,3.69,140.92,0.49,23.1,0.2,1,Good
Jakarta,2026-03-20 05:00:00,3.05,3.64,129.8,0.32,25.39,0.16,1,Good
Jakarta,2026-03-20 06:00:00,2.5,2.93,118.0,0.22,24.85,0.12,1,Good
Jakarta,2026-03-20 07:00:00,1.34,1.58,103.17,0.15,20.7,0.07,1,Good
Jakarta,2026-03-20 08:00:00,1.01,1.23,98.97,0.16,19.26,0.07,1,Good
Jakarta,2026-03-20 09:00:00,0.83,1.05,97.14,0.2,18.21,0.08,1,Good
Jakarta,2026-03-20 10:00:00,0.72,0.99,98.24,0.32,16.91,0.11,1,Good
Jakarta,2026-03-20 11:00:00,0.68,1.08,100.18,0.47,15.46,0.14,1,Good
Jakarta,2026-03-20 12:00:00,0.72,1.29,102.55,0.56,14.58,0.17,1,Good
Jakarta,2026-03-20 13:00:00,0.84,1.69,108.02,0.73,13.91,0.19,1,Good
Jakarta,2026-03-20 14:00:00,0.94,2.06,110.4,0.88,13.51,0.19,1,Good
Jakarta,2026-03-20 15:00:00,1.08,2.43,113.31,1.03,13.45,0.21,1,Good
Jakarta,2026-03-20 16:00:00,1.27,2.78,117.93,1.18,13.55,0.23,1,Good
Jakarta,2026-03-20 17:00:00,1.46,3.06,122.76,1.3,13.77,0.25,1,Good
Jakarta,2026-03-20 18:00:00,1.64,3.25,126.63,1.38,14.04,0.26,1,Good
Jakarta,2026-03-20 19:00:00,1.67,3.17,125.05,1.31,14.27,0.24,1,Good
Jakarta,2026-03-20 20:00:00,1.8,3.25,126.7,1.33,14.29,0.24,1,Good
Jakarta,2026-03-20 21:00:00,2.0,3.41,130.63,1.38,14.24,0.24,1,Good
Jakarta,2026-03-20 22:00:00,2.17,3.46,132.96,1.33,14.31,0.21,1,Good
Jakarta,2026-03-20 23:00:00,2.1,3.26,129.3,1.15,14.46,0.18,1,Good
Jakarta,2026-03-21 00:00:00,1.93,3.0,124.05,0.98,14.5,0.17,1,Good
Jakarta,2026-03-21 01:00:00,1.91,2.96,123.38,0.85,15.13,0.18,1,Good
Jakarta,2026-03-21 02:00:00,2.3,3.44,130.72,0.76,17.64,0.22,1,Good
Jakarta,2026-03-21 03:00:00,3.0,4.19,133.75,0.56,22.71,0.23,1,Good
Jakarta,2026-03-21 04:00:00,4.14,5.29,131.04,0.37,28.17,0.22,1,Good
Jakarta,2026-03-21 05:00:00,4.93,5.99,125.41,0.28,30.45,0.19,1,Good
Jakarta,2026-03-21 06:00:00,4.96,5.89,118.3,0.23,30.06,0.17,1,Good
Jakarta,2026-03-21 07:00:00,4.15,4.9,108.92,0.2,27.69,0.14,1,Good
Jakarta,2026-03-21 08:00:00,3.04,3.65,99.65,0.2,24.46,0.11,1,Good
Jakarta,2026-03-21 09:00:00,2.16,2.68,93.01,0.2,21.84,0.09,1,Good
Jakarta,2026-03-21 10:00:00,1.65,2.21,93.86,0.37,19.89,0.12,1,Good
Jakarta,2026-03-21 11:00:00,1.51,2.29,102.64,0.8,18.15,0.2,1,Good
Jakarta,2026-03-21 12:00:00,1.59,2.71,112.65,1.13,16.92,0.26,1,Good
Jakarta,2026-03-21 13:00:00,1.94,3.53,126.11,1.34,16.23,0.32,1,Good
Jakarta,2026-03-21 14:00:00,2.16,3.99,127.8,1.24,16.19,0.28,1,Good
Jakarta,2026-03-21 15:00:00,2.08,3.74,115.77,0.9,16.81,0.2,1,Good
Jakarta,2026-03-21 16:00:00,1.63,2.83,91.99,0.42,17.88,0.1,1,Good
Jakarta,2026-03-21 17:00:00,1.69,2.91,91.37,0.41,18.2,0.09,1,Good
Jakarta,2026-03-21 18:00:00,1.81,3.1,92.78,0.41,18.48,0.09,1,Good
Jakarta,2026-03-21 19:00:00,1.86,3.14,91.2,0.38,18.82,0.08,1,Good
Jakarta,2026-03-21 20:00:00,2.0,3.32,94.39,0.42,19.09,0.08,1,Good
Jakarta,2026-03-21 21:00:00,2.24,3.57,102.43,0.54,19.49,0.1,1,Good
Jakarta,2026-03-21 22:00:00,2.49,3.81,112.52,0.68,20.2,0.11,1,Good
Jakarta,2026-03-21 23:00:00,2.46,3.78,113.31,0.66,21.11,0.1,1,Good
Jakarta,2026-03-22 00:00:00,2.29,3.62,108.38,0.57,21.92,0.09,1,Good
Jakarta,2026-03-22 01:00:00,2.19,3.65,106.48,0.52,22.87,0.1,1,Good
Jakarta,2026-03-22 02:00:00,2.1,3.65,105.67,0.44,24.49,0.11,1,Good
Jakarta,2026-03-22 03:00:00,2.03,3.54,103.03,0.34,26.41,0.11,1,Good
Jakarta,2026-03-22 04:00:00,2.01,3.43,100.04,0.25,28.16,0.11,1,Good
Jakarta,2026-03-22 05:00:00,2.22,3.64,100.03,0.21,29.67,0.11,1,Good
Jakarta,2026-03-22 06:00:00,2.41,3.79,99.32,0.18,30.84,0.11,1,Good
Jakarta,2026-03-22 07:00:00,2.43,3.75,96.77,0.17,31.53,0.11,1,Good
Jakarta,2026-03-22 08:00:00,2.24,3.51,93.25,0.17,31.53,0.1,1,Good
Jakarta,2026-03-22 09:00:00,1.96,3.27,90.01,0.18,31.39,0.1,1,Good
Jakarta,2026-03-22 10:00:00,1.7,3.16,88.05,0.25,31.33,0.1,1,Good
Jakarta,2026-03-22 11:00:00,1.51,3.2,86.94,0.33,31.15,0.11,1,Good
Jakarta,2026-03-22 12:00:00,1.4,3.41,85.99,0.35,31.01,0.12,1,Good
Jakarta,2026-03-22 13:00:00,1.44,3.94,90.06,0.43,30.8,0.15,1,Good
Jakarta,2026-03-22 14:00:00,1.51,4.49,92.59,0.48,30.68,0.17,1,Good
Jakarta,2026-03-22 15:00:00,1.62,5.08,94.25,0.53,30.56,0.19,1,Good
Jakarta,2026-03-22 16:00:00,1.91,5.91,106.13,0.9,29.64,0.27,1,Good
Jakarta,2026-03-22 17:00:00,2.45,7.07,128.87,1.59,28.1,0.41,1,Good
Jakarta,2026-03-22 18:00:00,3.07,8.3,151.19,2.26,26.84,0.54,1,Good
Jakarta,2026-03-22 19:00:00,3.42,9.01,158.73,2.48,26.16,0.56,1,Good
Jakarta,2026-03-22 20:00:00,3.56,9.36,157.45,2.45,25.89,0.51,1,Good
Jakarta,2026-03-22 21:00:00,3.51,9.34,148.9,2.23,26.11,0.44,1,Good
Jakarta,2026-03-22 22:00:00,2.64,8.28,108.6,1.08,28.25,0.26,1,Good
Jakarta,2026-03-22 23:00:00,2.48,8.34,98.74,0.81,28.6,0.22,1,Good
Jakarta,2026-03-23 00:00:00,2.44,8.41,96.42,0.72,28.61,0.21,1,Good
Jakarta,2026-03-23 01:00:00,2.42,8.5,97.39,0.59,29.18,0.22,1,Good
Jakarta,2026-03-23 02:00:00,2.46,8.63,97.53,0.46,31.37,0.23,1,Good
Jakarta,2026-03-23 03:00:00,2.6,8.88,96.44,0.34,34.04,0.22,1,Good
Jakarta,2026-03-23 04:00:00,2.79,9.13,94.1,0.26,35.84,0.2,1,Good
Jakarta,2026-03-23 05:00:00,2.9,9.28,90.49,0.2,36.06,0.17,1,Good
Jakarta,2026-03-23 06:00:00,2.87,9.34,86.9,0.16,35.18,0.15,1,Good
Jakarta,2026-03-23 07:00:00,2.74,9.43,84.02,0.14,33.84,0.14,1,Good
Jakarta,2026-03-23 08:00:00,2.61,9.51,81.95,0.14,32.22,0.13,1,Good
Jakarta,2026-03-23 09:00:00,2.51,9.56,80.75,0.15,30.93,0.13,1,Good
Jakarta,2026-03-23 10:00:00,2.47,9.64,81.61,0.2,29.97,0.14,1,Good
Jakarta,2026-03-23 11:00:00,2.47,9.72,83.46,0.35,28.74,0.16,1,Good
Jakarta,2026-03-23 12:00:00,2.48,9.79,84.8,0.43,27.65,0.17,1,Good
Jakarta,2026-03-23 13:00:00,2.48,9.77,84.67,0.42,27.03,0.17,1,Good
Jakarta,2026-03-23 14:00:00,2.45,9.64,83.15,0.34,26.71,0.15,1,Good
Jakarta,2026-03-23 15:00:00,2.41,9.43,81.29,0.27,26.52,0.13,1,Good
Jakarta,2026-03-23 16:00:00,2.36,9.15,80.29,0.22,26.31,0.11,1,Good
Jakarta,2026-03-23 17:00:00,2.33,8.95,81.12,0.21,26.08,0.11,1,Good
Jakarta,2026-03-23 18:00:00,2.34,8.82,83.1,0.21,25.86,0.1,1,Good
Jakarta,2026-03-23 19:00:00,2.45,8.59,89.78,0.32,24.94,0.12,1,Good
Jakarta,2026-03-23 20:00:00,2.72,8.8,103.36,0.54,23.65,0.16,1,Good
Jakarta,2026-03-23 21:00:00,3.12,9.36,119.49,0.78,22.58,0.21,1,Good
Jakarta,2026-03-23 22:00:00,3.64,10.09,137.84,1.02,21.82,0.26,1,Good
Jakarta,2026-03-23 23:00:00,3.98,10.45,149.14,1.19,21.44,0.29,1,Good
Jakarta,2026-03-24 00:00:00,3.99,10.32,150.72,1.19,21.56,0.34,1,Good
Jakarta,2026-03-24 01:00:00,3.13,8.77,119.85,0.59,24.29,0.27,1,Good
Jakarta,2026-03-24 02:00:00,2.73,7.61,106.3,0.42,26.82,0.26,1,Good
Jakarta,2026-03-24 03:00:00,2.5,6.57,99.24,0.32,28.93,0.26,1,Good
Jakarta,2026-03-24 04:00:00,2.41,5.78,97.18,0.31,30.12,0.26,1,Good
Jakarta,2026-03-24 05:00:00,2.56,5.51,100.62,0.4,30.79,0.31,1,Good
Jakarta,2026-03-24 06:00:00,2.7,5.34,103.88,0.5,31.43,0.35,1,Good
Jakarta,2026-03-24 07:00:00,2.76,5.2,105.36,0.6,31.78,0.4,1,Good
Jakarta,2026-03-24 08:00:00,2.62,4.91,103.32,0.65,31.35,0.42,1,Good
Jakarta,2026-03-24 09:00:00,2.37,4.58,99.53,0.66,30.38,0.41,1,Good
Jakarta,2026-03-24 10:00:00,2.13,4.42,96.62,0.68,29.15,0.39,1,Good
Jakarta,2026-03-24 11:00:00,1.92,4.41,94.56,0.71,27.81,0.37,1,Good
Jakarta,2026-03-24 12:00:00,1.73,4.35,92.5,0.66,26.74,0.32,1,Good
Jakarta,2026-03-24 13:00:00,1.56,4.17,90.9,0.58,26.07,0.28,1,Good
Jakarta,2026-03-24 14:00:00,1.4,3.87,89.94,0.51,25.72,0.23,1,Good
Jakarta,2026-03-24 15:00:00,1.28,3.57,89.68,0.46,25.52,0.2,1,Good
Jakarta,2026-03-24 16:00:00,1.22,3.25,90.71,0.47,25.2,0.19,1,Good
Jakarta,2026-03-24 17:00:00,1.25,3.06,92.44,0.53,24.63,0.21,1,Good
Jakarta,2026-03-24 18:00:00,1.28,2.89,93.46,0.57,24.14,0.25,1,Good
Jakarta,2026-03-24 19:00:00,1.26,2.66,92.7,0.6,23.62,0.28,1,Good
Jakarta,2026-03-24 20:00:00,1.27,2.52,92.27,0.63,23.25,0.31,1,Good
Jakarta,2026-03-24 21:00:00,1.31,2.44,91.74,0.66,22.87,0.34,1,Good
Jakarta,2026-03-24 22:00:00,1.36,2.41,91.17,0.7,22.49,0.36,1,Good
Jakarta,2026-03-24 23:00:00,1.41,2.4,91.16,0.74,22.0,0.36,1,Good
Jakarta,2026-03-25 00:00:00,1.44,2.38,92.02,0.8,21.45,0.37,1,Good
Jakarta,2026-03-25 01:00:00,1.49,2.47,97.84,0.96,20.66,0.41,1,Good
Jakarta,2026-03-25 02:00:00,1.61,2.74,106.93,1.09,20.49,0.46,1,Good
Jakarta,2026-03-25 03:00:00,1.72,3.05,111.53,1.05,21.91,0.47,1,Good
Jakarta,2026-03-25 04:00:00,1.68,2.94,109.2,0.86,24.53,0.4,1,Good
Jakarta,2026-03-25 05:00:00,1.53,2.6,103.01,0.64,26.29,0.33,1,Good
Jakarta,2026-03-25 06:00:00,1.37,2.24,97.0,0.48,27.21,0.32,1,Good
Jakarta,2026-03-25 07:00:00,1.01,1.66,86.43,0.3,26.75,0.27,1,Good
Jakarta,2026-03-25 08:00:00,0.81,1.42,81.28,0.26,25.86,0.24,1,Good
Jakarta,2026-03-25 09:00:00,0.72,1.33,79.2,0.26,24.92,0.22,1,Good
Jakarta,2026-03-25 10:00:00,0.76,1.53,88.17,0.69,23.56,0.28,1,Good
Jakarta,2026-03-25 11:00:00,0.92,1.97,106.07,1.44,21.79,0.39,1,Good
Jakarta,2026-03-25 12:00:00,1.1,2.39,119.5,1.92,20.4,0.47,1,Good
Jakarta,2026-03-25 13:00:00,1.31,2.73,129.67,2.23,19.5,0.52,1,Good
Jakarta,2026-03-25 14:00:00,1.41,2.77,129.66,2.16,19.12,0.47,1,Good
Jakarta,2026-03-25 15:00:00,1.33,2.46,117.62,1.71,19.45,0.38,1,Good
Jakarta,2026-03-25 16:00:00,1.03,1.75,94.78,0.95,20.14,0.29,1,Good
Jakarta,2026-03-25 17:00:00,1.04,1.69,93.1,0.88,19.78,0.31,1,Good
Jakarta,2026-03-25 18:00:00,1.08,1.71,93.97,0.9,19.27,0.31,1,Good
Jakarta,2026-03-25 19:00:00,1.1,1.74,93.93,0.86,18.73,0.29,1,Good
Jakarta,2026-03-25 20:00:00,1.1,1.74,94.04,0.78,18.14,0.26,1,Good
Jakarta,2026-03-25 21:00:00,1.15,1.77,95.46,0.7,17.49,0.23,1,Good
Jakarta,2026-03-25 22:00:00,1.4,1.99,100.55,0.78,16.73,0.3,1,Good
Jakarta,2026-03-25 23:00:00,2.07,2.64,110.98,1.17,15.97,0.55,1,Good
Jakarta,2026-03-26 00:00:00,3.17,3.77,127.74,1.86,15.63,0.93,1,Good
Jakarta,2026-03-26 01:00:00,4.68,5.47,151.08,2.68,15.92,1.39,1,Good
Jakarta,2026-03-26 02:00:00,6.41,7.58,181.97,3.37,17.5,1.93,1,Good
Jakarta,2026-03-26 03:00:00,7.93,9.47,211.13,3.31,22.89,2.34,1,Good
Jakarta,2026-03-26 04:00:00,9.85,11.39,227.01,2.51,36.91,2.39,1,Good
Jakarta,2026-03-26 05:00:00,10.11,11.37,214.5,1.61,44.89,2.0,2,Fair
Jakarta,2026-03-26 06:00:00,7.82,8.83,185.22,1.01,41.83,1.45,1,Good
Jakarta,2026-03-26 07:00:00,4.54,5.35,149.01,0.85,31.76,0.93,1,Good
Jakarta,2026-03-26 08:00:00,2.46,3.16,121.35,0.76,23.97,0.61,1,Good
Jakarta,2026-03-26 09:00:00,1.58,2.21,104.49,0.7,20.77,0.44,1,Good
Jakarta,2026-03-26 10:00:00,1.26,1.95,103.67,1.04,19.28,0.41,1,Good
Jakarta,2026-03-26 11:00:00,1.27,2.13,115.93,1.69,18.29,0.47,1,Good
Jakarta,2026-03-26 12:00:00,1.41,2.47,125.85,2.1,18.02,0.5,1,Good
Jakarta,2026-03-26 13:00:00,1.59,2.79,133.16,2.29,17.96,0.51,1,Good
Jakarta,2026-03-26 14:00:00,1.68,2.84,134.24,2.21,18.15,0.44,1,Good
Jakarta,2026-03-26 15:00:00,1.58,2.51,126.33,1.86,18.81,0.36,1,Good
Jakarta,2026-03-26 16:00:00,1.01,1.53,97.25,1.02,20.69,0.27,1,Good
Jakarta,2026-03-26 17:00:00,0.93,1.37,95.15,1.0,20.9,0.31,1,Good
Jakarta,2026-03-26 18:00:00,0.96,1.38,97.26,1.12,20.69,0.36,1,Good
Jakarta,2026-03-26 19:00:00,0.98,1.36,98.11,1.16,20.68,0.38,1,Good
Jakarta,2026-03-26 20:00:00,0.99,1.35,96.8,1.15,20.8,0.37,1,Good
Jakarta,2026-03-26 21:00:00,1.0,1.35,95.31,1.13,20.9,0.36,1,Good
Jakarta,2026-03-26 22:00:00,1.05,1.42,94.46,1.14,20.88,0.34,1,Good
Jakarta,2026-03-26 23:00:00,1.16,1.58,95.73,1.21,20.66,0.36,1,Good
Jakarta,2026-03-27 00:00:00,1.27,1.77,98.75,1.33,20.3,0.39,1,Good
Jakarta,2026-03-27 01:00:00,1.42,2.09,105.57,1.42,19.72,0.45,1,Good
Jakarta,2026-03-27 02:00:00,1.6,2.45,113.88,1.39,19.46,0.5,1,Good
Jakarta,2026-03-27 03:00:00,1.87,2.85,121.65,1.3,19.98,0.55,1,Good
Jakarta,2026-03-27 04:00:00,2.39,3.27,133.76,1.44,21.79,0.76,1,Good
Jakarta,2026-03-27 05:00:00,3.4,4.25,155.85,1.81,24.51,1.19,1,Good
Jakarta,2026-03-27 06:00:00,4.67,5.53,176.1,1.95,29.41,1.55,1,Good
Jakarta,2026-03-27 07:00:00,5.33,6.32,187.28,2.03,33.15,1.64,1,Good
Jakarta,2026-03-27 08:00:00,5.22,6.3,195.42,2.2,33.25,1.67,1,Good
Jakarta,2026-03-27 09:00:00,5.15,6.23,205.03,2.48,32.68,1.73,1,Good
Jakarta,2026-03-27 10:00:00,4.93,5.93,209.66,2.67,32.1,1.75,1,Good
Jakarta,2026-03-27 11:00:00,4.51,5.45,203.33,2.58,31.47,1.65,1,Good
Jakarta,2026-03-27 12:00:00,4.36,5.31,196.83,2.39,31.15,1.56,1,Good
Jakarta,2026-03-27 13:00:00,4.51,5.62,196.7,2.35,30.67,1.51,1,Good
Jakarta,2026-03-27 14:00:00,4.71,5.9,195.37,2.25,30.3,1.42,1,Good
Jakarta,2026-03-27 15:00:00,4.73,5.88,188.7,2.03,29.97,1.29,1,Good
Jakarta,2026-03-27 16:00:00,4.61,5.65,178.8,1.79,29.09,1.17,1,Good
Jakarta,2026-03-27 17:00:00,4.7,5.72,173.37,1.76,27.68,1.1,1,Good
Jakarta,2026-03-27 18:00:00,4.88,5.92,170.83,1.91,26.01,1.1,1,Good
Jakarta,2026-03-27 19:00:00,6.03,7.09,178.71,2.39,24.56,1.45,1,Good
Jakarta,2026-03-27 20:00:00,8.03,9.21,201.34,3.26,23.21,1.87,1,Good
Jakarta,2026-03-27 21:00:00,9.61,10.83,218.08,3.96,21.83,2.15,1,Good
Jakarta,2026-03-27 22:00:00,10.94,12.11,231.08,4.57,20.64,2.34,2,Fair
Jakarta,2026-03-27 23:00:00,12.47,13.66,241.66,5.27,19.57,2.55,2,Fair
Jakarta,2026-03-28 00:00:00,14.4,15.67,253.75,6.33,18.36,2.88,2,Fair
Jakarta,2026-03-28 01:00:00,17.27,18.66,274.9,7.98,17.26,3.27,2,Fair
Jakarta,2026-03-28 02:00:00,20.11,21.44,297.7,9.51,16.72,3.46,2,Fair
Jakarta,2026-03-28 03:00:00,21.21,22.29,311.26,10.0,17.28,3.22,2,Fair
Jakarta,2026-03-28 04:00:00,18.91,19.78,294.8,8.85,19.53,2.67,2,Fair
Jakarta,2026-03-28 05:00:00,18.87,19.79,301.71,8.73,20.97,2.57,2,Fair
Jakarta,2026-03-28 06:00:00,18.33,19.27,305.1,7.87,23.63,2.37,2,Fair
Jakarta,2026-03-28 07:00:00,18.84,19.82,300.52,5.1,37.68,2.08,2,Fair
Jakarta,2026-03-28 08:00:00,20.79,21.85,290.25,3.9,51.01,1.82,2,Fair
Jakarta,2026-03-28 09:00:00,21.19,22.29,274.05,3.07,57.0,1.57,2,Fair
Jakarta,2026-03-28 10:00:00,19.44,20.53,253.09,2.82,55.88,1.36,2,Fair
Jakarta,2026-03-28 11:00:00,17.42,18.54,238.37,2.72,52.35,1.23,2,Fair
Jakarta,2026-03-28 12:00:00,15.71,16.88,228.9,2.45,49.35,1.13,2,Fair
Jakarta,2026-03-28 13:00:00,13.52,14.64,215.84,2.12,45.13,0.99,2,Fair
Jakarta,2026-03-28 14:00:00,12.33,13.46,209.14,1.94,42.42,0.9,2,Fair
Jakarta,2026-03-28 15:00:00,11.67,12.84,206.9,1.85,40.53,0.88,2,Fair
Jakarta,2026-03-28 16:00:00,11.14,12.4,207.18,1.83,38.39,0.9,2,Fair
Jakarta,2026-03-28 17:00:00,11.34,12.78,215.33,1.94,36.84,0.94,2,Fair
Jakarta,2026-03-28 18:00:00,12.27,14.01,231.18,2.17,35.66,0.98,2,Fair
Jakarta,2026-03-28 19:00:00,13.17,15.07,243.47,2.32,34.94,0.96,2,Fair
Jakarta,2026-03-28 20:00:00,14.08,16.09,254.76,2.5,34.12,0.95,2,Fair
Jakarta,2026-03-28 21:00:00,15.38,17.53,270.51,2.79,33.15,0.93,2,Fair
Jakarta,2026-03-28 22:00:00,16.99,19.27,291.94,3.28,31.8,0.9,2,Fair
Jakarta,2026-03-28 23:00:00,17.7,19.9,305.94,3.62,30.4,0.84,2,Fair
Jakarta,2026-03-29 00:00:00,17.83,19.92,316.63,3.87,29.25,0.8,2,Fair
Jakarta,2026-03-29 01:00:00,18.87,20.96,345.87,4.25,29.92,0.79,2,Fair
Jakarta,2026-03-29 02:00:00,21.1,23.2,381.67,4.18,37.07,0.77,2,Fair
Jakarta,2026-03-29 03:00:00,26.22,28.3,415.33,3.44,55.37,0.74,3,Moderate
Jakarta,2026-03-29 04:00:00,35.75,38.01,450.94,2.45,78.8,0.72,3,Moderate
Jakarta,2026-03-29 05:00:00,45.4,48.07,500.02,2.24,94.65,0.79,3,Moderate
Jakarta,2026-03-29 06:00:00,53.94,57.08,560.84,2.48,106.8,0.92,4,Poor
Jakarta,2026-03-29 07:00:00,59.96,63.27,605.01,2.92,114.41,1.01,4,Poor
Jakarta,2026-03-29 08:00:00,63.6,67.02,636.81,3.44,115.56,1.09,4,Poor
Jakarta,2026-03-29 09:00:00,67.02,70.78,683.9,4.2,115.06,1.22,4,Poor
Jakarta,2026-03-29 10:00:00,70.05,74.19,746.6,5.15,114.02,1.41,4,Poor
Jakarta,2026-03-29 11:00:00,71.55,76.04,798.5,5.75,111.09,1.58,4,Poor
Jakarta,2026-03-29 12:00:00,71.63,76.4,830.23,5.92,107.85,1.71,4,Poor
Jakarta,2026-03-29 13:00:00,70.74,75.93,864.52,6.02,102.57,1.78,4,Poor
Jakarta,2026-03-29 14:00:00,69.59,75.05,890.92,5.78,96.73,1.68,4,Poor
Jakarta,2026-03-29 15:00:00,67.67,72.62,885.22,4.92,95.07,1.44,4,Poor
Jakarta,2026-03-29 16:00:00,57.47,59.72,752.34,2.46,103.13,0.8,4,Poor
Jakarta,2026-03-29 17:00:00,52.74,54.49,731.08,2.1,101.99,0.65,4,Poor
Jakarta,2026-03-29 18:00:00,50.35,51.91,723.82,1.89,100.92,0.55,4,Poor
Jakarta,2026-03-29 19:00:00,47.8,48.99,702.19,1.57,100.97,0.46,3,Moderate
Jakarta,2026-03-29 20:00:00,46.31,47.24,687.21,1.35,101.06,0.38,3,Moderate
Jakarta,2026-03-29 21:00:00,45.38,46.16,678.87,1.21,100.78,0.31,3,Moderate
Jakarta,2026-03-29 22:00:00,45.27,46.1,668.49,1.12,99.73,0.27,3,Moderate
Jakarta,2026-03-29 23:00:00,45.15,46.05,652.93,1.03,99.04,0.24,3,Moderate
Jakarta,2026-03-30 00:00:00,44.16,45.12,630.31,1.02,97.98,0.24,3,Moderate
Jakarta,2026-03-30 01:00:00,43.12,44.2,613.27,1.18,95.99,0.27,3,Moderate
Jakarta,2026-03-30 02:00:00,41.69,42.86,596.87,1.24,94.3,0.3,3,Moderate
Jakarta,2026-03-30 03:00:00,39.92,41.1,576.25,1.09,93.07,0.29,3,Moderate
Jakarta,2026-03-30 04:00:00,37.91,39.03,551.51,0.83,92.39,0.27,3,Moderate
Jakarta,2026-03-30 05:00:00,34.49,35.52,525.5,0.71,89.86,0.25,3,Moderate
Jakarta,2026-03-30 06:00:00,30.22,31.16,496.39,0.63,85.83,0.21,3,Moderate
Jakarta,2026-03-30 07:00:00,25.95,26.7,466.48,0.57,81.77,0.17,3,Moderate
Jakarta,2026-03-30 08:00:00,22.36,23.01,443.08,0.54,77.29,0.15,2,Fair
Jakarta,2026-03-30 09:00:00,19.05,19.7,423.57,0.57,72.6,0.15,2,Fair
Jakarta,2026-03-30 10:00:00,16.23,17.02,407.33,0.63,68.6,0.18,2,Fair
Jakarta,2026-03-30 11:00:00,14.11,15.01,392.26,0.74,65.59,0.2,2,Fair
Jakarta,2026-03-30 12:00:00,12.76,13.76,379.29,0.85,63.12,0.22,2,Fair
Jakarta,2026-03-30 13:00:00,11.15,12.16,362.44,0.96,60.58,0.23,2,Fair
Jakarta,2026-03-30 14:00:00,9.48,10.46,341.11,1.01,58.12,0.23,1,Good
Jakarta,2026-03-30 15:00:00,8.36,9.35,325.17,1.05,56.23,0.24,1,Good
Jakarta,2026-03-30 16:00:00,7.22,8.22,310.72,1.09,54.14,0.24,1,Good
Jakarta,2026-03-30 17:00:00,6.23,7.25,303.11,1.16,52.18,0.25,1,Good
Jakarta,2026-03-30 18:00:00,5.53,6.59,300.77,1.22,50.03,0.24,1,Good
Jakarta,2026-03-30 19:00:00,4.82,5.79,295.54,1.18,48.43,0.24,1,Good
Jakarta,2026-03-30 20:00:00,4.26,5.15,288.65,1.13,46.62,0.26,1,Good
Jakarta,2026-03-30 21:00:00,4.02,4.88,283.69,1.13,44.58,0.31,1,Good
Jakarta,2026-03-30 22:00:00,4.21,5.12,286.32,1.21,42.4,0.39,1,Good
Jakarta,2026-03-30 23:00:00,5.07,6.13,303.94,1.47,40.45,0.54,1,Good
Jakarta,2026-03-31 00:00:00,6.11,7.37,324.02,1.79,38.8,0.71,1,Good
Jakarta,2026-03-31 01:00:00,9.17,10.97,383.01,2.3,40.32,0.99,1,Good
Jakarta,2026-03-31 02:00:00,14.59,17.09,453.67,2.64,50.81,1.29,2,Fair
Jakarta,2026-03-31 03:00:00,21.26,24.09,482.17,2.09,67.78,1.45,2,Fair
Jakarta,2026-03-31 04:00:00,28.36,31.39,494.27,1.55,82.39,1.54,3,Moderate
Jakarta,2026-03-31 05:00:00,36.2,39.52,508.56,1.39,94.07,1.64,3,Moderate
Jakarta,2026-03-31 06:00:00,42.8,46.38,515.2,1.37,101.87,1.71,3,Moderate
Jakarta,2026-03-31 07:00:00,46.68,50.36,511.84,1.46,106.8,1.72,3,Moderate
Jakarta,2026-03-31 08:00:00,47.98,51.61,504.98,1.75,106.24,1.69,3,Moderate
Jakarta,2026-03-31 09:00:00,46.97,50.52,494.28,2.04,100.04,1.61,3,Moderate
Jakarta,2026-03-31 10:00:00,36.44,39.02,417.3,1.69,85.64,1.29,3,Moderate
Jakarta,2026-03-31 11:00:00,30.78,33.08,392.69,1.8,77.88,1.23,3,Moderate
Jakarta,2026-03-31 12:00:00,29.78,32.09,399.6,1.88,75.16,1.26,3,Moderate
Jakarta,2026-03-31 13:00:00,29.9,32.49,420.99,2.07,72.85,1.38,3,Moderate
Jakarta,2026-03-31 14:00:00,29.94,32.75,439.56,2.13,71.26,1.45,3,Moderate
Jakarta,2026-03-31 15:00:00,29.57,32.49,448.97,2.09,69.75,1.45,3,Moderate
Jakarta,2026-03-31 16:00:00,28.97,31.8,456.31,2.08,67.97,1.4,3,Moderate
Jakarta,2026-03-31 17:00:00,27.92,30.58,461.58,2.01,66.57,1.28,3,Moderate
Jakarta,2026-03-31 18:00:00,25.92,28.41,454.75,1.85,65.17,1.14,3,Moderate
Jakarta,2026-03-31 19:00:00,19.7,21.7,400.52,1.58,62.84,0.91,2,Fair
Jakarta,2026-03-31 20:00:00,14.77,16.57,363.26,1.49,59.25,0.76,2,Fair
Jakarta,2026-03-31 21:00:00,13.44,15.31,362.81,1.56,57.04,0.74,2,Fair
Jakarta,2026-03-31 22:00:00,14.44,16.47,389.7,1.71,55.8,0.79,2,Fair
Jakarta,2026-03-31 23:00:00,16.44,18.54,426.8,1.9,55.36,0.86,2,Fair
Jakarta,2026-04-01 00:00:00,17.16,19.1,446.92,2.14,54.52,0.91,2,Fair
Jakarta,2026-04-01 01:00:00,18.97,21.05,475.96,2.54,54.26,0.98,2,Fair
Jakarta,2026-04-01 02:00:00,22.42,24.8,501.72,2.62,60.01,1.07,2,Fair
Jakarta,2026-04-01 03:00:00,29.24,31.93,520.59,2.15,73.38,1.16,3,Moderate
Jakarta,2026-04-01 04:00:00,38.11,41.05,526.24,1.61,88.52,1.25,3,Moderate
Jakarta,2026-04-01 05:00:00,44.56,47.85,522.38,1.45,95.14,1.32,3,Moderate
Jakarta,2026-04-01 06:00:00,45.15,48.65,496.61,1.47,94.28,1.29,3,Moderate
Jakarta,2026-04-01 07:00:00,39.02,41.85,441.3,1.46,88.14,1.27,3,Moderate
Jakarta,2026-04-01 08:00:00,36.49,38.79,427.22,1.55,84.21,1.24,3,Moderate
Jakarta,2026-04-01 09:00:00,36.0,38.01,433.77,1.73,81.58,1.25,3,Moderate
Jakarta,2026-04-01 10:00:00,35.24,37.18,439.88,1.92,77.89,1.1,3,Moderate
Jakarta,2026-04-01 11:00:00,32.23,34.09,427.5,2.01,73.1,0.9,3,Moderate
Jakarta,2026-04-01 12:00:00,27.32,28.99,396.67,1.94,67.86,0.72,3,Moderate
Jakarta,2026-04-01 13:00:00,22.31,24.13,363.39,1.86,62.07,0.6,2,Fair
Jakarta,2026-04-01 14:00:00,17.85,19.87,322.81,1.59,57.16,0.49,2,Fair
Jakarta,2026-04-01 15:00:00,14.14,16.27,286.54,1.32,54.21,0.41,2,Fair
Jakarta,2026-04-01 16:00:00,10.76,12.55,258.87,1.11,51.31,0.35,2,Fair
Jakarta,2026-04-01 17:00:00,9.53,11.08,253.02,1.04,49.68,0.35,1,Good
Jakarta,2026-04-01 18:00:00,10.05,11.58,261.23,1.01,49.24,0.38,2,Fair
Jakarta,2026-04-01 19:00:00,10.5,11.95,262.26,0.97,49.04,0.41,2,Fair
Jakarta,2026-04-01 20:00:00,10.86,12.2,265.41,0.96,49.12,0.45,2,Fair
Jakarta,2026-04-01 21:00:00,10.95,12.16,269.53,0.94,49.85,0.49,2,Fair
Jakarta,2026-04-01 22:00:00,12.37,13.63,291.19,1.04,50.98,0.55,2,Fair
Jakarta,2026-04-01 23:00:00,15.32,16.84,328.92,1.26,51.82,0.66,2,Fair
Jakarta,2026-04-02 00:00:00,17.66,19.42,360.44,1.54,52.73,0.78,2,Fair
Jakarta,2026-04-02 01:00:00,20.43,22.52,391.5,1.82,55.97,0.95,2,Fair
Jakarta,2026-04-02 02:00:00,22.84,25.06,393.36,1.65,64.18,1.05,2,Fair
Jakarta,2026-04-02 03:00:00,24.16,26.19,363.63,1.15,72.32,1.03,2,Fair
Jakarta,2026-04-02 04:00:00,24.95,26.91,338.51,1.0,75.84,0.97,2,Fair
Jakarta,2026-04-02 05:00:00,25.6,27.69,327.81,1.15,76.87,0.97,3,Moderate
Jakarta,2026-04-02 06:00:00,24.38,26.53,312.84,1.44,74.64,0.98,2,Fair
Jakarta,2026-04-02 07:00:00,22.0,24.03,295.98,1.82,69.69,0.99,2,Fair
Jakarta,2026-04-02 08:00:00,19.65,21.49,279.39,2.02,63.56,0.95,2,Fair
Jakarta,2026-04-02 09:00:00,17.36,19.04,266.05,2.07,57.18,0.86,2,Fair
Jakarta,2026-04-02 10:00:00,13.56,14.94,228.54,1.52,52.61,0.63,2,Fair
Jakarta,2026-04-02 11:00:00,11.88,13.37,221.37,1.53,50.19,0.59,2,Fair
Jakarta,2026-04-02 12:00:00,10.95,12.51,216.55,1.45,48.86,0.55,2,Fair
Jakarta,2026-04-02 13:00:00,9.57,11.18,210.37,1.3,48.4,0.46,1,Good
Jakarta,2026-04-02 14:00:00,8.27,9.82,201.76,1.14,48.78,0.37,1,Good
Jakarta,2026-04-02 15:00:00,7.78,9.27,197.97,1.12,47.54,0.33,1,Good
Jakarta,2026-04-02 16:00:00,8.07,9.68,206.01,1.25,45.59,0.36,1,Good
Jakarta,2026-04-02 17:00:00,9.27,11.22,227.72,1.5,43.4,0.45,1,Good
Jakarta,2026-04-02 18:00:00,10.29,12.52,247.94,1.65,41.36,0.5,2,Fair
Jakarta,2026-04-02 19:00:00,10.09,12.27,246.39,1.55,39.42,0.48,2,Fair
Jakarta,2026-04-02 20:00:00,9.26,11.3,235.57,1.39,37.68,0.45,1,Good
Jakarta,2026-04-02 21:00:00,8.35,10.32,224.04,1.28,36.19,0.41,1,Good
Jakarta,2026-04-02 22:00:00,7.04,8.78,207.03,1.14,34.65,0.35,1,Good
Jakarta,2026-04-02 23:00:00,5.73,7.18,188.3,1.01,33.28,0.3,1,Good
Jakarta,2026-04-03 00:00:00,5.1,6.42,178.94,1.0,32.57,0.3,1,Good
Jakarta,2026-04-03 01:00:00,4.95,6.25,176.85,1.08,32.88,0.33,1,Good
Jakarta,2026-04-03 02:00:00,4.94,6.21,168.86,0.95,34.96,0.33,1,Good
Jakarta,2026-04-03 03:00:00,5.55,6.79,159.29,0.71,38.95,0.32,1,Good
Jakarta,2026-04-03 04:00:00,7.17,8.48,155.5,0.55,43.65,0.34,1,Good
Jakarta,2026-04-03 05:00:00,9.58,11.13,159.07,0.51,47.37,0.38,1,Good
Jakarta,2026-04-03 06:00:00,10.24,11.91,150.65,0.45,47.44,0.36,2,Fair
Jakarta,2026-04-03 07:00:00,8.98,10.75,132.32,0.4,44.62,0.3,1,Good
Jakarta,2026-04-03 08:00:00,7.45,9.44,120.44,0.42,41.35,0.28,1,Good
Jakarta,2026-04-03 09:00:00,6.29,8.46,121.38,0.58,38.87,0.31,1,Good
Jakarta,2026-04-03 10:00:00,5.28,7.44,130.38,0.95,36.03,0.34,1,Good
Jakarta,2026-04-03 11:00:00,4.27,6.2,137.92,1.34,32.73,0.35,1,Good
Jakarta,2026-04-03 12:00:00,3.44,5.15,142.94,1.51,30.76,0.35,1,Good
Jakarta,2026-04-03 13:00:00,3.13,4.7,153.89,1.66,29.89,0.36,1,Good
Jakarta,2026-04-03 14:00:00,3.34,4.97,169.02,1.79,30.06,0.39,1,Good
Jakarta,2026-04-03 15:00:00,3.93,5.69,189.61,1.99,30.73,0.47,1,Good
Jakarta,2026-04-03 16:00:00,4.83,6.7,218.49,2.32,31.04,0.62,1,Good
Jakarta,2026-04-03 17:00:00,6.01,7.93,248.42,2.7,30.92,0.83,1,Good
Jakarta,2026-04-03 18:00:00,7.34,9.26,273.87,2.95,30.78,0.99,1,Good
Jakarta,2026-04-03 19:00:00,8.25,10.05,282.1,2.89,31.15,1.06,1,Good
Jakarta,2026-04-03 20:00:00,8.81,10.52,284.86,2.69,32.21,1.06,1,Good
Jakarta,2026-04-03 21:00:00,9.29,10.96,288.85,2.45,33.46,1.03,1,Good
Jakarta,2026-04-03 22:00:00,9.5,11.07,292.04,2.28,34.11,0.96,1,Good
Jakarta,2026-04-03 23:00:00,9.11,10.56,284.62,2.11,33.38,0.83,1,Good
Jakarta,2026-04-04 00:00:00,8.4,9.71,268.31,1.98,32.18,0.71,1,Good
Jakarta,2026-04-04 01:00:00,7.89,9.18,252.25,1.83,31.9,0.62,1,Good
Jakarta,2026-04-04 02:00:00,7.61,8.86,229.69,1.51,34.46,0.54,1,Good
Jakarta,2026-04-04 03:00:00,7.82,9.05,207.34,1.13,38.74,0.47,1,Good
Jakarta,2026-04-04 04:00:00,8.69,9.9,187.62,0.77,43.53,0.4,1,Good
Jakarta,2026-04-04 05:00:00,9.47,10.68,168.61,0.54,45.96,0.34,1,Good
Jakarta,2026-04-04 06:00:00,9.97,11.22,152.87,0.42,46.55,0.3,1,Good
Jakarta,2026-04-04 07:00:00,9.83,11.07,139.92,0.37,45.75,0.26,1,Good
Jakarta,2026-04-04 08:00:00,9.54,10.74,137.08,0.43,44.71,0.25,1,Good
Jakarta,2026-04-04 09:00:00,9.86,11.06,151.37,0.63,44.96,0.3,1,Good
Jakarta,2026-04-04 10:00:00,10.69,11.98,178.21,0.89,46.12,0.4,2,Fair
Jakarta,2026-04-04 11:00:00,11.18,12.59,197.45,1.11,46.6,0.49,2,Fair
Jakarta,2026-04-04 12:00:00,11.26,12.74,209.02,1.25,46.76,0.51,2,Fair
Jakarta,2026-04-04 13:00:00,11.61,13.5,224.6,1.45,46.69,0.59,2,Fair
Jakarta,2026-04-04 14:00:00,12.85,15.16,250.13,1.59,48.05,0.71,2,Fair
Jakarta,2026-04-04 15:00:00,15.18,17.79,289.78,1.7,50.92,0.86,2,Fair
Jakarta,2026-04-04 16:00:00,18.91,21.62,343.73,1.8,55.31,1.0,2,Fair
Jakarta,2026-04-04 17:00:00,22.72,25.46,393.56,1.87,60.17,1.05,2,Fair
Jakarta,2026-04-04 18:00:00,25.8,28.51,436.2,1.92,63.88,1.08,3,Moderate
Jakarta,2026-04-04 19:00:00,27.45,29.86,456.26,1.85,67.23,1.06,3,Moderate
Jakarta,2026-04-04 20:00:00,28.98,31.26,481.45,1.86,69.0,1.07,3,Moderate
Jakarta,2026-04-04 21:00:00,30.5,32.82,512.28,1.99,69.05,1.14,3,Moderate
Jakarta,2026-04-04 22:00:00,31.88,34.33,564.13,2.35,66.05,1.16,3,Moderate
Jakarta,2026-04-04 23:00:00,31.97,34.42,603.75,2.65,62.05,1.14,3,Moderate
Jakarta,2026-04-05 00:00:00,29.89,32.05,604.4,2.88,59.4,1.15,3,Moderate
Jakarta,2026-04-05 01:00:00,28.03,30.33,622.1,3.57,55.78,1.14,3,Moderate
Jakarta,2026-04-05 02:00:00,26.33,28.83,645.2,4.18,52.37,1.06,3,Moderate
Jakarta,2026-04-05 03:00:00,23.76,26.2,631.47,4.07,51.37,0.92,2,Fair
Jakarta,2026-04-05 04:00:00,21.23,23.58,573.39,3.12,55.7,0.77,2,Fair
Jakarta,2026-04-05 05:00:00,19.69,21.92,500.16,2.08,61.5,0.63,2,Fair
Jakarta,2026-04-05 06:00:00,18.48,20.48,425.92,1.35,64.34,0.5,2,Fair
Jakarta,2026-04-05 07:00:00,17.08,18.64,362.57,1.04,64.54,0.4,2,Fair
Jakarta,2026-04-05 08:00:00,16.16,17.64,335.02,1.29,62.43,0.43,2,Fair
Jakarta,2026-04-05 09:00:00,15.22,16.8,331.23,1.9,58.32,0.52,2,Fair
Jakarta,2026-04-05 10:00:00,14.48,16.26,348.61,2.9,53.43,0.69,2,Fair
Jakarta,2026-04-05 11:00:00,14.06,15.96,372.35,3.85,50.05,0.84,2,Fair
Jakarta,2026-04-05 12:00:00,13.88,15.81,390.42,4.32,48.63,0.87,2,Fair
Jakarta,2026-04-05 13:00:00,14.25,16.48,414.01,4.77,47.52,0.95,2,Fair
Jakarta,2026-04-05 14:00:00,14.98,17.5,443.24,5.05,46.23,1.02,2,Fair
Jakarta,2026-04-05 15:00:00,15.82,18.38,470.62,4.99,44.86,1.04,2,Fair
Jakarta,2026-04-05 16:00:00,16.88,19.2,496.37,4.71,43.48,1.0,2,Fair
Jakarta,2026-04-05 17:00:00,17.41,19.2,499.73,3.99,43.08,0.81,2,Fair
Jakarta,2026-04-05 18:00:00,16.83,18.03,473.97,2.92,45.2,0.58,2,Fair
Jakarta,2026-04-05 19:00:00,13.66,14.23,398.66,1.54,51.36,0.35,2,Fair
Jakarta,2026-04-05 20:00:00,12.36,12.81,375.92,1.24,51.45,0.3,2,Fair
Jakarta,2026-04-05 21:00:00,11.48,11.88,363.95,1.11,50.73,0.26,2,Fair
Jakarta,2026-04-05 22:00:00,10.65,11.06,354.87,1.04,50.34,0.23,2,Fair
Jakarta,2026-04-05 23:00:00,10.01,10.47,348.85,1.0,49.9,0.22,2,Fair
Jakarta,2026-04-06 00:00:00,9.57,10.13,347.96,1.03,49.31,0.22,1,Good
Jakarta,2026-04-06 01:00:00,9.38,10.07,358.37,1.17,49.0,0.24,1,Good
Jakarta,2026-04-06 02:00:00,9.34,10.05,366.34,1.29,49.41,0.26,1,Good
Jakarta,2026-04-06 03:00:00,9.18,9.78,361.07,1.25,50.76,0.25,1,Good
Jakarta,2026-04-06 04:00:00,9.25,9.79,346.89,1.06,52.66,0.22,1,Good
Jakarta,2026-04-06 05:00:00,9.44,9.93,328.64,0.9,54.07,0.2,1,Good
Jakarta,2026-04-06 06:00:00,9.37,9.86,307.82,0.79,53.82,0.18,1,Good
Jakarta,2026-04-06 07:00:00,8.79,9.24,277.91,0.71,52.66,0.16,1,Good
Jakarta,2026-04-06 08:00:00,7.91,8.39,250.23,0.71,50.03,0.15,1,Good
Jakarta,2026-04-06 09:00:00,7.09,7.69,231.35,0.82,46.63,0.19,1,Good
Jakarta,2026-04-06 10:00:00,6.4,7.08,220.87,1.04,43.05,0.24,1,Good
Jakarta,2026-04-06 11:00:00,5.81,6.51,211.39,1.13,40.37,0.25,1,Good
Jakarta,2026-04-06 12:00:00,5.35,6.05,204.63,1.12,38.98,0.25,1,Good
Jakarta,2026-04-06 13:00:00,5.29,6.22,210.21,1.21,37.99,0.27,1,Good
Jakarta,2026-04-06 14:00:00,5.55,6.73,221.75,1.32,37.13,0.28,1,Good
Jakarta,2026-04-06 15:00:00,5.83,7.19,232.68,1.42,36.56,0.3,1,Good
Jakarta,2026-04-06 16:00:00,6.22,7.66,249.44,1.55,36.5,0.31,1,Good
Jakarta,2026-04-06 17:00:00,6.52,7.92,267.91,1.63,37.17,0.32,1,Good
Jakarta,2026-04-06 18:00:00,6.72,8.07,283.56,1.62,38.08,0.32,1,Good
Jakarta,2026-04-06 19:00:00,6.58,7.77,288.74,1.54,39.08,0.35,1,Good
Jakarta,2026-04-06 20:00:00,7.03,8.2,301.2,1.53,39.32,0.42,1,Good
Jakarta,2026-04-06 21:00:00,8.15,9.39,321.66,1.58,39.33,0.53,1,Good
Jakarta,2026-04-06 22:00:00,9.67,10.95,342.2,1.65,39.24,0.65,1,Good
Jakarta,2026-04-06 23:00:00,10.84,12.09,350.43,1.7,38.73,0.72,2,Fair
Jakarta,2026-04-07 00:00:00,11.53,12.74,346.44,1.77,38.0,0.76,2,Fair
Jakarta,2026-04-07 01:00:00,12.37,13.66,346.82,1.92,37.84,0.79,2,Fair
Jakarta,2026-04-07 02:00:00,12.39,13.69,335.17,1.95,38.77,0.76,2,Fair
Jakarta,2026-04-07 03:00:00,10.92,12.06,300.3,1.81,37.99,0.64,2,Fair
Jakarta,2026-04-07 04:00:00,8.87,9.84,252.27,1.42,36.61,0.49,1,Good
Jakarta,2026-04-07 05:00:00,7.12,7.97,211.04,1.14,34.88,0.37,1,Good
Jakarta,2026-04-07 06:00:00,5.8,6.54,178.37,0.9,33.47,0.29,1,Good
Jakarta,2026-04-07 07:00:00,4.78,5.49,157.5,0.94,32.08,0.27,1,Good
Jakarta,2026-04-07 08:00:00,4.14,4.96,150.74,1.24,30.65,0.34,1,Good
Jakarta,2026-04-07 09:00:00,3.83,4.78,153.29,1.65,29.77,0.44,1,Good
Jakarta,2026-04-07 10:00:00,3.91,5.1,170.32,2.26,29.66,0.64,1,Good
Jakarta,2026-04-07 11:00:00,4.06,5.43,186.08,2.75,29.04,0.79,1,Good
Jakarta,2026-04-07 12:00:00,4.11,5.52,186.87,2.54,28.66,0.76,1,Good
Jakarta,2026-04-07 13:00:00,4.11,5.31,173.01,1.64,29.5,0.56,1,Good
Jakarta,2026-04-07 14:00:00,4.23,5.3,169.15,1.27,29.95,0.45,1,Good
Jakarta,2026-04-07 15:00:00,4.06,4.98,161.86,1.07,29.92,0.4,1,Good
Jakarta,2026-04-07 16:00:00,3.9,4.69,158.15,0.99,29.62,0.4,1,Good
Jakarta,2026-04-07 17:00:00,4.1,4.85,163.89,0.99,29.36,0.43,1,Good
Jakarta,2026-04-07 18:00:00,4.45,5.21,171.14,0.98,28.89,0.47,1,Good
Jakarta,2026-04-07 19:00:00,4.1,4.73,160.81,0.91,28.32,0.53,1,Good
Jakarta,2026-04-07 20:00:00,3.75,4.29,150.32,0.84,27.67,0.58,1,Good
Jakarta,2026-04-07 21:00:00,3.59,4.09,145.1,0.8,27.25,0.61,1,Good
Jakarta,2026-04-07 22:00:00,3.86,4.39,149.71,0.79,26.93,0.6,1,Good
Jakarta,2026-04-07 23:00:00,4.38,4.99,162.32,0.87,26.65,0.63,1,Good
Jakarta,2026-04-08 00:00:00,5.12,5.85,180.83,1.09,26.34,0.7,1,Good
Jakarta,2026-04-08 01:00:00,6.89,7.91,221.5,1.57,26.09,0.89,1,Good
Jakarta,2026-04-08 02:00:00,7.47,8.53,234.86,1.88,26.28,1.02,1,Good
Jakarta,2026-04-08 03:00:00,6.86,7.77,221.99,1.8,27.2,0.95,1,Good
Jakarta,2026-04-08 04:00:00,5.63,6.34,192.4,1.22,30.35,0.8,1,Good
Jakarta,2026-04-08 05:00:00,4.26,4.86,169.27,0.87,31.6,0.65,1,Good
Jakarta,2026-04-08 06:00:00,3.25,3.84,158.48,0.66,30.82,0.54,1,Good
Jakarta,2026-04-08 07:00:00,2.19,2.76,151.67,0.53,28.31,0.41,1,Good
Jakarta,2026-04-08 08:00:00,1.45,2.03,148.4,0.5,25.02,0.32,1,Good
Jakarta,2026-04-08 09:00:00,1.1,1.71,145.22,0.55,22.18,0.31,1,Good
Jakarta,2026-04-08 10:00:00,1.0,1.61,145.2,0.78,19.94,0.37,1,Good
Jakarta,2026-04-08 11:00:00,1.06,1.73,148.52,1.19,18.02,0.46,1,Good
Jakarta,2026-04-08 12:00:00,1.13,1.86,150.71,1.49,16.45,0.51,1,Good
Jakarta,2026-04-08 13:00:00,1.24,2.03,151.09,1.66,15.29,0.53,1,Good
Jakarta,2026-04-08 14:00:00,1.35,2.14,149.93,1.72,14.57,0.53,1,Good
Jakarta,2026-04-08 15:00:00,1.41,2.16,145.87,1.71,14.03,0.54,1,Good
Jakarta,2026-04-08 16:00:00,1.34,1.95,136.72,1.56,13.57,0.52,1,Good
Jakarta,2026-04-08 17:00:00,1.33,1.86,130.5,1.46,13.11,0.49,1,Good
Jakarta,2026-04-08 18:00:00,1.4,1.94,127.96,1.44,12.68,0.49,1,Good
Jakarta,2026-04-08 19:00:00,1.39,1.88,122.76,1.39,12.41,0.49,1,Good
Jakarta,2026-04-08 20:00:00,1.35,1.82,116.9,1.33,12.21,0.49,1,Good
Jakarta,2026-04-08 21:00:00,1.28,1.77,111.49,1.25,12.12,0.49,1,Good
Jakarta,2026-04-08 22:00:00,1.15,1.62,107.21,1.14,12.17,0.45,1,Good
Jakarta,2026-04-08 23:00:00,1.03,1.46,104.58,1.05,12.27,0.39,1,Good
Jakarta,2026-04-09 00:00:00,0.94,1.37,104.23,1.01,12.37,0.35,1,Good
Jakarta,2026-04-09 01:00:00,0.92,1.36,107.39,1.06,12.38,0.35,1,Good
Jakarta,2026-04-09 02:00:00,0.84,1.28,107.73,1.03,12.64,0.35,1,Good
Jakarta,2026-04-09 03:00:00,0.74,1.2,105.06,0.9,13.18,0.33,1,Good
Jakarta,2026-04-09 04:00:00,0.65,1.11,100.18,0.72,13.98,0.29,1,Good
Jakarta,2026-04-09 05:00:00,0.62,1.08,96.81,0.59,14.66,0.26,1,Good
Jakarta,2026-04-09 06:00:00,0.62,1.07,94.68,0.54,14.97,0.23,1,Good
Jakarta,2026-04-09 07:00:00,0.63,1.11,92.55,0.47,15.1,0.21,1,Good
Jakarta,2026-04-09 08:00:00,0.67,1.17,91.13,0.47,14.93,0.2,1,Good
Jakarta,2026-04-09 09:00:00,0.69,1.18,91.12,0.49,14.8,0.2,1,Good
Jakarta,2026-04-09 10:00:00,0.69,1.21,92.3,0.53,14.89,0.18,1,Good
Jakarta,2026-04-09 11:00:00,0.69,1.22,93.91,0.53,15.12,0.16,1,Good
Jakarta,2026-04-09 12:00:00,0.66,1.22,95.42,0.49,15.54,0.14,1,Good
Jakarta,2026-04-09 13:00:00,0.63,1.19,96.52,0.43,15.94,0.12,1,Good
Jakarta,2026-04-09 14:00:00,0.63,1.19,97.98,0.4,16.19,0.11,1,Good
Jakarta,2026-04-09 15:00:00,0.65,1.23,99.53,0.4,16.3,0.1,1,Good
Jakarta,2026-04-09 16:00:00,0.67,1.2,101.26,0.43,16.23,0.11,1,Good
Jakarta,2026-04-09 17:00:00,0.68,1.11,102.64,0.46,16.13,0.1,1,Good
Jakarta,2026-04-09 18:00:00,0.67,1.03,103.22,0.46,16.0,0.09,1,Good
Jakarta,2026-04-09 19:00:00,0.68,1.02,102.94,0.44,15.89,0.08,1,Good
Jakarta,2026-04-09 20:00:00,0.7,1.04,103.01,0.43,15.7,0.09,1,Good
Jakarta,2026-04-09 21:00:00,0.73,1.07,102.65,0.44,15.31,0.12,1,Good
Jakarta,2026-04-09 22:00:00,0.75,1.05,102.3,0.47,14.86,0.16,1,Good
Jakarta,2026-04-09 23:00:00,0.76,1.02,102.91,0.55,14.25,0.19,1,Good
Jakarta,2026-04-10 00:00:00,0.76,1.03,104.41,0.65,13.56,0.23,1,Good
Jakarta,2026-04-10 01:00:00,0.78,1.1,107.07,0.79,12.91,0.27,1,Good
Jakarta,2026-04-10 02:00:00,0.79,1.19,110.09,0.85,12.61,0.31,1,Good
Jakarta,2026-04-10 03:00:00,0.77,1.25,112.13,0.76,13.02,0.33,1,Good
Jakarta,2026-04-10 04:00:00,0.75,1.32,113.34,0.58,14.83,0.34,1,Good
Jakarta,2026-04-10 05:00:00,0.7,1.4,112.68,0.49,15.85,0.32,1,Good
Jakarta,2026-04-10 06:00:00,0.65,1.45,111.05,0.4,16.1,0.29,1,Good
Jakarta,2026-04-10 07:00:00,0.73,1.71,117.02,0.65,15.65,0.31,1,Good
Jakarta,2026-04-10 08:00:00,0.87,2.01,128.79,1.13,14.9,0.36,1,Good
Jakarta,2026-04-10 09:00:00,0.96,2.12,140.5,1.61,14.15,0.43,1,Good
Jakarta,2026-04-10 10:00:00,1.02,2.13,153.06,2.16,13.33,0.51,1,Good
Jakarta,2026-04-10 11:00:00,1.04,2.08,160.44,2.48,12.76,0.51,1,Good
Jakarta,2026-04-10 12:00:00,0.99,1.88,154.88,2.22,12.87,0.42,1,Good
Jakarta,2026-04-10 13:00:00,0.98,1.94,150.68,1.93,13.0,0.37,1,Good
Jakarta,2026-04-10 14:00:00,1.37,2.91,171.44,2.52,12.03,0.46,1,Good
Jakarta,2026-04-10 15:00:00,1.88,3.95,192.98,3.1,11.1,0.55,1,Good
Jakarta,2026-04-10 16:00:00,2.53,5.06,216.13,3.66,10.24,0.65,1,Good
Jakarta,2026-04-10 17:00:00,3.04,5.68,230.03,3.92,9.62,0.67,1,Good
Jakarta,2026-04-10 18:00:00,3.12,5.49,223.86,3.67,9.73,0.62,1,Good
Jakarta,2026-04-10 19:00:00,2.16,3.55,173.24,2.39,11.57,0.57,1,Good
Jakarta,2026-04-10 20:00:00,1.77,2.77,149.32,1.77,12.32,0.57,1,Good
Jakarta,2026-04-10 21:00:00,1.58,2.42,138.48,1.47,12.68,0.53,1,Good
Jakarta,2026-04-10 22:00:00,1.88,2.98,150.25,1.77,12.16,0.48,1,Good
Jakarta,2026-04-10 23:00:00,2.68,4.32,177.95,2.54,10.92,0.48,1,Good
Jakarta,2026-04-11 00:00:00,3.42,5.6,204.79,3.28,10.0,0.58,1,Good
Jakarta,2026-04-11 01:00:00,4.19,6.67,236.06,3.91,9.52,0.73,1,Good
Jakarta,2026-04-11 02:00:00,4.41,6.7,249.08,3.75,10.59,0.78,1,Good
Jakarta,2026-04-11 03:00:00,3.86,5.55,225.31,3.03,13.59,0.67,1,Good
Jakarta,2026-04-11 04:00:00,1.93,2.6,150.4,1.32,17.79,0.45,1,Good
Jakarta,2026-04-11 05:00:00,1.46,1.98,132.72,0.83,20.38,0.39,1,Good
Jakarta,2026-04-11 06:00:00,1.43,1.94,128.56,0.66,22.59,0.37,1,Good
Jakarta,2026-04-11 07:00:00,1.41,1.95,125.13,0.53,24.79,0.36,1,Good
Jakarta,2026-04-11 08:00:00,1.32,1.87,121.92,0.5,25.47,0.33,1,Good
Jakarta,2026-04-11 09:00:00,1.25,1.8,119.93,0.51,25.36,0.3,1,Good
Jakarta,2026-04-11 10:00:00,1.2,1.78,120.47,0.57,24.92,0.29,1,Good
Jakarta,2026-04-11 11:00:00,1.15,1.7,120.65,0.61,24.3,0.27,1,Good
Jakarta,2026-04-11 12:00:00,1.1,1.62,120.22,0.6,23.62,0.24,1,Good
Jakarta,2026-04-11 13:00:00,1.25,1.88,126.17,0.63,23.3,0.23,1,Good
Jakarta,2026-04-11 14:00:00,1.65,2.37,136.31,0.7,23.76,0.24,1,Good
Jakarta,2026-04-11 15:00:00,2.23,3.08,150.5,0.84,24.64,0.26,1,Good
Jakarta,2026-04-11 16:00:00,2.85,3.8,164.24,1.01,25.93,0.28,1,Good
Jakarta,2026-04-11 17:00:00,3.56,4.64,181.14,1.22,26.8,0.31,1,Good
Jakarta,2026-04-11 18:00:00,4.35,5.54,198.22,1.41,27.43,0.34,1,Good
Jakarta,2026-04-11 19:00:00,4.57,5.64,201.28,1.35,27.59,0.3,1,Good
Jakarta,2026-04-11 20:00:00,4.67,5.62,203.66,1.29,27.68,0.27,1,Good
Jakarta,2026-04-11 21:00:00,4.77,5.6,206.75,1.23,27.84,0.24,1,Good
Jakarta,2026-04-11 22:00:00,4.43,5.16,201.33,1.1,26.98,0.21,1,Good
Jakarta,2026-04-11 23:00:00,3.87,4.49,190.93,0.94,25.51,0.18,1,Good
Jakarta,2026-04-12 00:00:00,3.44,4.01,183.0,0.87,24.3,0.17,1,Good
Jakarta,2026-04-12 01:00:00,3.16,3.76,177.49,0.82,23.8,0.17,1,Good
Jakarta,2026-04-12 02:00:00,3.26,3.92,177.39,0.73,25.14,0.17,1,Good
Jakarta,2026-04-12 03:00:00,3.95,4.65,182.39,0.61,28.96,0.18,1,Good
Jakarta,2026-04-12 04:00:00,5.07,5.78,188.19,0.48,33.9,0.18,1,Good
Jakarta,2026-04-12 05:00:00,6.92,7.63,197.24,0.4,38.77,0.18,1,Good
Jakarta,2026-04-12 06:00:00,9.8,10.54,211.69,0.36,43.94,0.19,1,Good
Jakarta,2026-04-12 07:00:00,12.15,12.87,218.15,0.34,47.16,0.18,2,Fair
Jakarta,2026-04-12 08:00:00,12.52,13.17,212.11,0.34,46.84,0.15,2,Fair
Jakarta,2026-04-12 09:00:00,12.39,13.0,208.34,0.38,46.14,0.14,2,Fair
Jakarta,2026-04-12 10:00:00,11.81,12.41,206.08,0.46,44.83,0.13,2,Fair
Jakarta,2026-04-12 11:00:00,11.08,11.71,205.48,0.53,43.43,0.13,2,Fair
Jakarta,2026-04-12 12:00:00,10.16,10.85,205.06,0.54,41.96,0.12,2,Fair
Jakarta,2026-04-12 13:00:00,9.62,10.47,211.29,0.61,40.97,0.13,1,Good
Jakarta,2026-04-12 14:00:00,9.61,10.65,221.2,0.7,40.84,0.16,1,Good
Jakarta,2026-04-12 15:00:00,9.56,10.77,229.02,0.79,40.48,0.21,1,Good
Jakarta,2026-04-12 16:00:00,9.7,11.05,236.39,0.91,40.04,0.28,1,Good
Jakarta,2026-04-12 17:00:00,10.13,11.64,244.71,1.03,39.68,0.34,2,Fair
Jakarta,2026-04-12 18:00:00,10.61,12.26,249.87,1.13,39.11,0.39,2,Fair
Jakarta,2026-04-12 19:00:00,10.67,12.37,247.89,1.12,38.2,0.39,2,Fair
Jakarta,2026-04-12 20:00:00,10.43,12.18,240.97,1.09,36.57,0.39,2,Fair
Jakarta,2026-04-12 21:00:00,9.9,11.7,230.37,1.05,34.54,0.37,1,Good
Jakarta,2026-04-12 22:00:00,9.32,11.21,220.11,1.03,32.4,0.36,1,Good
Jakarta,2026-04-12 23:00:00,9.38,11.38,221.66,1.1,31.33,0.39,1,Good
Jakarta,2026-04-13 00:00:00,9.69,11.83,228.81,1.23,30.9,0.48,1,Good
Jakarta,2026-04-13 01:00:00,10.84,13.25,241.97,1.29,33.62,0.65,2,Fair
Jakarta,2026-04-13 02:00:00,12.81,15.48,247.72,1.19,42.44,0.81,2,Fair
Jakarta,2026-04-13 03:00:00,15.74,18.67,245.41,0.91,53.86,0.91,2,Fair
Jakarta,2026-04-13 04:00:00,19.16,22.23,236.77,0.68,62.58,0.98,2,Fair
Jakarta,2026-04-13 05:00:00,22.93,26.2,229.33,0.59,68.62,1.02,2,Fair
Jakarta,2026-04-13 06:00:00,25.19,28.63,217.91,0.56,72.02,1.05,3,Moderate
Jakarta,2026-04-13 07:00:00,25.4,28.96,202.06,0.54,73.46,1.06,3,Moderate
Jakarta,2026-04-13 08:00:00,24.16,27.85,185.67,0.57,72.86,1.08,2,Fair
Jakarta,2026-04-13 09:00:00,22.21,26.04,172.68,0.72,70.39,1.11,2,Fair
Jakarta,2026-04-13 10:00:00,19.92,23.91,165.49,1.03,65.66,1.12,2,Fair
Jakarta,2026-04-13 11:00:00,18.08,22.35,168.27,1.4,59.76,1.11,2,Fair
Jakarta,2026-04-13 12:00:00,16.74,21.45,176.64,1.63,54.59,1.11,2,Fair
Jakarta,2026-04-13 13:00:00,16.09,21.47,194.89,1.87,50.25,1.16,2,Fair
Jakarta,2026-04-13 14:00:00,15.99,21.81,210.12,1.97,47.89,1.22,2,Fair
Jakarta,2026-04-13 15:00:00,15.85,21.44,213.93,1.84,47.99,1.28,2,Fair
Jakarta,2026-04-13 16:00:00,14.79,18.53,208.68,1.2,55.56,1.21,2,Fair
Jakarta,2026-04-13 17:00:00,16.06,18.97,233.2,1.11,58.77,1.22,2,Fair
Jakarta,2026-04-13 18:00:00,18.9,21.62,272.83,1.21,62.76,1.41,2,Fair
Jakarta,2026-04-13 19:00:00,21.64,24.18,309.12,1.3,67.82,1.61,2,Fair
Jakarta,2026-04-13 20:00:00,23.51,25.99,342.0,1.45,71.15,1.68,2,Fair
Jakarta,2026-04-13 21:00:00,24.28,26.71,367.17,1.57,73.16,1.61,2,Fair
Jakarta,2026-04-13 22:00:00,24.26,26.71,382.89,1.65,73.37,1.46,2,Fair
Jakarta,2026-04-13 23:00:00,24.56,27.0,385.3,1.63,73.02,1.37,2,Fair
Jakarta,2026-04-14 00:00:00,25.47,27.92,387.02,1.66,73.3,1.32,3,Moderate
Jakarta,2026-04-14 01:00:00,26.9,29.47,393.29,1.84,75.13,1.31,3,Moderate
Jakarta,2026-04-14 02:00:00,28.5,31.17,399.2,1.86,79.6,1.3,3,Moderate
Jakarta,2026-04-14 03:00:00,30.62,33.3,400.55,1.57,87.0,1.28,3,Moderate
Jakarta,2026-04-14 04:00:00,33.28,35.82,403.14,1.22,96.2,1.23,3,Moderate
Jakarta,2026-04-14 05:00:00,34.68,36.98,400.66,1.07,102.57,1.13,3,Moderate
Jakarta,2026-04-14 06:00:00,35.81,37.96,393.12,1.01,104.54,1.1,3,Moderate
Jakarta,2026-04-14 07:00:00,36.72,38.66,385.76,1.06,103.25,1.15,3,Moderate
Jakarta,2026-04-14 08:00:00,35.94,37.65,372.81,1.21,98.87,1.13,3,Moderate
Jakarta,2026-04-14 09:00:00,33.72,35.25,357.93,1.36,93.58,1.06,3,Moderate
Jakarta,2026-04-14 10:00:00,30.54,32.04,348.26,1.77,86.11,1.01,3,Moderate
Jakarta,2026-04-14 11:00:00,27.6,29.28,352.9,2.43,78.85,1.06,3,Moderate
Jakarta,2026-04-14 12:00:00,25.37,27.35,361.22,2.91,73.69,1.13,3,Moderate
Jakarta,2026-04-14 13:00:00,23.5,26.0,381.89,3.45,68.15,1.27,2,Fair
Jakarta,2026-04-14 14:00:00,21.91,24.61,391.57,3.74,62.72,1.26,2,Fair
Jakarta,2026-04-14 15:00:00,20.51,22.96,381.41,3.5,59.99,1.05,2,Fair
Jakarta,2026-04-14 16:00:00,18.49,20.24,348.15,2.6,60.98,0.71,2,Fair
Jakarta,2026-04-14 17:00:00,16.6,17.76,318.99,1.88,62.53,0.47,2,Fair
Jakarta,2026-04-14 18:00:00,14.85,15.66,294.85,1.37,62.88,0.32,2,Fair
Jakarta,2026-04-14 19:00:00,13.32,13.98,271.45,1.1,60.93,0.25,2,Fair
Jakarta,2026-04-14 20:00:00,12.67,13.39,263.74,1.07,58.83,0.25,2,Fair
Jakarta,2026-04-14 21:00:00,12.88,13.7,270.52,1.14,57.86,0.27,2,Fair
Jakarta,2026-04-14 22:00:00,13.95,15.02,289.16,1.28,57.17,0.3,2,Fair
Jakarta,2026-04-14 23:00:00,14.94,16.26,305.01,1.37,55.88,0.3,2,Fair
Jakarta,2026-04-15 00:00:00,15.59,17.01,320.13,1.45,55.77,0.31,2,Fair
Jakarta,2026-04-15 01:00:00,14.81,15.81,319.93,1.11,60.86,0.23,2,Fair
Jakarta,2026-04-15 02:00:00,15.46,16.4,343.66,1.09,64.9,0.23,2,Fair
Jakarta,2026-04-15 03:00:00,16.63,17.5,369.82,1.0,69.61,0.23,2,Fair
Jakarta,2026-04-15 04:00:00,18.63,19.64,398.23,1.09,74.57,0.3,2,Fair
Jakarta,2026-04-15 05:00:00,21.37,22.71,431.28,1.45,79.19,0.44,2,Fair
Jakarta,2026-04-15 06:00:00,24.09,25.68,454.08,1.8,82.9,0.55,2,Fair
Jakarta,2026-04-15 07:00:00,26.18,28.0,463.52,2.14,85.23,0.66,3,Moderate
Jakarta,2026-04-15 08:00:00,27.02,29.09,459.99,2.4,85.53,0.75,3,Moderate
Jakarta,2026-04-15 09:00:00,26.88,29.35,452.79,2.72,83.65,0.86,3,Moderate
Jakarta,2026-04-15 10:00:00,25.76,28.43,446.12,3.14,79.18,0.99,3,Moderate
Jakarta,2026-04-15 11:00:00,24.14,26.76,436.29,3.28,73.68,1.03,2,Fair
Jakarta,2026-04-15 12:00:00,22.16,24.47,414.19,2.78,69.5,0.92,2,Fair
Jakarta,2026-04-15 13:00:00,18.4,20.02,358.4,1.51,71.37,0.63,2,Fair
Jakarta,2026-04-15 14:00:00,16.77,18.61,360.0,1.51,71.28,0.74,2,Fair
Jakarta,2026-04-15 15:00:00,16.06,18.18,369.58,1.6,71.0,0.88,2,Fair
Jakarta,2026-04-15 16:00:00,15.58,17.64,379.73,1.64,70.73,0.96,2,Fair
Jakarta,2026-04-15 17:00:00,15.18,17.02,387.54,1.57,70.65,0.97,2,Fair
Jakarta,2026-04-15 18:00:00,14.87,16.54,393.97,1.48,70.68,0.98,2,Fair
Jakarta,2026-04-15 19:00:00,14.21,15.56,390.18,1.36,70.25,0.95,2,Fair
Jakarta,2026-04-15 20:00:00,14.61,15.91,406.14,1.42,68.93,0.96,2,Fair
Jakarta,2026-04-15 21:00:00,16.13,17.52,441.6,1.53,68.36,0.99,2,Fair
Jakarta,2026-04-15 22:00:00,18.81,20.59,488.75,1.68,68.79,1.05,2,Fair
Jakarta,2026-04-15 23:00:00,20.87,22.91,516.31,1.71,70.24,1.13,2,Fair
Jakarta,2026-04-16 00:00:00,21.75,23.84,527.01,1.75,72.35,1.13,2,Fair
Jakarta,2026-04-16 01:00:00,23.68,26.12,553.19,1.98,76.3,1.15,2,Fair
Jakarta,2026-04-16 02:00:00,27.12,29.84,572.72,1.89,84.61,1.25,3,Moderate
Jakarta,2026-04-16 03:00:00,32.01,34.86,570.16,1.42,95.69,1.36,3,Moderate
Jakarta,2026-04-16 04:00:00,37.66,40.67,555.9,1.12,103.01,1.39,3,Moderate
Jakarta,2026-04-16 05:00:00,42.86,46.37,546.08,1.17,102.49,1.39,3,Moderate
Jakarta,2026-04-16 06:00:00,42.9,46.66,507.59,1.3,96.3,1.32,3,Moderate
Jakarta,2026-04-16 07:00:00,38.24,41.94,450.39,1.47,86.74,1.19,3,Moderate
Jakarta,2026-04-16 08:00:00,33.62,37.15,413.47,1.57,78.7,1.11,3,Moderate
Jakarta,2026-04-16 09:00:00,30.69,34.02,407.15,1.71,74.88,1.12,3,Moderate
Jakarta,2026-04-16 10:00:00,27.42,29.93,405.9,1.83,74.03,1.1,3,Moderate
Jakarta,2026-04-16 11:00:00,23.76,25.56,394.02,1.84,73.11,0.96,2,Fair
Jakarta,2026-04-16 12:00:00,21.08,22.46,377.21,1.66,72.91,0.8,2,Fair
Jakarta,2026-04-16 13:00:00,19.63,20.88,372.58,1.59,72.3,0.76,2,Fair
Jakarta,2026-04-16 14:00:00,19.15,20.44,378.08,1.58,70.23,0.79,2,Fair
Jakarta,2026-04-16 15:00:00,18.79,20.14,379.46,1.54,67.75,0.8,2,Fair
Jakarta,2026-04-16 16:00:00,19.06,20.39,389.64,1.57,65.09,0.87,2,Fair
Jakarta,2026-04-16 17:00:00,21.68,22.98,431.38,1.7,64.69,1.02,2,Fair
Jakarta,2026-04-16 18:00:00,26.05,27.38,493.99,1.86,65.72,1.2,3,Moderate
Jakarta,2026-04-16 19:00:00,30.39,31.8,547.65,1.94,67.67,1.33,3,Moderate
Jakarta,2026-04-16 20:00:00,32.81,34.38,576.42,1.99,68.32,1.39,3,Moderate
Jakarta,2026-04-16 21:00:00,33.39,35.08,588.04,2.02,67.62,1.37,3,Moderate
Jakarta,2026-04-16 22:00:00,32.16,33.9,581.31,2.02,66.11,1.27,3,Moderate
Jakarta,2026-04-16 23:00:00,28.78,30.45,547.37,1.95,63.98,1.12,3,Moderate
Jakarta,2026-04-17 00:00:00,23.98,25.52,491.79,1.91,61.2,0.96,2,Fair
Jakarta,2026-04-17 01:00:00,19.22,20.81,438.11,2.06,57.82,0.83,2,Fair
Jakarta,2026-04-17 02:00:00,16.55,18.25,398.22,1.94,58.61,0.74,2,Fair
Jakarta,2026-04-17 03:00:00,16.51,18.3,367.72,1.44,64.61,0.66,2,Fair
Jakarta,2026-04-17 04:00:00,16.72,18.48,324.01,0.92,70.35,0.54,2,Fair
Jakarta,2026-04-17 05:00:00,18.13,20.09,294.73,0.69,73.03,0.47,2,Fair
Jakarta,2026-04-17 06:00:00,21.06,23.48,290.13,0.66,74.47,0.47,2,Fair
Jakarta,2026-04-17 07:00:00,21.87,24.6,280.48,0.69,73.59,0.47,2,Fair
Jakarta,2026-04-17 08:00:00,20.51,23.49,265.53,0.79,69.69,0.46,2,Fair
Jakarta,2026-04-17 09:00:00,17.77,20.79,248.95,0.92,64.07,0.46,2,Fair
Jakarta,2026-04-17 10:00:00,13.95,16.7,224.95,0.97,57.93,0.41,2,Fair
Jakarta,2026-04-17 11:00:00,10.45,12.88,202.04,0.91,53.82,0.35,2,Fair
Jakarta,2026-04-17 12:00:00,8.13,10.42,187.84,0.84,52.42,0.33,1,Good
Jakarta,2026-04-17 13:00:00,7.28,9.48,189.33,0.87,52.21,0.35,1,Good
Jakarta,2026-04-17 14:00:00,7.46,9.72,196.32,0.9,52.51,0.37,1,Good
Jakarta,2026-04-17 15:00:00,7.97,10.36,205.44,0.96,53.41,0.41,1,Good
Jakarta,2026-04-17 16:00:00,8.92,11.47,222.3,1.08,54.3,0.47,1,Good
Jakarta,2026-04-17 17:00:00,10.33,13.07,243.29,1.16,55.04,0.54,2,Fair
Jakarta,2026-04-17 18:00:00,10.99,13.88,249.65,1.09,54.47,0.55,2,Fair
Jakarta,2026-04-17 19:00:00,10.47,13.37,240.65,1.0,52.6,0.53,2,Fair
Jakarta,2026-04-17 20:00:00,9.39,12.06,231.18,0.97,50.07,0.51,1,Good
Jakarta,2026-04-17 21:00:00,8.31,10.72,223.2,0.95,47.9,0.49,1,Good
Jakarta,2026-04-17 22:00:00,7.24,9.46,214.15,0.92,46.11,0.46,1,Good
Jakarta,2026-04-17 23:00:00,6.74,8.9,211.4,0.95,44.32,0.46,1,Good
Jakarta,2026-04-18 00:00:00,6.36,8.53,208.83,1.03,42.61,0.47,1,Good
Jakarta,2026-04-18 01:00:00,6.37,8.73,210.41,1.09,42.4,0.51,1,Good
Jakarta,2026-04-18 02:00:00,6.57,9.14,209.38,1.06,44.42,0.54,1,Good
Jakarta,2026-04-18 03:00:00,6.78,9.43,203.62,0.99,46.54,0.54,1,Good
Jakarta,2026-04-18 04:00:00,5.68,8.02,179.62,0.78,47.42,0.44,1,Good
Jakarta,2026-04-18 05:00:00,4.92,7.09,159.07,0.6,47.78,0.35,1,Good
Jakarta,2026-04-18 06:00:00,5.09,7.45,144.93,0.53,46.75,0.31,1,Good
Jakarta,2026-04-18 07:00:00,5.46,8.13,135.26,0.55,45.34,0.29,1,Good
Jakarta,2026-04-18 08:00:00,6.35,9.48,143.69,0.62,45.04,0.3,1,Good
Jakarta,2026-04-18 09:00:00,7.64,11.15,166.85,0.77,46.08,0.37,1,Good
Jakarta,2026-04-18 10:00:00,9.06,12.83,192.0,1.06,47.65,0.47,1,Good
Jakarta,2026-04-18 11:00:00,10.61,14.39,216.33,1.38,48.66,0.55,2,Fair
Jakarta,2026-04-18 12:00:00,11.82,15.4,237.41,1.52,49.37,0.6,2,Fair
Jakarta,2026-04-18 13:00:00,13.38,17.06,276.03,1.93,47.24,0.72,2,Fair
Jakarta,2026-04-18 14:00:00,14.96,19.05,318.35,2.43,43.8,0.85,2,Fair
Jakarta,2026-04-18 15:00:00,15.65,20.08,339.71,2.62,41.24,0.89,2,Fair
Jakarta,2026-04-18 16:00:00,16.33,21.4,354.87,2.65,38.85,0.88,2,Fair
Jakarta,2026-04-18 17:00:00,17.07,22.72,365.94,2.42,36.98,0.74,2,Fair
Jakarta,2026-04-18 18:00:00,16.64,22.09,347.82,1.92,38.19,0.56,2,Fair
Jakarta,2026-04-18 19:00:00,10.46,14.23,229.13,1.14,43.74,0.42,2,Fair
Jakarta,2026-04-18 20:00:00,7.98,11.37,193.47,0.98,42.59,0.38,1,Good
Jakarta,2026-04-18 21:00:00,6.89,10.03,181.63,0.97,41.03,0.37,1,Good
Jakarta,2026-04-18 22:00:00,6.05,8.9,173.0,0.95,39.59,0.35,1,Good
Jakarta,2026-04-18 23:00:00,5.14,7.7,159.79,0.92,38.17,0.32,1,Good
Jakarta,2026-04-19 00:00:00,4.5,6.95,147.53,0.91,37.16,0.32,1,Good
Jakarta,2026-04-19 01:00:00,4.32,6.98,142.29,0.99,36.96,0.34,1,Good
Jakarta,2026-04-19 02:00:00,4.33,7.33,134.5,0.83,38.75,0.35,1,Good
Jakarta,2026-04-19 03:00:00,4.67,7.93,124.98,0.56,42.72,0.34,1,Good
Jakarta,2026-04-19 04:00:00,4.94,8.29,114.17,0.38,45.33,0.31,1,Good
Jakarta,2026-04-19 05:00:00,5.38,8.73,109.06,0.32,46.18,0.29,1,Good
Jakarta,2026-04-19 06:00:00,5.54,8.72,104.04,0.29,45.6,0.27,1,Good
Jakarta,2026-04-19 07:00:00,5.02,7.86,98.64,0.3,44.18,0.24,1,Good
Jakarta,2026-04-19 08:00:00,4.33,6.9,95.81,0.34,42.89,0.23,1,Good
Jakarta,2026-04-19 09:00:00,3.99,6.53,94.63,0.4,42.09,0.22,1,Good
Jakarta,2026-04-19 10:00:00,4.02,6.75,95.26,0.48,41.83,0.22,1,Good
Jakarta,2026-04-19 11:00:00,4.44,7.58,100.04,0.61,42.2,0.25,1,Good
Jakarta,2026-04-19 12:00:00,5.02,8.59,106.93,0.67,43.29,0.29,1,Good
Jakarta,2026-04-19 13:00:00,5.61,9.76,114.8,0.72,44.15,0.32,1,Good
Jakarta,2026-04-19 14:00:00,5.65,10.33,118.78,0.69,44.72,0.34,1,Good
Jakarta,2026-04-19 15:00:00,5.35,10.26,121.71,0.69,44.89,0.35,1,Good
Jakarta,2026-04-19 16:00:00,5.11,10.08,126.68,0.72,44.69,0.37,1,Good
Jakarta,2026-04-19 17:00:00,5.01,10.26,131.58,0.75,44.61,0.4,1,Good
Jakarta,2026-04-19 18:00:00,4.85,10.41,130.7,0.74,44.08,0.39,1,Good
Jakarta,2026-04-19 19:00:00,4.6,10.32,123.85,0.69,43.4,0.36,1,Good
Jakarta,2026-04-19 20:00:00,4.43,10.11,118.74,0.66,42.71,0.34,1,Good
Jakarta,2026-04-19 21:00:00,4.31,9.82,114.68,0.65,42.25,0.33,1,Good
Jakarta,2026-04-19 22:00:00,4.41,9.95,112.51,0.68,41.92,0.33,1,Good
Jakarta,2026-04-19 23:00:00,4.69,10.45,112.32,0.76,41.61,0.35,1,Good
Jakarta,2026-04-20 00:00:00,4.82,10.71,112.05,0.82,41.9,0.38,1,Good
Jakarta,2026-04-20 01:00:00,4.98,10.92,114.29,0.78,43.2,0.42,1,Good
Jakarta,2026-04-20 02:00:00,5.24,11.22,114.14,0.66,47.04,0.43,1,Good
Jakarta,2026-04-20 03:00:00,5.81,11.82,111.63,0.48,51.55,0.41,1,Good
Jakarta,2026-04-20 04:00:00,6.8,12.84,112.37,0.39,54.89,0.41,1,Good
Jakarta,2026-04-20 05:00:00,8.42,14.79,118.71,0.41,57.19,0.45,1,Good
Jakarta,2026-04-20 06:00:00,9.53,16.27,120.16,0.42,57.32,0.46,1,Good
Jakarta,2026-04-20 07:00:00,10.08,17.04,123.52,0.56,56.48,0.5,2,Fair
Jakarta,2026-04-20 08:00:00,10.44,17.23,138.56,0.95,54.97,0.65,2,Fair
Jakarta,2026-04-20 09:00:00,10.76,17.12,163.79,1.68,51.92,0.95,2,Fair
Jakarta,2026-04-20 10:00:00,10.97,16.87,194.32,2.58,47.81,1.3,2,Fair
Jakarta,2026-04-20 11:00:00,11.4,16.9,221.36,3.08,45.77,1.48,2,Fair
Jakarta,2026-04-20 12:00:00,12.12,17.14,234.49,2.93,47.06,1.48,2,Fair
Jakarta,2026-04-20 13:00:00,13.61,18.61,227.36,2.15,53.26,1.2,2,Fair
Jakarta,2026-04-20 14:00:00,15.44,21.24,232.1,1.8,55.78,1.02,2,Fair
Jakarta,2026-04-20 15:00:00,15.75,22.3,222.03,1.45,56.12,0.88,2,Fair
Jakarta,2026-04-20 16:00:00,11.24,17.44,168.5,0.87,54.69,0.6,2,Fair
Jakarta,2026-04-20 17:00:00,9.09,14.91,154.36,0.71,53.06,0.51,1,Good
Jakarta,2026-04-20 18:00:00,8.3,13.95,151.08,0.64,51.28,0.49,1,Good
Jakarta,2026-04-20 19:00:00,7.74,13.22,148.22,0.61,49.61,0.49,1,Good
Jakarta,2026-04-20 20:00:00,7.67,13.22,150.25,0.64,47.45,0.52,1,Good
Jakarta,2026-04-20 21:00:00,7.6,13.16,152.45,0.67,45.18,0.54,1,Good
Jakarta,2026-04-20 22:00:00,7.25,12.69,151.91,0.68,42.82,0.54,1,Good
Jakarta,2026-04-20 23:00:00,6.58,11.7,148.8,0.69,40.39,0.52,1,Good
Jakarta,2026-04-21 00:00:00,5.92,10.68,147.18,0.76,38.38,0.52,1,Good
Jakarta,2026-04-21 01:00:00,5.75,10.21,151.35,0.8,38.33,0.54,1,Good
Jakarta,2026-04-21 02:00:00,6.05,10.32,155.71,0.74,41.46,0.56,1,Good
Jakarta,2026-04-21 03:00:00,6.65,10.7,155.61,0.59,45.17,0.55,1,Good
Jakarta,2026-04-21 04:00:00,7.1,10.8,151.94,0.47,46.98,0.51,1,Good
Jakarta,2026-04-21 05:00:00,6.99,10.16,147.33,0.43,46.69,0.45,1,Good
Jakarta,2026-04-21 06:00:00,6.37,8.93,141.85,0.41,45.55,0.38,1,Good
Jakarta,2026-04-21 07:00:00,5.81,7.97,138.3,0.42,44.78,0.34,1,Good
Jakarta,2026-04-21 08:00:00,5.62,7.82,140.33,0.58,43.83,0.35,1,Good
Jakarta,2026-04-21 09:00:00,5.64,8.03,146.98,0.86,42.09,0.39,1,Good
Jakarta,2026-04-21 10:00:00,5.82,8.01,155.1,1.17,40.33,0.44,1,Good
Jakarta,2026-04-21 11:00:00,6.08,7.87,163.15,1.26,40.37,0.43,1,Good
Jakarta,2026-04-21 12:00:00,6.02,7.44,168.25,1.18,42.09,0.4,1,Good
Jakarta,2026-04-21 13:00:00,5.16,6.3,166.72,0.96,43.94,0.34,1,Good
Jakarta,2026-04-21 14:00:00,5.04,6.16,173.24,0.93,44.84,0.37,1,Good
Jakarta,2026-04-21 15:00:00,5.29,6.42,181.61,0.95,45.7,0.43,1,Good
Jakarta,2026-04-21 16:00:00,7.41,9.1,228.25,1.43,43.18,0.69,1,Good
Jakarta,2026-04-21 17:00:00,10.91,13.24,301.94,2.15,38.84,1.04,2,Fair
Jakarta,2026-04-21 18:00:00,14.25,16.91,366.59,2.62,36.2,1.37,2,Fair
Jakarta,2026-04-21 19:00:00,16.82,19.38,406.0,2.84,35.6,1.62,2,Fair
Jakarta,2026-04-21 20:00:00,18.92,21.15,425.08,2.8,37.5,1.68,2,Fair
Jakarta,2026-04-21 21:00:00,21.02,22.77,425.62,2.43,44.25,1.61,2,Fair
Jakarta,2026-04-21 22:00:00,22.65,23.81,393.22,1.66,63.76,1.47,2,Fair
Jakarta,2026-04-21 23:00:00,24.89,25.99,401.36,1.5,73.82,1.6,2,Fair
Jakarta,2026-04-22 00:00:00,26.71,27.81,413.01,1.54,81.2,1.75,3,Moderate
Jakarta,2026-04-22 01:00:00,27.12,28.22,419.78,1.73,87.85,1.76,3,Moderate
Jakarta,2026-04-22 02:00:00,26.08,27.2,414.12,1.84,89.68,1.54,3,Moderate
Jakarta,2026-04-22 03:00:00,23.14,24.24,388.82,1.77,84.37,1.2,2,Fair
Jakarta,2026-04-22 04:00:00,18.69,19.76,338.72,1.4,75.25,0.84,2,Fair
Jakarta,2026-04-22 05:00:00,14.76,15.87,284.86,0.93,66.69,0.6,2,Fair
Jakarta,2026-04-22 06:00:00,11.64,12.81,238.28,0.65,58.01,0.43,2,Fair
Jakarta,2026-04-22 07:00:00,8.76,10.0,197.33,0.55,50.59,0.32,1,Good
Jakarta,2026-04-22 08:00:00,6.19,7.62,163.88,0.61,42.13,0.26,1,Good
Jakarta,2026-04-22 09:00:00,4.33,6.03,141.66,0.8,34.74,0.27,1,Good
Jakarta,2026-04-22 10:00:00,3.2,5.0,130.62,1.05,30.12,0.29,1,Good
Jakarta,2026-04-22 11:00:00,2.56,4.32,123.05,1.11,28.43,0.28,1,Good
Jakarta,2026-04-22 12:00:00,2.15,3.84,118.08,1.05,28.06,0.25,1,Good
Jakarta,2026-04-22 13:00:00,1.95,3.76,118.2,1.03,27.86,0.24,1,Good
Jakarta,2026-04-22 14:00:00,1.8,3.7,114.76,0.92,27.91,0.21,1,Good
Jakarta,2026-04-22 15:00:00,1.73,3.6,112.89,0.83,28.26,0.19,1,Good
Jakarta,2026-04-22 16:00:00,1.79,3.63,117.82,0.81,28.61,0.19,1,Good
Jakarta,2026-04-22 17:00:00,1.95,3.77,126.91,0.82,28.9,0.21,1,Good
Jakarta,2026-04-22 18:00:00,2.14,3.96,137.05,0.8,29.2,0.23,1,Good
Jakarta,2026-04-22 19:00:00,2.18,3.89,141.57,0.76,29.42,0.24,1,Good
Jakarta,2026-04-22 20:00:00,2.51,4.3,155.1,0.8,29.3,0.28,1,Good
Jakarta,2026-04-22 21:00:00,3.26,5.25,177.98,0.9,29.63,0.38,1,Good
Jakarta,2026-04-22 22:00:00,4.5,6.75,206.0,1.02,31.28,0.53,1,Good
Jakarta,2026-04-22 23:00:00,5.72,8.14,224.64,1.07,33.69,0.66,1,Good
Jakarta,2026-04-23 00:00:00,6.83,9.42,236.99,1.13,36.26,0.76,1,Good
Jakarta,2026-04-23 01:00:00,8.9,12.14,278.7,1.57,38.69,0.93,1,Good
Jakarta,2026-04-23 02:00:00,11.63,15.54,325.36,2.13,44.36,1.16,2,Fair
Jakarta,2026-04-23 03:00:00,14.4,18.71,349.03,2.14,54.06,1.33,2,Fair
Jakarta,2026-04-23 04:00:00,18.56,23.05,357.42,1.51,69.31,1.42,2,Fair
Jakarta,2026-04-23 05:00:00,21.5,25.82,344.11,1.17,76.3,1.35,2,Fair
Jakarta,2026-04-23 06:00:00,22.04,25.91,311.31,0.99,74.87,1.18,2,Fair
Jakarta,2026-04-23 07:00:00,20.93,24.14,271.55,0.96,69.54,1.05,2,Fair
Jakarta,2026-04-23 08:00:00,20.12,22.96,251.57,1.04,67.48,1.06,2,Fair
Jakarta,2026-04-23 09:00:00,19.09,21.73,238.31,1.13,65.98,1.06,2,Fair
Jakarta,2026-04-23 10:00:00,17.4,19.82,234.13,1.49,62.87,1.51,2,Fair
Jakarta,2026-04-23 11:00:00,16.06,18.36,239.34,2.0,58.84,2.04,2,Fair
Jakarta,2026-04-23 12:00:00,15.94,18.21,253.76,2.35,57.19,2.54,2,Fair
Jakarta,2026-04-23 13:00:00,16.71,19.16,285.73,2.77,56.44,2.96,2,Fair
Jakarta,2026-04-23 14:00:00,16.67,18.9,298.65,2.58,56.61,2.9,2,Fair
Jakarta,2026-04-23 15:00:00,15.71,17.46,289.99,2.03,56.55,2.56,2,Fair
Jakarta,2026-04-23 16:00:00,14.96,16.49,280.58,1.6,56.07,2.03,2,Fair
Jakarta,2026-04-23 17:00:00,14.85,16.36,285.66,1.43,56.28,1.7,2,Fair
Jakarta,2026-04-23 18:00:00,15.64,17.34,313.89,1.51,56.07,1.53,2,Fair
Jakarta,2026-04-23 19:00:00,16.82,18.69,348.45,1.68,55.95,1.51,2,Fair
Jakarta,2026-04-23 20:00:00,17.97,20.03,380.21,1.81,55.51,1.54,2,Fair
Jakarta,2026-04-23 21:00:00,19.41,21.74,418.24,1.97,55.13,1.6,2,Fair
Jakarta,2026-04-23 22:00:00,21.15,23.81,466.27,2.16,55.3,1.73,2,Fair
Jakarta,2026-04-23 23:00:00,22.3,25.11,500.79,2.26,56.51,1.9,2,Fair
Jakarta,2026-04-24 00:00:00,23.05,25.95,524.45,2.42,58.27,2.03,2,Fair
Jakarta,2026-04-24 01:00:00,24.09,26.98,552.62,2.46,66.45,2.14,2,Fair
Jakarta,2026-04-24 02:00:00,26.56,29.28,576.37,2.17,81.94,2.22,3,Moderate
Jakarta,2026-04-24 03:00:00,31.84,34.47,607.46,1.72,97.46,2.27,3,Moderate
Jakarta,2026-04-24 04:00:00,38.78,41.59,646.93,1.59,108.86,2.19,3,Moderate
Jakarta,2026-04-24 05:00:00,46.42,49.72,692.61,1.7,115.62,2.01,3,Moderate
Jakarta,2026-04-24 06:00:00,53.76,57.62,735.03,1.94,119.51,1.91,4,Poor
Jakarta,2026-04-24 07:00:00,57.27,60.96,745.66,2.3,121.07,1.89,4,Poor
Jakarta,2026-04-24 08:00:00,59.14,62.54,750.39,2.78,120.45,2.0,4,Poor
Jakarta,2026-04-24 09:00:00,62.27,65.78,776.73,3.51,120.58,2.28,4,Poor
Jakarta,2026-04-24 10:00:00,66.7,70.81,822.25,4.49,120.01,2.63,4,Poor
Jakarta,2026-04-24 11:00:00,69.35,73.77,843.05,4.73,118.59,2.64,4,Poor
Jakarta,2026-04-24 12:00:00,69.27,73.26,814.99,3.66,119.27,2.22,4,Poor
Jakarta,2026-04-24 13:00:00,63.73,66.13,689.78,1.56,128.86,1.69,4,Poor
Jakarta,2026-04-24 14:00:00,58.42,60.21,623.42,1.12,130.14,1.39,4,Poor
Jakarta,2026-04-24 15:00:00,56.84,58.32,595.75,0.92,130.82,1.19,4,Poor
Jakarta,2026-04-24 16:00:00,56.75,58.07,582.2,0.85,130.48,1.02,4,Poor
Jakarta,2026-04-24 17:00:00,59.1,60.66,600.73,0.96,130.31,1.04,4,Poor
Jakarta,2026-04-24 18:00:00,63.86,65.96,652.97,1.14,129.84,1.22,4,Poor
Jakarta,2026-04-24 19:00:00,69.35,71.89,708.88,1.22,130.1,1.38,4,Poor
Jakarta,2026-04-24 20:00:00,74.26,77.27,758.98,1.26,130.62,1.52,4,Poor
Jakarta,2026-04-24 21:00:00,78.47,81.96,807.61,1.32,130.7,1.65,5,Very Poor
Jakarta,2026-04-24 22:00:00,81.44,85.42,846.6,1.43,129.9,1.76,5,Very Poor
Jakarta,2026-04-24 23:00:00,81.5,85.72,856.36,1.53,127.79,1.82,5,Very Poor
Jakarta,2026-04-25 00:00:00,79.86,84.2,847.91,1.75,124.48,1.87,5,Very Poor
Jakarta,2026-04-25 01:00:00,78.67,83.18,842.91,2.17,122.07,1.95,5,Very Poor
Jakarta,2026-04-25 02:00:00,79.17,83.72,831.56,2.14,126.1,1.96,5,Very Poor
Jakarta,2026-04-25 03:00:00,81.18,85.68,811.81,1.63,134.03,1.87,5,Very Poor
Jakarta,2026-04-25 04:00:00,83.12,87.7,797.93,1.45,136.34,1.69,5,Very Poor
Jakarta,2026-04-25 05:00:00,83.14,88.03,799.73,1.66,131.82,1.5,5,Very Poor
Jakarta,2026-04-25 06:00:00,80.4,85.49,794.54,1.99,126.12,1.38,5,Very Poor
Jakarta,2026-04-25 07:00:00,75.77,80.71,773.84,2.34,121.42,1.33,5,Very Poor
Jakarta,2026-04-25 08:00:00,70.95,75.59,745.65,2.57,118.14,1.32,4,Poor
Jakarta,2026-04-25 09:00:00,66.5,70.88,718.5,2.78,114.26,1.36,4,Poor
Jakarta,2026-04-25 10:00:00,61.3,64.79,691.16,2.96,109.66,1.54,4,Poor
Jakarta,2026-04-25 11:00:00,56.9,59.6,673.75,3.03,105.83,1.64,4,Poor
Jakarta,2026-04-25 12:00:00,53.8,56.02,665.4,2.84,102.75,1.6,4,Poor
Jakarta,2026-04-25 13:00:00,51.62,53.79,660.96,2.69,98.47,1.53,4,Poor
Jakarta,2026-04-25 14:00:00,49.99,52.23,655.17,2.54,94.05,1.48,3,Moderate
Jakarta,2026-04-25 15:00:00,47.56,49.77,640.62,2.4,90.37,1.46,3,Moderate
Jakarta,2026-04-25 16:00:00,41.92,43.93,592.78,2.41,86.71,1.44,3,Moderate
Jakarta,2026-04-25 17:00:00,37.61,39.56,559.69,2.56,82.86,1.49,3,Moderate
Jakarta,2026-04-25 18:00:00,35.86,37.8,548.68,2.56,80.43,1.52,3,Moderate
Jakarta,2026-04-25 19:00:00,35.18,36.99,541.59,2.45,79.15,1.52,3,Moderate
Jakarta,2026-04-25 20:00:00,35.4,37.19,542.99,2.36,77.94,1.51,3,Moderate
Jakarta,2026-04-25 21:00:00,35.94,37.76,547.53,2.17,77.79,1.39,3,Moderate
Jakarta,2026-04-25 22:00:00,36.65,38.63,555.6,2.05,78.54,1.25,3,Moderate
Jakarta,2026-04-25 23:00:00,37.12,39.11,556.7,1.89,79.68,1.12,3,Moderate
Jakarta,2026-04-26 00:00:00,37.26,39.25,554.3,1.87,80.51,1.05,3,Moderate
Jakarta,2026-04-26 01:00:00,37.32,39.39,552.96,2.05,81.12,1.02,3,Moderate
Jakarta,2026-04-26 02:00:00,37.57,39.62,546.72,1.97,83.16,0.98,3,Moderate
Jakarta,2026-04-26 03:00:00,38.45,40.48,539.43,1.66,86.69,0.95,3,Moderate
Jakarta,2026-04-26 04:00:00,39.91,42.06,536.32,1.59,89.87,0.95,3,Moderate
Jakarta,2026-04-26 05:00:00,41.75,44.16,535.65,1.62,93.21,1.0,3,Moderate
Jakarta,2026-04-26 06:00:00,43.68,46.25,531.14,1.54,98.4,1.06,3,Moderate
Jakarta,2026-04-26 07:00:00,44.07,46.54,523.33,1.56,104.06,1.15,3,Moderate
Jakarta,2026-04-26 08:00:00,41.74,43.88,504.15,1.73,104.67,1.22,3,Moderate
Jakarta,2026-04-26 09:00:00,38.84,40.75,485.3,2.01,102.05,1.29,3,Moderate
Jakarta,2026-04-26 10:00:00,35.69,37.6,474.24,2.36,96.22,1.26,3,Moderate
Jakarta,2026-04-26 11:00:00,33.07,34.96,464.34,2.45,90.57,1.13,3,Moderate
Jakarta,2026-04-26 12:00:00,30.55,32.2,444.58,2.03,87.37,0.92,3,Moderate
Jakarta,2026-04-26 13:00:00,27.78,29.11,423.15,1.32,86.16,0.67,3,Moderate
Jakarta,2026-04-26 14:00:00,26.76,28.09,430.26,1.16,84.3,0.61,3,Moderate
Jakarta,2026-04-26 15:00:00,26.5,27.85,442.29,1.11,83.56,0.59,3,Moderate
Jakarta,2026-04-26 16:00:00,28.08,30.06,474.41,1.42,81.57,0.67,3,Moderate
Jakarta,2026-04-26 17:00:00,31.83,35.01,527.93,2.05,78.33,0.9,3,Moderate
Jakarta,2026-04-26 18:00:00,36.19,40.56,580.64,2.54,76.22,1.15,3,Moderate
Jakarta,2026-04-26 19:00:00,39.0,43.97,606.45,2.58,76.16,1.24,3,Moderate
Jakarta,2026-04-26 20:00:00,40.55,45.58,610.36,2.31,76.5,1.16,3,Moderate
Jakarta,2026-04-26 21:00:00,40.87,45.55,593.28,1.88,78.18,1.0,3,Moderate
Jakarta,2026-04-26 22:00:00,36.39,39.85,526.81,1.27,82.45,0.75,3,Moderate
Jakarta,2026-04-26 23:00:00,33.35,36.16,489.24,1.03,83.84,0.62,3,Moderate
Jakarta,2026-04-27 00:00:00,31.22,33.63,469.5,1.03,84.25,0.57,3,Moderate
Jakarta,2026-04-27 01:00:00,30.07,32.4,464.49,1.22,84.0,0.61,3,Moderate
Jakarta,2026-04-27 02:00:00,30.12,32.64,466.87,1.3,84.95,0.68,3,Moderate
Jakarta,2026-04-27 03:00:00,30.83,33.31,459.78,1.0,88.9,0.67,3,Moderate
Jakarta,2026-04-27 04:00:00,30.97,33.16,439.18,0.73,90.96,0.58,3,Moderate
Jakarta,2026-04-27 05:00:00,29.56,31.52,414.27,0.65,89.52,0.5,3,Moderate
Jakarta,2026-04-27 06:00:00,27.23,28.99,386.64,0.6,86.3,0.43,3,Moderate
Jakarta,2026-04-27 07:00:00,24.49,26.04,358.4,0.58,82.89,0.35,2,Fair
Jakarta,2026-04-27 08:00:00,22.43,23.84,336.47,0.6,79.16,0.29,2,Fair
Jakarta,2026-04-27 09:00:00,20.97,22.34,320.32,0.66,75.36,0.28,2,Fair
Jakarta,2026-04-27 10:00:00,20.2,21.64,310.49,0.74,71.98,0.29,2,Fair
Jakarta,2026-04-27 11:00:00,20.13,21.75,304.67,0.81,69.02,0.32,2,Fair
Jakarta,2026-04-27 12:00:00,20.57,22.47,303.04,0.87,67.03,0.35,2,Fair
Jakarta,2026-04-27 13:00:00,20.98,23.25,308.77,0.97,65.64,0.4,2,Fair
Jakarta,2026-04-27 14:00:00,20.04,22.47,307.6,0.97,64.38,0.38,2,Fair
Jakarta,2026-04-27 15:00:00,18.25,20.71,296.48,0.93,62.15,0.36,2,Fair
Jakarta,2026-04-27 16:00:00,16.13,18.52,275.46,0.88,58.32,0.33,2,Fair
Jakarta,2026-04-27 17:00:00,13.64,15.86,251.81,0.8,53.72,0.28,2,Fair
Jakarta,2026-04-27 18:00:00,11.05,13.1,226.84,0.69,49.0,0.21,2,Fair
Jakarta,2026-04-27 19:00:00,8.34,10.2,198.05,0.56,44.67,0.15,1,Good
Jakarta,2026-04-27 20:00:00,6.02,7.73,175.72,0.5,40.78,0.13,1,Good
Jakarta,2026-04-27 21:00:00,4.52,6.1,161.43,0.46,37.88,0.12,1,Good
Jakarta,2026-04-27 22:00:00,3.62,5.05,151.21,0.44,35.77,0.13,1,Good
Jakarta,2026-04-27 23:00:00,3.24,4.55,144.01,0.45,34.34,0.15,1,Good
Jakarta,2026-04-28 00:00:00,3.3,4.54,142.04,0.52,33.48,0.19,1,Good
Jakarta,2026-04-28 01:00:00,3.68,4.96,146.3,0.67,33.09,0.27,1,Good
Jakarta,2026-04-28 02:00:00,3.89,5.19,148.44,0.78,33.35,0.34,1,Good
Jakarta,2026-04-28 03:00:00,3.91,5.22,146.87,0.78,34.63,0.38,1,Good
Jakarta,2026-04-28 04:00:00,4.74,6.25,154.63,0.76,37.98,0.46,1,Good
Jakarta,2026-04-28 05:00:00,6.94,8.84,170.33,0.74,43.71,0.56,1,Good
Jakarta,2026-04-28 06:00:00,9.07,11.18,172.51,0.67,48.52,0.58,1,Good
Jakarta,2026-04-28 07:00:00,9.94,11.99,163.82,0.67,50.08,0.53,1,Good
Jakarta,2026-04-28 08:00:00,9.93,11.86,160.14,0.77,49.65,0.49,1,Good
Jakarta,2026-04-28 09:00:00,9.8,11.65,165.77,0.92,49.4,0.46,1,Good
Jakarta,2026-04-28 10:00:00,9.42,11.09,177.88,1.14,48.92,0.43,1,Good
Jakarta,2026-04-28 11:00:00,8.81,10.37,189.72,1.39,46.96,0.43,1,Good
Jakarta,2026-04-28 12:00:00,8.56,10.1,203.49,1.6,45.19,0.47,1,Good
Jakarta,2026-04-28 13:00:00,8.73,10.52,219.93,1.78,43.54,0.53,1,Good
Jakarta,2026-04-28 14:00:00,8.66,10.61,222.98,1.81,42.56,0.53,1,Good
Jakarta,2026-04-28 15:00:00,8.01,9.93,213.11,1.74,41.4,0.49,1,Good
Jakarta,2026-04-28 16:00:00,8.29,10.26,223.84,1.91,39.99,0.52,1,Good
Jakarta,2026-04-28 17:00:00,10.32,12.69,266.19,2.39,38.94,0.64,2,Fair
Jakarta,2026-04-28 18:00:00,12.3,15.09,304.69,2.73,37.74,0.72,2,Fair
Jakarta,2026-04-28 19:00:00,13.3,16.2,322.37,2.81,36.76,0.75,2,Fair
Jakarta,2026-04-28 20:00:00,13.88,16.77,332.62,2.87,35.78,0.8,2,Fair
Jakarta,2026-04-28 21:00:00,14.16,16.97,339.45,2.97,34.76,0.89,2,Fair
Jakarta,2026-04-28 22:00:00,12.95,15.48,315.61,2.79,33.87,0.95,2,Fair
Jakarta,2026-04-28 23:00:00,13.76,16.44,329.01,3.01,32.79,1.1,2,Fair
Jakarta,2026-04-29 00:00:00,14.42,17.26,340.5,3.25,31.85,1.23,2,Fair
Jakarta,2026-04-29 01:00:00,15.7,18.93,358.23,3.46,33.0,1.36,2,Fair
Jakarta,2026-04-29 02:00:00,17.34,20.8,362.34,3.01,41.03,1.43,2,Fair
Jakarta,2026-04-29 03:00:00,19.88,23.27,344.86,2.06,54.08,1.38,2,Fair
Jakarta,2026-04-29 04:00:00,22.05,25.06,313.46,1.31,63.73,1.28,2,Fair
Jakarta,2026-04-29 05:00:00,22.98,25.79,291.68,1.09,66.92,1.18,2,Fair
Jakarta,2026-04-29 06:00:00,23.52,26.35,281.98,1.04,68.2,1.13,2,Fair
Jakarta,2026-04-29 07:00:00,22.76,25.07,273.45,1.13,67.96,1.12,2,Fair
Jakarta,2026-04-29 08:00:00,21.7,23.57,275.34,1.27,65.91,1.07,2,Fair
Jakarta,2026-04-29 09:00:00,20.74,22.39,284.05,1.37,63.21,1.07,2,Fair
Jakarta,2026-04-29 10:00:00,19.76,21.59,296.23,1.49,59.59,1.03,2,Fair
Jakarta,2026-04-29 11:00:00,19.22,21.33,310.63,1.59,57.05,1.03,2,Fair
Jakarta,2026-04-29 12:00:00,19.29,21.62,327.75,1.68,55.74,1.05,2,Fair
Jakarta,2026-04-29 13:00:00,20.4,23.14,362.9,1.92,54.36,1.13,2,Fair
Jakarta,2026-04-29 14:00:00,21.81,24.8,399.36,2.21,53.82,1.23,2,Fair
Jakarta,2026-04-29 15:00:00,23.22,26.28,435.32,2.57,53.96,1.37,2,Fair
Jakarta,2026-04-29 16:00:00,24.87,27.78,482.13,3.09,53.61,1.57,2,Fair
Jakarta,2026-04-29 17:00:00,26.61,29.4,535.63,3.61,52.49,1.67,3,Moderate
Jakarta,2026-04-29 18:00:00,27.33,29.93,569.87,3.84,51.56,1.66,3,Moderate
Jakarta,2026-04-29 19:00:00,26.9,29.24,571.29,3.6,51.3,1.53,3,Moderate
Jakarta,2026-04-29 20:00:00,25.92,28.09,556.76,3.2,51.41,1.36,3,Moderate
Jakarta,2026-04-29 21:00:00,24.85,26.96,547.17,2.96,51.06,1.18,2,Fair
Jakarta,2026-04-29 22:00:00,22.65,24.53,517.11,2.75,51.79,0.93,2,Fair
Jakarta,2026-04-29 23:00:00,21.12,22.87,507.64,2.71,51.87,0.78,2,Fair
Jakarta,2026-04-30 00:00:00,21.34,23.18,533.29,2.98,50.82,0.77,2,Fair
Jakarta,2026-04-30 01:00:00,23.65,25.87,590.69,3.59,51.33,0.84,2,Fair
Jakarta,2026-04-30 02:00:00,27.23,29.79,640.13,3.8,56.79,0.9,3,Moderate
Jakarta,2026-04-30 03:00:00,31.41,34.09,660.76,3.29,67.45,0.89,3,Moderate
Jakarta,2026-04-30 04:00:00,36.49,39.39,674.32,2.85,78.1,0.86,3,Moderate
Jakarta,2026-04-30 05:00:00,38.63,42.02,685.01,3.12,78.91,0.87,3,Moderate
Jakarta,2026-04-30 06:00:00,36.57,40.4,674.17,3.56,74.01,0.95,3,Moderate
Jakarta,2026-04-30 07:00:00,32.19,36.13,630.23,3.73,68.93,1.0,3,Moderate
Jakarta,2026-04-30 08:00:00,29.57,33.53,603.87,3.82,65.15,0.98,3,Moderate
Jakarta,2026-04-30 09:00:00,28.64,32.46,609.86,3.93,63.09,0.96,3,Moderate
Jakarta,2026-04-30 10:00:00,26.97,30.32,619.36,4.31,61.39,1.02,3,Moderate
Jakarta,2026-04-30 11:00:00,26.49,30.32,662.49,5.58,56.49,1.34,3,Moderate
Jakarta,2026-04-30 12:00:00,25.58,29.72,677.14,6.1,53.71,1.57,3,Moderate
Jakarta,2026-04-30 13:00:00,24.37,28.46,680.06,6.45,51.78,1.73,2,Fair
Jakarta,2026-04-30 14:00:00,23.28,27.11,680.87,6.65,49.99,1.74,2,Fair
Jakarta,2026-04-30 15:00:00,21.66,24.82,651.59,6.11,50.08,1.49,2,Fair
Jakarta,2026-04-30 16:00:00,17.97,19.74,548.37,3.93,54.89,1.0,2,Fair
Jakarta,2026-04-30 17:00:00,17.31,18.82,523.45,3.36,56.39,0.84,2,Fair
Jakarta,2026-04-30 18:00:00,17.54,18.93,518.79,3.1,56.94,0.74,2,Fair
Jakarta,2026-04-30 19:00:00,17.67,18.94,509.02,2.74,57.7,0.65,2,Fair
Jakarta,2026-04-30 20:00:00,17.96,19.22,502.58,2.49,58.18,0.61,2,Fair
Jakarta,2026-04-30 21:00:00,18.48,19.72,500.87,2.31,58.39,0.59,2,Fair
Jakarta,2026-04-30 22:00:00,19.06,20.32,503.93,2.17,58.56,0.56,2,Fair
Jakarta,2026-04-30 23:00:00,19.77,21.13,513.15,2.08,57.99,0.56,2,Fair
Jakarta,2026-05-01 00:00:00,19.99,21.54,517.99,2.12,57.08,0.59,2,Fair
Jakarta,2026-05-01 01:00:00,19.38,21.07,514.68,2.34,56.29,0.62,2,Fair
Jakarta,2026-05-01 02:00:00,17.27,18.89,484.63,2.23,56.98,0.57,2,Fair
Jakarta,2026-05-01 03:00:00,14.69,16.11,421.56,1.71,58.43,0.47,2,Fair
Jakarta,2026-05-01 04:00:00,10.87,12.01,316.41,0.99,56.47,0.33,2,Fair
Jakarta,2026-05-01 05:00:00,7.95,9.0,228.99,0.61,50.44,0.25,1,Good
Jakarta,2026-05-01 06:00:00,6.03,7.18,173.25,0.46,44.13,0.21,1,Good
Jakarta,2026-05-01 07:00:00,4.83,6.16,136.42,0.4,40.08,0.2,1,Good
Jakarta,2026-05-01 08:00:00,4.1,5.63,116.5,0.44,37.74,0.21,1,Good
Jakarta,2026-05-01 09:00:00,3.4,5.03,106.19,0.56,35.88,0.23,1,Good
Jakarta,2026-05-01 10:00:00,2.91,4.6,105.57,0.84,34.11,0.26,1,Good
Jakarta,2026-05-01 11:00:00,2.6,4.3,109.54,1.18,32.55,0.28,1,Good
Jakarta,2026-05-01 12:00:00,2.48,4.22,113.65,1.31,32.28,0.3,1,Good
Jakarta,2026-05-01 13:00:00,2.74,4.78,126.31,1.59,31.92,0.36,1,Good
Jakarta,2026-05-01 14:00:00,3.29,6.0,142.79,1.98,30.7,0.45,1,Good
Jakarta,2026-05-01 15:00:00,3.78,7.22,153.56,2.23,29.63,0.53,1,Good
Jakarta,2026-05-01 16:00:00,4.24,8.34,164.21,2.44,28.66,0.59,1,Good
Jakarta,2026-05-01 17:00:00,4.5,8.87,169.19,2.46,28.25,0.61,1,Good
Jakarta,2026-05-01 18:00:00,4.28,8.33,157.69,2.15,28.85,0.56,1,Good
Jakarta,2026-05-01 19:00:00,3.57,6.73,129.58,1.48,30.76,0.44,1,Good
Jakarta,2026-05-01 20:00:00,3.32,6.04,117.66,1.16,31.34,0.39,1,Good
Jakarta,2026-05-01 21:00:00,3.25,5.76,111.78,0.99,31.47,0.37,1,Good
Jakarta,2026-05-01 22:00:00,3.07,5.45,103.25,0.79,32.01,0.32,1,Good
Jakarta,2026-05-01 23:00:00,2.95,5.38,96.97,0.71,32.47,0.29,1,Good
Jakarta,2026-05-02 00:00:00,2.97,5.49,94.11,0.74,32.82,0.29,1,Good
Jakarta,2026-05-02 01:00:00,3.02,5.87,95.92,0.79,33.26,0.31,1,Good
Jakarta,2026-05-02 02:00:00,3.05,6.35,99.57,0.76,34.35,0.33,1,Good
Jakarta,2026-05-02 03:00:00,3.19,6.78,102.52,0.64,36.67,0.35,1,Good
Jakarta,2026-05-02 04:00:00,3.38,7.0,104.65,0.58,38.42,0.35,1,Good
Jakarta,2026-05-02 05:00:00,3.38,6.79,103.53,0.49,39.22,0.33,1,Good
Jakarta,2026-05-02 06:00:00,3.62,6.74,103.54,0.4,40.65,0.33,1,Good
Jakarta,2026-05-02 07:00:00,4.5,7.59,111.68,0.49,43.27,0.37,1,Good
Jakarta,2026-05-02 08:00:00,5.72,8.86,132.7,0.77,45.65,0.51,1,Good
Jakarta,2026-05-02 09:00:00,7.08,10.29,167.89,1.26,46.51,0.72,1,Good
Jakarta,2026-05-02 10:00:00,8.08,11.56,209.88,2.09,44.34,0.97,1,Good
Jakarta,2026-05-02 11:00:00,8.12,11.75,231.9,2.83,40.3,1.06,1,Good
Jakarta,2026-05-02 12:00:00,7.51,10.77,221.03,2.65,38.45,0.91,1,Good
Jakarta,2026-05-02 13:00:00,5.16,6.94,150.24,1.55,39.43,0.46,1,Good
Jakarta,2026-05-02 14:00:00,3.94,5.33,127.62,1.25,37.4,0.3,1,Good
Jakarta,2026-05-02 15:00:00,3.4,4.64,118.89,1.13,36.31,0.24,1,Good
Jakarta,2026-05-02 16:00:00,3.17,4.34,117.69,1.12,35.42,0.22,1,Good
Jakarta,2026-05-02 17:00:00,3.28,4.53,123.49,1.2,34.53,0.22,1,Good
Jakarta,2026-05-02 18:00:00,3.41,4.8,127.63,1.26,33.65,0.22,1,Good
Jakarta,2026-05-02 19:00:00,3.39,5.1,126.87,1.26,32.92,0.23,1,Good
Jakarta,2026-05-02 20:00:00,3.32,5.57,123.85,1.23,32.24,0.26,1,Good
Jakarta,2026-05-02 21:00:00,3.16,5.96,119.09,1.14,31.78,0.27,1,Good
Jakarta,2026-05-02 22:00:00,3.15,6.39,117.2,1.13,31.48,0.29,1,Good
Jakarta,2026-05-02 23:00:00,3.41,6.85,121.95,1.23,31.03,0.34,1,Good
Jakarta,2026-05-03 00:00:00,3.54,6.91,126.74,1.29,31.0,0.39,1,Good
Jakarta,2026-05-03 01:00:00,3.78,6.99,133.37,1.19,32.61,0.44,1,Good
Jakarta,2026-05-03 02:00:00,4.26,7.28,136.19,1.02,37.87,0.47,1,Good
Jakarta,2026-05-03 03:00:00,5.72,8.55,136.47,0.73,46.09,0.48,1,Good
Jakarta,2026-05-03 04:00:00,8.28,10.97,137.5,0.56,53.62,0.52,1,Good
Jakarta,2026-05-03 05:00:00,10.57,13.22,139.18,0.52,58.0,0.59,2,Fair
Jakarta,2026-05-03 06:00:00,11.74,14.4,138.85,0.52,59.28,0.64,2,Fair
Jakarta,2026-05-03 07:00:00,10.95,13.48,134.28,0.54,57.25,0.65,2,Fair
Jakarta,2026-05-03 08:00:00,10.93,13.69,142.62,0.7,56.12,0.71,2,Fair
Jakarta,2026-05-03 09:00:00,11.87,15.06,161.61,0.93,56.11,0.81,2,Fair
Jakarta,2026-05-03 10:00:00,12.6,15.72,182.54,1.14,55.91,0.96,2,Fair
Jakarta,2026-05-03 11:00:00,12.29,14.96,193.02,1.21,55.46,0.97,2,Fair
Jakarta,2026-05-03 12:00:00,11.39,13.62,195.92,1.17,55.39,0.88,2,Fair
Jakarta,2026-05-03 13:00:00,10.97,13.05,204.64,1.22,54.55,0.81,2,Fair
Jakarta,2026-05-03 14:00:00,11.45,13.45,218.74,1.31,53.99,0.8,2,Fair
Jakarta,2026-05-03 15:00:00,11.75,13.6,229.53,1.34,53.36,0.78,2,Fair
Jakarta,2026-05-03 16:00:00,11.84,13.4,236.63,1.32,52.7,0.75,2,Fair
Jakarta,2026-05-03 17:00:00,11.25,12.52,233.0,1.21,51.95,0.68,2,Fair
Jakarta,2026-05-03 18:00:00,10.1,11.14,220.11,1.08,50.58,0.58,2,Fair
Jakarta,2026-05-03 19:00:00,8.86,9.7,204.26,0.96,48.76,0.5,1,Good
Jakarta,2026-05-03 20:00:00,8.21,8.98,198.36,0.93,46.92,0.45,1,Good
Jakarta,2026-05-03 21:00:00,7.9,8.65,198.27,0.93,45.35,0.41,1,Good
Jakarta,2026-05-03 22:00:00,7.91,8.76,201.47,0.95,44.13,0.36,1,Good
Jakarta,2026-05-03 23:00:00,7.94,8.96,204.08,0.98,42.88,0.33,1,Good
Jakarta,2026-05-04 00:00:00,7.98,9.22,208.89,1.11,41.94,0.35,1,Good
Jakarta,2026-05-04 01:00:00,8.73,10.24,227.78,1.29,41.8,0.39,1,Good
Jakarta,2026-05-04 02:00:00,9.33,10.87,241.98,1.36,43.38,0.4,1,Good
Jakarta,2026-05-04 03:00:00,9.15,10.51,239.21,1.23,45.07,0.36,1,Good
Jakarta,2026-05-04 04:00:00,7.2,8.26,204.22,0.93,44.76,0.27,1,Good
Jakarta,2026-05-04 05:00:00,5.09,5.95,167.87,0.74,42.18,0.2,1,Good
Jakarta,2026-05-04 06:00:00,3.56,4.31,140.67,0.63,39.39,0.15,1,Good
Jakarta,2026-05-04 07:00:00,2.46,3.15,119.27,0.53,37.67,0.12,1,Good
Jakarta,2026-05-04 08:00:00,2.09,2.81,110.79,0.51,36.87,0.12,1,Good
Jakarta,2026-05-04 09:00:00,2.1,2.88,112.49,0.62,36.55,0.14,1,Good
Jakarta,2026-05-04 10:00:00,2.4,3.23,123.5,0.94,36.15,0.21,1,Good
Jakarta,2026-05-04 11:00:00,2.84,3.75,140.92,1.4,35.53,0.31,1,Good
Jakarta,2026-05-04 12:00:00,3.3,4.27,157.71,1.71,35.52,0.39,1,Good
Jakarta,2026-05-04 13:00:00,3.76,4.88,174.59,1.93,35.39,0.45,1,Good
Jakarta,2026-05-04 14:00:00,3.89,5.11,183.59,1.98,35.29,0.46,1,Good
Jakarta,2026-05-04 15:00:00,3.77,5.05,187.16,1.95,34.85,0.44,1,Good
Jakarta,2026-05-04 16:00:00,3.8,5.12,194.76,1.95,34.19,0.45,1,Good
Jakarta,2026-05-04 17:00:00,4.11,5.49,206.06,2.0,33.44,0.49,1,Good
Jakarta,2026-05-04 18:00:00,4.64,6.09,219.63,2.12,32.75,0.55,1,Good
Jakarta,2026-05-04 19:00:00,5.22,6.51,231.66,2.22,32.11,0.63,1,Good
Jakarta,2026-05-04 20:00:00,5.96,7.14,245.89,2.36,31.28,0.68,1,Good
Jakarta,2026-05-04 21:00:00,6.25,7.3,253.2,2.4,30.92,0.66,1,Good
Jakarta,2026-05-04 22:00:00,6.16,7.11,255.05,2.34,30.8,0.6,1,Good
Jakarta,2026-05-04 23:00:00,6.46,7.38,265.47,2.39,30.71,0.56,1,Good
Jakarta,2026-05-05 00:00:00,7.97,9.02,294.44,2.81,30.55,0.59,1,Good
Jakarta,2026-05-05 01:00:00,11.62,13.29,366.08,4.09,29.8,0.78,2,Fair
Jakarta,2026-05-05 02:00:00,15.3,17.75,434.35,4.99,32.52,1.02,2,Fair
Jakarta,2026-05-05 03:00:00,18.77,21.8,465.24,4.68,44.4,1.18,2,Fair
Jakarta,2026-05-05 04:00:00,22.63,25.95,466.5,3.86,61.1,1.25,2,Fair
Jakarta,2026-05-05 05:00:00,22.67,25.81,425.61,3.13,65.7,1.13,2,Fair
Jakarta,2026-05-05 06:00:00,19.34,22.0,356.03,2.42,63.16,0.89,2,Fair
Jakarta,2026-05-05 07:00:00,12.01,13.29,237.79,1.32,55.73,0.6,2,Fair
Jakarta,2026-05-05 08:00:00,9.18,10.15,204.71,1.12,52.49,0.49,1,Good
Jakarta,2026-05-05 09:00:00,9.0,9.99,212.48,1.16,51.36,0.48,1,Good
Jakarta,2026-05-05 10:00:00,9.74,10.88,238.82,1.37,50.35,0.5,1,Good
Jakarta,2026-05-05 11:00:00,10.48,11.83,266.73,1.64,48.94,0.57,2,Fair
Jakarta,2026-05-05 12:00:00,11.32,12.91,296.69,1.95,47.88,0.64,2,Fair
Jakarta,2026-05-05 13:00:00,12.22,14.36,331.93,2.41,46.42,0.78,2,Fair
Jakarta,2026-05-05 14:00:00,12.63,15.13,348.45,2.61,45.62,0.85,2,Fair
Jakarta,2026-05-05 15:00:00,12.57,15.13,346.19,2.57,45.91,0.86,2,Fair
Jakarta,2026-05-05 16:00:00,12.81,15.33,343.84,2.54,46.84,0.88,2,Fair
Jakarta,2026-05-05 17:00:00,13.82,16.59,355.26,2.67,47.02,0.95,2,Fair
Jakarta,2026-05-05 18:00:00,14.97,18.07,370.36,2.88,45.77,1.0,2,Fair
Jakarta,2026-05-05 19:00:00,15.1,18.23,372.68,2.95,43.73,0.97,2,Fair
Jakarta,2026-05-05 20:00:00,15.14,18.38,376.34,3.11,40.85,0.92,2,Fair
Jakarta,2026-05-05 21:00:00,15.47,18.88,385.16,3.42,37.88,0.87,2,Fair
Jakarta,2026-05-05 22:00:00,15.23,18.72,385.19,3.61,35.27,0.78,2,Fair
Jakarta,2026-05-05 23:00:00,13.67,16.97,359.02,3.43,33.61,0.69,2,Fair
Jakarta,2026-05-06 00:00:00,11.67,14.74,322.24,3.08,32.7,0.63,2,Fair
Jakarta,2026-05-06 01:00:00,10.28,13.32,293.6,2.72,33.46,0.61,2,Fair
Jakarta,2026-05-06 02:00:00,9.04,11.99,260.38,2.14,36.78,0.58,1,Good
Jakarta,2026-05-06 03:00:00,8.19,10.93,226.38,1.52,41.44,0.53,1,Good
Jakarta,2026-05-06 04:00:00,7.6,10.15,193.51,1.02,45.21,0.47,1,Good
Jakarta,2026-05-06 05:00:00,8.48,11.24,178.43,0.79,48.1,0.45,1,Good
Jakarta,2026-05-06 06:00:00,9.41,12.45,160.55,0.64,49.19,0.42,1,Good
Jakarta,2026-05-06 07:00:00,9.52,12.81,141.09,0.59,48.03,0.37,1,Good
Jakarta,2026-05-06 08:00:00,8.88,12.41,128.55,0.66,45.1,0.35,1,Good
Jakarta,2026-05-06 09:00:00,8.24,12.14,125.18,0.84,41.67,0.37,1,Good
Jakarta,2026-05-06 10:00:00,7.8,11.89,128.5,1.1,38.19,0.41,1,Good
Jakarta,2026-05-06 11:00:00,7.59,11.72,136.94,1.33,35.33,0.46,1,Good
Jakarta,2026-05-06 12:00:00,7.53,11.73,147.67,1.47,33.33,0.51,1,Good
Jakarta,2026-05-06 13:00:00,7.58,11.44,159.28,1.54,31.89,0.54,1,Good
Jakarta,2026-05-06 14:00:00,7.36,10.75,166.15,1.53,31.23,0.52,1,Good
Jakarta,2026-05-06 15:00:00,6.45,9.42,166.43,1.47,31.64,0.49,1,Good
Jakarta,2026-05-06 16:00:00,4.85,7.58,160.58,1.25,33.44,0.43,1,Good
Jakarta,2026-05-06 17:00:00,4.72,7.74,176.33,1.31,34.56,0.48,1,Good
Jakarta,2026-05-06 18:00:00,5.21,8.53,195.63,1.38,35.59,0.57,1,Good
Jakarta,2026-05-06 19:00:00,6.7,10.35,237.72,1.67,34.14,0.64,1,Good
Jakarta,2026-05-06 20:00:00,8.83,12.88,296.22,2.11,30.35,0.71,1,Good
Jakarta,2026-05-06 21:00:00,10.82,15.22,344.65,2.47,27.21,0.78,2,Fair
Jakarta,2026-05-06 22:00:00,12.11,16.57,375.05,2.69,24.96,0.84,2,Fair
Jakarta,2026-05-06 23:00:00,12.13,16.44,375.44,2.79,23.95,0.85,2,Fair
Jakarta,2026-05-07 00:00:00,10.66,14.67,340.62,2.72,25.08,0.88,2,Fair
Jakarta,2026-05-07 01:00:00,5.59,8.57,198.41,1.41,32.7,0.67,1,Good
Jakarta,2026-05-07 02:00:00,4.25,6.93,156.64,0.97,36.91,0.52,1,Good
Jakarta,2026-05-07 03:00:00,4.25,6.87,143.54,0.72,39.95,0.46,1,Good
Jakarta,2026-05-07 04:00:00,4.51,6.93,138.41,0.54,42.61,0.42,1,Good
Jakarta,2026-05-07 05:00:00,5.05,7.3,138.87,0.48,43.9,0.4,1,Good
Jakarta,2026-05-07 06:00:00,5.77,7.96,139.86,0.43,44.29,0.37,1,Good
Jakarta,2026-05-07 07:00:00,6.46,8.68,142.21,0.52,44.0,0.37,1,Good
Jakarta,2026-05-07 08:00:00,7.36,9.82,153.01,0.74,43.29,0.44,1,Good
Jakarta,2026-05-07 09:00:00,8.2,10.96,165.96,1.01,42.18,0.53,1,Good
Jakarta,2026-05-07 10:00:00,8.66,11.7,176.59,1.37,39.86,0.63,1,Good
Jakarta,2026-05-07 11:00:00,8.82,12.03,182.67,1.74,36.94,0.68,1,Good
Jakarta,2026-05-07 12:00:00,8.84,12.1,184.82,2.01,36.13,0.69,1,Good
Jakarta,2026-05-07 13:00:00,8.79,12.49,191.54,2.28,35.91,0.72,1,Good
Jakarta,2026-05-07 14:00:00,9.82,14.51,222.24,2.72,33.83,0.81,1,Good
Jakarta,2026-05-07 15:00:00,10.77,16.25,250.28,3.09,31.8,0.87,2,Fair
Jakarta,2026-05-07 16:00:00,11.45,17.41,274.81,3.49,30.1,0.91,2,Fair
Jakarta,2026-05-07 17:00:00,11.48,17.38,283.25,3.66,29.03,0.92,2,Fair
Jakarta,2026-05-07 18:00:00,10.21,15.46,258.08,3.16,28.98,0.85,2,Fair
Jakarta,2026-05-07 19:00:00,7.48,11.44,201.78,2.15,29.73,0.69,1,Good
Jakarta,2026-05-07 20:00:00,6.66,10.17,184.03,1.84,28.46,0.62,1,Good
Jakarta,2026-05-07 21:00:00,6.32,9.56,174.32,1.7,27.22,0.57,1,Good
Jakarta,2026-05-07 22:00:00,6.05,9.06,164.89,1.56,26.25,0.52,1,Good
Jakarta,2026-05-07 23:00:00,5.79,8.62,156.26,1.44,25.68,0.48,1,Good
Jakarta,2026-05-08 00:00:00,5.66,8.44,153.4,1.41,25.48,0.48,1,Good
Jakarta,2026-05-08 01:00:00,5.77,8.63,155.72,1.29,27.1,0.52,1,Good
Jakarta,2026-05-08 02:00:00,5.88,8.79,153.77,1.21,30.72,0.53,1,Good
Jakarta,2026-05-08 03:00:00,5.83,8.68,147.09,1.05,34.05,0.5,1,Good
Jakarta,2026-05-08 04:00:00,5.6,8.56,141.11,0.98,35.16,0.48,1,Good
Jakarta,2026-05-08 05:00:00,5.67,8.94,138.26,0.95,35.5,0.47,1,Good
Jakarta,2026-05-08 06:00:00,5.67,9.16,132.67,0.89,35.84,0.45,1,Good
Jakarta,2026-05-08 07:00:00,5.55,9.21,128.59,0.95,35.9,0.44,1,Good
Jakarta,2026-05-08 08:00:00,5.51,9.36,131.53,1.08,35.93,0.46,1,Good
Jakarta,2026-05-08 09:00:00,5.66,9.68,138.74,1.23,36.35,0.5,1,Good
Jakarta,2026-05-08 10:00:00,5.43,9.5,144.66,1.6,34.76,0.53,1,Good
Jakarta,2026-05-08 11:00:00,4.93,8.92,150.4,2.14,31.08,0.57,1,Good
Jakarta,2026-05-08 12:00:00,4.75,8.8,158.67,2.41,28.59,0.62,1,Good
Jakarta,2026-05-08 13:00:00,4.88,8.88,169.89,2.6,27.12,0.67,1,Good
Jakarta,2026-05-08 14:00:00,5.1,8.95,177.83,2.65,26.64,0.69,1,Good
Jakarta,2026-05-08 15:00:00,5.51,9.29,191.78,2.88,26.79,0.77,1,Good
Jakarta,2026-05-08 16:00:00,6.16,9.92,215.52,3.23,26.92,0.87,1,Good
Jakarta,2026-05-08 17:00:00,7.2,11.31,248.18,3.58,26.48,0.97,1,Good
Jakarta,2026-05-08 18:00:00,8.62,13.1,283.78,3.82,26.06,1.1,1,Good
Jakarta,2026-05-08 19:00:00,10.42,15.13,317.39,3.96,26.01,1.3,2,Fair
Jakarta,2026-05-08 20:00:00,11.99,16.76,337.83,3.98,26.16,1.48,2,Fair
Jakarta,2026-05-08 21:00:00,12.57,17.27,339.99,3.85,25.99,1.5,2,Fair
Jakarta,2026-05-08 22:00:00,12.18,16.76,326.75,3.63,25.23,1.39,2,Fair
Jakarta,2026-05-08 23:00:00,12.16,16.85,321.9,3.54,24.47,1.3,2,Fair
Jakarta,2026-05-09 00:00:00,13.1,17.95,327.03,3.45,25.12,1.3,2,Fair
Jakarta,2026-05-09 01:00:00,14.96,19.85,337.19,2.91,31.91,1.32,2,Fair
Jakarta,2026-05-09 02:00:00,16.84,21.48,334.0,2.36,44.89,1.29,2,Fair
Jakarta,2026-05-09 03:00:00,18.77,23.06,315.85,1.69,57.88,1.22,2,Fair
Jakarta,2026-05-09 04:00:00,19.29,23.24,291.65,1.41,63.53,1.16,2,Fair
Jakarta,2026-05-09 05:00:00,17.93,21.65,269.13,1.35,63.19,1.08,2,Fair
Jakarta,2026-05-09 06:00:00,16.78,20.41,245.53,1.22,62.85,0.99,2,Fair
Jakarta,2026-05-09 07:00:00,15.84,19.5,224.25,1.14,62.32,0.9,2,Fair
Jakarta,2026-05-09 08:00:00,14.68,18.46,205.78,1.09,60.91,0.8,2,Fair
Jakarta,2026-05-09 09:00:00,13.4,17.38,191.86,1.08,59.02,0.72,2,Fair
Jakarta,2026-05-09 10:00:00,12.19,16.08,183.65,1.14,57.06,0.75,2,Fair
Jakarta,2026-05-09 11:00:00,11.35,14.98,180.52,1.11,55.51,0.76,2,Fair
Jakarta,2026-05-09 12:00:00,11.0,14.45,180.7,1.05,54.15,0.76,2,Fair
Jakarta,2026-05-09 13:00:00,10.52,13.59,185.81,1.02,53.65,0.71,2,Fair
Jakarta,2026-05-09 14:00:00,9.37,11.98,183.97,0.95,52.79,0.6,1,Good
Jakarta,2026-05-09 15:00:00,8.07,10.29,172.31,0.86,50.23,0.49,1,Good
Jakarta,2026-05-09 16:00:00,7.44,9.48,165.09,0.87,47.27,0.43,1,Good
Jakarta,2026-05-09 17:00:00,7.44,9.53,166.63,0.98,44.73,0.42,1,Good
Jakarta,2026-05-09 18:00:00,7.36,9.49,166.15,1.02,42.94,0.4,1,Good
Jakarta,2026-05-09 19:00:00,7.05,9.31,160.34,0.97,41.73,0.38,1,Good
Jakarta,2026-05-09 20:00:00,6.75,9.39,153.4,0.93,40.57,0.36,1,Good
Jakarta,2026-05-09 21:00:00,6.62,9.83,147.17,0.91,39.57,0.36,1,Good
Jakarta,2026-05-09 22:00:00,6.5,10.48,141.27,0.87,38.66,0.36,1,Good
Jakarta,2026-05-09 23:00:00,6.33,11.16,134.63,0.84,37.99,0.36,1,Good
Jakarta,2026-05-10 00:00:00,6.13,11.71,130.09,0.85,37.55,0.38,1,Good
Jakarta,2026-05-10 01:00:00,6.09,12.16,129.69,0.81,38.43,0.41,1,Good
Jakarta,2026-05-10 02:00:00,6.45,12.81,130.1,0.71,42.0,0.43,1,Good
Jakarta,2026-05-10 03:00:00,7.44,13.98,129.02,0.54,47.28,0.44,1,Good
Jakarta,2026-05-10 04:00:00,9.11,15.78,128.38,0.42,52.14,0.45,1,Good
Jakarta,2026-05-10 05:00:00,10.92,17.63,127.48,0.38,55.04,0.46,2,Fair
Jakarta,2026-05-10 06:00:00,11.81,18.3,123.18,0.36,55.55,0.46,2,Fair
Jakarta,2026-05-10 07:00:00,11.73,17.82,118.03,0.35,55.14,0.45,2,Fair
Jakarta,2026-05-10 08:00:00,11.54,17.2,117.08,0.39,54.95,0.46,2,Fair
Jakarta,2026-05-10 09:00:00,11.44,16.76,118.83,0.47,54.77,0.49,2,Fair
Jakarta,2026-05-10 10:00:00,11.11,16.25,121.53,0.63,53.54,0.52,2,Fair
Jakarta,2026-05-10 11:00:00,10.74,15.93,125.98,0.82,51.08,0.56,2,Fair
Jakarta,2026-05-10 12:00:00,10.62,16.07,132.95,0.95,49.32,0.62,2,Fair
Jakarta,2026-05-10 13:00:00,10.78,16.71,144.93,1.13,47.31,0.67,2,Fair
Jakarta,2026-05-10 14:00:00,10.89,17.54,156.62,1.29,44.71,0.7,2,Fair
Jakarta,2026-05-10 15:00:00,10.81,18.23,165.53,1.42,42.36,0.72,2,Fair
Jakarta,2026-05-10 16:00:00,10.66,18.66,172.55,1.56,40.67,0.75,2,Fair
Jakarta,2026-05-10 17:00:00,10.16,18.37,170.4,1.51,40.38,0.75,2,Fair
Jakarta,2026-05-10 18:00:00,9.11,17.29,156.71,1.24,41.17,0.7,1,Good
Jakarta,2026-05-10 19:00:00,7.83,15.83,140.28,0.94,42.61,0.64,1,Good
Jakarta,2026-05-10 20:00:00,7.89,16.35,142.83,0.94,41.78,0.63,1,Good
Jakarta,2026-05-10 21:00:00,8.49,17.44,152.29,0.98,41.0,0.64,1,Good
Jakarta,2026-05-10 22:00:00,9.06,18.3,159.33,1.0,40.71,0.64,1,Good
Jakarta,2026-05-10 23:00:00,9.01,18.15,157.12,0.95,41.18,0.62,1,Good
Jakarta,2026-05-11 00:00:00,8.59,17.37,152.45,0.93,42.02,0.59,1,Good
Jakarta,2026-05-12 01:00:00,15.21,18.83,306.34,2.07,58.45,1.04,2,Fair
Jakarta,2026-05-12 02:00:00,18.82,23.87,375.04,3.15,56.27,1.3,2,Fair
Jakarta,2026-05-12 03:00:00,21.6,27.67,412.92,3.41,58.68,1.48,2,Fair
Jakarta,2026-05-12 04:00:00,23.09,29.37,408.17,2.83,65.66,1.48,2,Fair
Jakarta,2026-05-12 05:00:00,22.7,28.55,372.57,2.02,69.56,1.29,2,Fair
Jakarta,2026-05-12 06:00:00,20.81,25.83,314.58,1.26,69.71,1.01,2,Fair
Jakarta,2026-05-12 07:00:00,15.72,19.35,234.76,0.67,64.66,0.66,2,Fair
Jakarta,2026-05-12 08:00:00,13.87,17.4,209.07,0.68,60.62,0.54,2,Fair
Jakarta,2026-05-12 09:00:00,12.4,15.98,196.29,0.86,56.32,0.51,2,Fair
Jakarta,2026-05-12 10:00:00,11.01,14.64,188.21,1.16,52.33,0.54,2,Fair
Jakarta,2026-05-12 11:00:00,10.07,13.84,187.66,1.48,49.58,0.61,2,Fair
Jakarta,2026-05-12 12:00:00,9.62,13.82,192.61,1.71,48.12,0.69,1,Good
Jakarta,2026-05-12 13:00:00,9.76,14.13,208.47,1.97,46.38,0.81,1,Good
Jakarta,2026-05-12 14:00:00,10.42,14.76,227.23,2.21,44.55,0.87,2,Fair
Jakarta,2026-05-12 15:00:00,10.63,14.81,238.36,2.27,43.77,0.86,2,Fair
Jakarta,2026-05-12 16:00:00,10.26,14.31,240.53,2.19,43.53,0.8,2,Fair
Jakarta,2026-05-12 17:00:00,9.77,13.96,239.68,2.07,42.94,0.75,1,Good
Jakarta,2026-05-12 18:00:00,9.48,13.97,236.72,1.91,41.35,0.73,1,Good
Jakarta,2026-05-12 19:00:00,9.18,13.91,230.97,1.71,40.38,0.74,1,Good
Jakarta,2026-05-12 20:00:00,9.16,14.1,227.93,1.58,40.07,0.82,1,Good
Jakarta,2026-05-12 21:00:00,9.71,14.92,231.53,1.53,39.79,0.93,1,Good
Jakarta,2026-05-12 22:00:00,10.71,16.23,242.0,1.58,38.8,1.0,2,Fair
Jakarta,2026-05-12 23:00:00,11.79,17.64,256.28,1.69,37.0,1.01,2,Fair
Jakarta,2026-05-13 00:00:00,12.57,18.67,268.03,1.91,35.76,1.06,2,Fair
Jakarta,2026-05-13 01:00:00,13.53,20.06,284.72,2.21,36.01,1.14,2,Fair
Jakarta,2026-05-13 02:00:00,14.22,21.26,284.96,2.1,40.28,1.17,2,Fair
Jakarta,2026-05-13 03:00:00,14.43,21.56,258.52,1.56,46.7,1.12,2,Fair
Jakarta,2026-05-13 04:00:00,14.76,21.75,228.04,1.08,51.88,1.03,2,Fair
Jakarta,2026-05-13 05:00:00,16.37,23.54,217.97,0.89,55.34,0.95,2,Fair
Jakarta,2026-05-13 06:00:00,17.46,24.64,204.16,0.75,56.77,0.85,2,Fair
Jakarta,2026-05-13 07:00:00,16.88,23.77,178.02,0.62,55.72,0.71,2,Fair
Jakarta,2026-05-13 08:00:00,15.06,21.5,155.19,0.61,52.09,0.6,2,Fair
Jakarta,2026-05-13 09:00:00,13.06,18.91,140.69,0.67,47.49,0.52,2,Fair
Jakarta,2026-05-13 10:00:00,11.26,15.97,135.2,0.85,42.18,0.48,2,Fair
Jakarta,2026-05-13 11:00:00,10.46,14.59,146.18,1.21,37.89,0.54,2,Fair
Jakarta,2026-05-13 12:00:00,10.47,14.64,170.79,1.62,35.76,0.65,2,Fair
Jakarta,2026-05-13 13:00:00,10.9,15.43,203.91,2.05,35.26,0.79,2,Fair
Jakarta,2026-05-13 14:00:00,10.83,15.59,222.24,2.06,36.66,0.79,2,Fair
Jakarta,2026-05-13 15:00:00,10.2,14.95,225.78,1.89,38.89,0.75,2,Fair
Jakarta,2026-05-13 16:00:00,9.6,14.49,226.76,1.77,40.59,0.76,1,Good
Jakarta,2026-05-13 17:00:00,9.51,14.98,233.82,1.8,40.02,0.85,1,Good
Jakarta,2026-05-13 18:00:00,9.3,15.25,233.35,1.76,38.24,0.93,1,Good
Jakarta,2026-05-13 19:00:00,8.79,14.92,221.69,1.62,36.37,0.99,1,Good
Jakarta,2026-05-13 20:00:00,8.48,14.69,211.62,1.53,34.51,1.03,1,Good
Jakarta,2026-05-13 21:00:00,8.48,14.83,208.63,1.52,32.88,1.05,1,Good
Jakarta,2026-05-13 22:00:00,8.52,15.1,207.79,1.52,31.18,1.03,1,Good
Jakarta,2026-05-13 23:00:00,8.17,14.76,198.69,1.52,29.24,0.97,1,Good
Jakarta,2026-05-14 00:00:00,7.61,13.96,187.91,1.59,27.15,0.91,1,Good
Jakarta,2026-05-14 01:00:00,7.4,13.65,186.0,1.72,26.18,0.89,1,Good
Jakarta,2026-05-14 02:00:00,7.63,13.68,186.65,1.7,28.23,0.87,1,Good
Jakarta,2026-05-14 03:00:00,8.36,13.89,180.13,1.34,34.1,0.8,1,Good
Jakarta,2026-05-14 04:00:00,8.94,13.76,167.02,1.04,38.58,0.7,1,Good
Jakarta,2026-05-14 05:00:00,8.44,12.5,151.89,0.86,38.88,0.58,1,Good
Jakarta,2026-05-14 06:00:00,7.74,11.02,133.81,0.63,38.92,0.45,1,Good
Jakarta,2026-05-14 07:00:00,6.98,9.63,115.65,0.47,38.78,0.34,1,Good
Jakarta,2026-05-14 08:00:00,6.12,8.32,104.4,0.4,37.43,0.28,1,Good
Jakarta,2026-05-14 09:00:00,5.17,7.07,99.96,0.37,35.2,0.24,1,Good
Jakarta,2026-05-14 10:00:00,3.86,5.54,96.29,0.41,31.72,0.21,1,Good
Jakarta,2026-05-14 11:00:00,3.44,5.28,101.04,0.59,29.06,0.23,1,Good
Jakarta,2026-05-14 12:00:00,3.5,5.76,109.02,0.78,27.46,0.29,1,Good
Jakarta,2026-05-14 13:00:00,3.78,6.67,119.54,1.02,26.55,0.34,1,Good
Jakarta,2026-05-14 14:00:00,3.75,7.36,125.44,1.15,25.85,0.36,1,Good
Jakarta,2026-05-14 15:00:00,3.56,7.8,129.77,1.28,25.15,0.36,1,Good
Jakarta,2026-05-14 16:00:00,3.39,7.94,134.88,1.45,24.37,0.38,1,Good
Jakarta,2026-05-14 17:00:00,3.27,7.78,138.79,1.57,23.46,0.38,1,Good
Jakarta,2026-05-14 18:00:00,3.2,7.63,139.73,1.58,22.63,0.36,1,Good
Jakarta,2026-05-14 19:00:00,3.26,7.45,137.74,1.56,22.04,0.34,1,Good
Jakarta,2026-05-14 20:00:00,3.59,7.57,136.58,1.57,22.01,0.38,1,Good
Jakarta,2026-05-14 21:00:00,3.94,7.71,129.79,1.44,22.35,0.4,1,Good
Jakarta,2026-05-14 22:00:00,3.97,7.39,117.53,1.19,22.5,0.37,1,Good
Jakarta,2026-05-14 23:00:00,4.1,7.51,119.06,1.18,21.95,0.36,1,Good
Jakarta,2026-05-15 00:00:00,4.4,7.93,127.11,1.39,21.49,0.42,1,Good
Jakarta,2026-05-15 01:00:00,4.89,8.69,143.33,1.65,21.73,0.54,1,Good
Jakarta,2026-05-15 02:00:00,5.34,9.19,149.34,1.5,25.46,0.6,1,Good
Jakarta,2026-05-15 03:00:00,6.12,9.72,141.36,1.08,33.72,0.56,1,Good
Jakarta,2026-05-15 04:00:00,7.7,11.1,134.88,0.7,42.08,0.52,1,Good
Jakarta,2026-05-15 05:00:00,9.75,13.32,140.2,0.63,47.63,0.52,1,Good
Jakarta,2026-05-15 06:00:00,10.44,13.99,138.28,0.61,49.43,0.49,2,Fair
Jakarta,2026-05-15 07:00:00,9.52,12.91,128.45,0.62,47.84,0.43,1,Good
Jakarta,2026-05-15 08:00:00,8.55,11.93,125.44,0.74,44.94,0.41,1,Good
Jakarta,2026-05-15 09:00:00,8.18,11.72,133.85,1.04,41.75,0.46,1,Good
Jakarta,2026-05-15 10:00:00,8.18,11.35,151.0,1.52,38.52,0.53,1,Good
Jakarta,2026-05-15 11:00:00,8.6,11.36,170.66,1.97,36.7,0.6,1,Good
Jakarta,2026-05-15 12:00:00,9.51,12.22,192.56,2.29,36.51,0.68,1,Good
Jakarta,2026-05-15 13:00:00,10.94,13.64,220.9,2.51,37.25,0.76,2,Fair
Jakarta,2026-05-15 14:00:00,12.34,14.91,247.72,2.44,38.27,0.79,2,Fair
Jakarta,2026-05-15 15:00:00,13.35,15.63,270.49,2.26,38.94,0.83,2,Fair
Jakarta,2026-05-15 16:00:00,14.02,15.9,292.61,2.27,39.61,0.93,2,Fair
Jakarta,2026-05-15 17:00:00,14.99,16.62,323.62,2.5,39.99,1.02,2,Fair
Jakarta,2026-05-15 18:00:00,15.73,17.19,345.26,2.51,40.47,1.0,2,Fair
Jakarta,2026-05-15 19:00:00,16.49,18.05,366.54,2.49,39.2,0.89,2,Fair
Jakarta,2026-05-15 20:00:00,18.32,20.2,412.17,2.66,36.77,0.85,2,Fair
Jakarta,2026-05-15 21:00:00,20.62,22.73,465.01,2.84,35.9,0.88,2,Fair
Jakarta,2026-05-15 22:00:00,22.94,25.29,514.99,2.96,36.45,0.92,2,Fair
Jakarta,2026-05-15 23:00:00,23.65,26.07,528.09,2.88,37.23,0.87,2,Fair
Jakarta,2026-05-16 00:00:00,22.06,24.37,500.42,2.79,38.2,0.8,2,Fair
Jakarta,2026-05-16 01:00:00,18.49,20.72,434.89,2.55,40.01,0.71,2,Fair
Jakarta,2026-05-16 02:00:00,15.59,18.01,372.24,2.2,42.28,0.63,2,Fair
Jakarta,2026-05-16 03:00:00,13.68,16.14,314.19,1.68,45.57,0.54,2,Fair
Jakarta,2026-05-16 04:00:00,11.97,14.21,256.32,1.19,47.3,0.44,2,Fair
Jakarta,2026-05-16 05:00:00,11.57,13.87,224.37,1.0,46.62,0.41,2,Fair
Jakarta,2026-05-16 06:00:00,10.9,13.36,197.46,0.88,43.96,0.38,2,Fair
Jakarta,2026-05-16 07:00:00,9.31,11.87,165.93,0.76,40.1,0.33,1,Good
Jakarta,2026-05-16 08:00:00,7.4,9.97,142.59,0.7,35.81,0.3,1,Good
Jakarta,2026-05-16 09:00:00,5.7,8.21,130.42,0.69,31.87,0.28,1,Good
Jakarta,2026-05-16 10:00:00,4.5,7.08,128.25,0.8,28.66,0.3,1,Good
Jakarta,2026-05-16 11:00:00,3.91,6.67,136.33,1.07,26.06,0.36,1,Good
Jakarta,2026-05-16 12:00:00,3.72,6.7,148.87,1.4,24.31,0.41,1,Good
Jakarta,2026-05-16 13:00:00,3.8,6.87,167.04,1.75,22.9,0.45,1,Good
Jakarta,2026-05-16 14:00:00,4.04,7.13,184.15,1.97,21.76,0.45,1,Good
Jakarta,2026-05-16 15:00:00,4.38,7.54,198.05,2.11,20.99,0.46,1,Good
Jakarta,2026-05-16 16:00:00,4.89,8.25,214.71,2.29,20.15,0.48,1,Good
Jakarta,2026-05-16 17:00:00,5.32,8.82,227.49,2.45,19.55,0.49,1,Good
Jakarta,2026-05-16 18:00:00,5.46,8.94,228.28,2.42,19.13,0.46,1,Good
Jakarta,2026-05-16 19:00:00,5.26,8.33,217.65,2.27,19.04,0.4,1,Good
Jakarta,2026-05-16 20:00:00,5.01,7.53,206.48,2.13,19.34,0.35,1,Good
Jakarta,2026-05-16 21:00:00,4.58,6.62,190.4,1.93,20.27,0.32,1,Good
Jakarta,2026-05-16 22:00:00,3.61,5.22,159.79,1.48,22.06,0.27,1,Good
Jakarta,2026-05-16 23:00:00,3.84,5.49,163.92,1.51,21.79,0.27,1,Good
Jakarta,2026-05-17 00:00:00,4.15,5.89,172.53,1.55,21.68,0.29,1,Good
Jakarta,2026-05-17 01:00:00,4.39,6.25,179.65,1.4,23.11,0.33,1,Good
Jakarta,2026-05-17 02:00:00,4.28,6.14,171.55,1.29,26.1,0.35,1,Good
Jakarta,2026-05-17 03:00:00,4.05,5.73,156.98,1.11,28.79,0.32,1,Good
Jakarta,2026-05-17 04:00:00,3.37,4.78,135.69,0.81,29.79,0.27,1,Good
Jakarta,2026-05-17 05:00:00,3.07,4.37,123.2,0.62,30.47,0.25,1,Good
Jakarta,2026-05-17 06:00:00,2.77,3.97,111.77,0.49,30.44,0.22,1,Good
Jakarta,2026-05-17 07:00:00,2.43,3.64,103.74,0.53,29.34,0.21,1,Good
Jakarta,2026-05-17 08:00:00,2.2,3.57,102.96,0.73,27.74,0.25,1,Good
Jakarta,2026-05-17 09:00:00,2.07,3.58,104.46,0.97,26.02,0.29,1,Good
Jakarta,2026-05-17 10:00:00,2.0,3.52,107.69,1.28,24.01,0.32,1,Good
Jakarta,2026-05-17 11:00:00,2.03,3.65,110.92,1.43,22.19,0.35,1,Good
Jakarta,2026-05-17 12:00:00,2.13,3.95,111.87,1.35,20.99,0.35,1,Good
Jakarta,2026-05-17 13:00:00,2.28,4.15,113.52,1.21,20.22,0.33,1,Good
Jakarta,2026-05-17 14:00:00,2.36,4.12,112.88,1.09,19.93,0.28,1,Good
Jakarta,2026-05-17 15:00:00,2.27,3.77,106.46,0.9,20.48,0.22,1,Good
Jakarta,2026-05-17 16:00:00,2.21,3.56,107.27,0.9,20.9,0.2,1,Good
Jakarta,2026-05-17 17:00:00,2.54,4.11,124.6,1.23,19.82,0.24,1,Good
Jakarta,2026-05-17 18:00:00,2.91,4.59,140.71,1.45,18.94,0.26,1,Good
Jakarta,2026-05-17 19:00:00,3.18,5.16,148.1,1.48,18.57,0.26,1,Good
Jakarta,2026-05-17 20:00:00,3.38,5.75,146.61,1.36,18.77,0.26,1,Good
Jakarta,2026-05-17 21:00:00,3.44,6.02,139.25,1.16,19.52,0.24,1,Good
Jakarta,2026-05-17 22:00:00,2.79,5.08,110.8,0.73,21.46,0.18,1,Good
Jakarta,2026-05-17 23:00:00,2.56,4.86,100.44,0.58,21.79,0.16,1,Good
Jakarta,2026-05-18 00:00:00,2.47,4.86,97.26,0.55,21.93,0.18,1,Good
Jakarta,2026-05-18 01:00:00,2.45,4.96,98.9,0.52,22.38,0.21,1,Good
Jakarta,2026-05-18 02:00:00,2.48,5.07,101.17,0.51,23.85,0.23,1,Good
Jakarta,2026-05-18 03:00:00,2.55,5.17,100.81,0.43,26.32,0.23,1,Good
Jakarta,2026-05-18 04:00:00,2.98,5.7,103.6,0.36,29.69,0.25,1,Good
Jakarta,2026-05-18 05:00:00,3.99,6.89,110.15,0.35,33.42,0.28,1,Good
Jakarta,2026-05-18 06:00:00,4.76,7.73,111.81,0.34,35.53,0.29,1,Good
Jakarta,2026-05-18 07:00:00,4.71,7.56,107.21,0.32,35.47,0.27,1,Good
Jakarta,2026-05-18 08:00:00,4.16,6.78,100.72,0.31,33.79,0.24,1,Good
Jakarta,2026-05-18 09:00:00,3.51,5.88,94.49,0.32,31.6,0.2,1,Good
Jakarta,2026-05-18 10:00:00,3.11,5.39,94.68,0.5,29.34,0.21,1,Good
Jakarta,2026-05-18 11:00:00,3.24,5.78,107.99,1.03,27.32,0.3,1,Good
Jakarta,2026-05-18 12:00:00,3.69,6.64,125.94,1.43,26.07,0.4,1,Good
Jakarta,2026-05-18 13:00:00,4.74,8.17,151.24,1.79,25.9,0.5,1,Good
Jakarta,2026-05-18 14:00:00,6.43,10.21,178.51,2.01,27.44,0.58,1,Good
Jakarta,2026-05-18 15:00:00,8.88,12.65,204.85,2.11,32.4,0.74,1,Good
Jakarta,2026-05-18 16:00:00,11.42,14.57,214.81,1.45,46.65,0.96,2,Fair
Jakarta,2026-05-18 17:00:00,14.22,17.49,251.37,1.35,56.11,1.21,2,Fair
Jakarta,2026-05-18 18:00:00,16.93,20.36,286.63,1.4,61.83,1.43,2,Fair
Jakarta,2026-05-18 19:00:00,18.78,22.29,312.26,1.43,65.92,1.55,2,Fair
Jakarta,2026-05-18 20:00:00,20.1,23.77,335.7,1.48,68.43,1.61,2,Fair
Jakarta,2026-05-18 21:00:00,21.19,25.08,357.65,1.56,69.78,1.65,2,Fair
Jakarta,2026-05-18 22:00:00,22.08,26.09,376.3,1.65,70.03,1.69,2,Fair
Jakarta,2026-05-18 23:00:00,23.17,27.23,389.11,1.75,69.92,1.74,2,Fair
Jakarta,2026-05-19 00:00:00,24.45,28.62,401.07,1.94,69.73,1.79,2,Fair
Jakarta,2026-05-20 01:00:00,46.98,50.55,500.26,1.65,94.15,1.19,3,Moderate
Jakarta,2026-05-20 02:00:00,53.18,57.32,555.88,2.02,97.83,1.53,4,Poor
Jakarta,2026-05-20 03:00:00,60.34,64.92,605.12,1.84,107.12,1.71,4,Poor
Jakarta,2026-05-20 04:00:00,69.33,74.14,644.17,1.42,119.85,1.72,4,Poor
Jakarta,2026-05-20 05:00:00,78.27,82.99,667.81,1.44,128.52,1.74,5,Very Poor
Jakarta,2026-05-20 06:00:00,86.01,90.51,692.81,2.04,132.24,2.13,5,Very Poor
Jakarta,2026-05-20 07:00:00,88.3,92.25,705.06,3.7,127.77,2.92,5,Very Poor
Jakarta,2026-05-20 08:00:00,86.48,89.8,700.4,5.4,119.9,3.62,5,Very Poor
Jakarta,2026-05-20 09:00:00,83.85,86.74,686.32,6.32,113.46,4.08,5,Very Poor
Jakarta,2026-05-20 10:00:00,79.98,82.51,661.11,6.21,108.49,4.34,5,Very Poor
Jakarta,2026-05-20 11:00:00,75.45,77.81,635.16,5.88,104.77,4.43,5,Very Poor
Jakarta,2026-05-20 12:00:00,70.96,73.28,608.48,5.29,102.55,4.24,4,Poor
Jakarta,2026-05-20 13:00:00,67.3,69.81,588.97,4.64,100.8,3.82,4,Poor
Jakarta,2026-05-20 14:00:00,65.43,68.23,583.99,4.07,99.92,3.4,4,Poor
Jakarta,2026-05-20 15:00:00,65.21,68.3,589.16,3.64,99.41,3.1,4,Poor
Jakarta,2026-05-20 16:00:00,65.95,69.17,602.96,3.36,98.43,2.84,4,Poor
Jakarta,2026-05-20 17:00:00,66.67,69.71,613.09,3.05,97.67,2.53,4,Poor
Jakarta,2026-05-20 18:00:00,67.01,69.75,618.29,2.66,96.75,2.18,4,Poor
Jakarta,2026-05-20 19:00:00,65.78,68.04,607.45,2.22,96.31,1.92,4,Poor
Jakarta,2026-05-20 20:00:00,64.14,65.95,596.36,1.86,95.05,1.74,4,Poor
Jakarta,2026-05-20 21:00:00,63.74,65.19,605.99,1.66,92.74,1.59,4,Poor
Jakarta,2026-05-20 22:00:00,64.26,65.38,629.0,1.51,92.69,1.34,4,Poor
Jakarta,2026-05-20 23:00:00,65.27,66.4,666.46,1.74,90.01,1.29,4,Poor
Jakarta,2026-05-21 00:00:00,66.2,67.46,701.83,2.23,86.35,1.38,4,Poor
Jakarta,2026-05-21 01:00:00,67.64,69.27,738.58,3.03,83.57,1.51,4,Poor
Jakarta,2026-05-21 02:00:00,69.15,70.99,753.79,3.23,86.74,1.55,4,Poor
Jakarta,2026-05-21 03:00:00,71.91,73.8,751.08,2.68,96.87,1.48,4,Poor
Jakarta,2026-05-21 04:00:00,78.21,80.28,758.26,1.97,112.49,1.38,5,Very Poor
Jakarta,2026-05-21 05:00:00,85.76,88.07,771.1,1.66,125.31,1.39,5,Very Poor
Jakarta,2026-05-21 06:00:00,92.89,95.36,781.82,1.59,136.39,1.52,5,Very Poor
Jakarta,2026-05-21 07:00:00,97.89,100.35,804.45,2.03,142.59,1.84,5,Very Poor
Jakarta,2026-05-21 08:00:00,99.12,101.54,829.56,2.84,141.3,2.3,5,Very Poor
Jakarta,2026-05-21 09:00:00,95.76,98.23,837.57,3.74,134.39,2.78,5,Very Poor
Jakarta,2026-05-21 10:00:00,87.71,90.18,825.06,4.38,125.51,3.47,5,Very Poor
Jakarta,2026-05-21 11:00:00,78.47,81.06,797.2,4.68,117.14,3.94,5,Very Poor
Jakarta,2026-05-21 12:00:00,69.99,72.8,760.48,4.58,109.79,4.05,4,Poor
Jakarta,2026-05-21 13:00:00,65.01,68.14,737.19,4.19,102.55,3.85,4,Poor
Jakarta,2026-05-21 14:00:00,61.26,64.45,711.93,3.56,96.4,3.4,4,Poor
Jakarta,2026-05-21 15:00:00,55.31,57.98,659.15,2.76,92.35,2.72,4,Poor
Jakarta,2026-05-21 16:00:00,44.56,45.93,547.04,1.65,88.62,1.69,3,Moderate
Jakarta,2026-05-21 17:00:00,38.66,39.74,496.19,1.39,82.63,1.28,3,Moderate
Jakarta,2026-05-21 18:00:00,35.48,36.49,472.48,1.28,77.93,1.09,3,Moderate
Jakarta,2026-05-21 19:00:00,31.99,32.88,444.84,1.19,73.45,0.91,3,Moderate
Jakarta,2026-05-21 20:00:00,27.76,28.57,407.3,1.12,67.0,0.76,3,Moderate
Jakarta,2026-05-21 21:00:00,23.41,24.15,365.59,1.07,60.56,0.63,2,Fair
Jakarta,2026-05-21 22:00:00,19.82,20.53,331.49,1.01,55.37,0.53,2,Fair
Jakarta,2026-05-21 23:00:00,16.59,17.19,300.03,0.94,51.48,0.43,2,Fair
Jakarta,2026-05-22 00:00:00,13.98,14.52,275.22,0.97,48.64,0.36,2,Fair
Jakarta,2026-05-22 01:00:00,13.7,14.53,283.9,1.48,47.4,0.43,2,Fair
Jakarta,2026-05-22 02:00:00,15.33,16.75,323.34,2.35,46.85,0.62,2,Fair
Jakarta,2026-05-22 03:00:00,17.56,19.47,363.4,2.72,49.17,0.77,2,Fair
Jakarta,2026-05-22 04:00:00,19.31,21.31,377.1,2.4,56.12,0.8,2,Fair
Jakarta,2026-05-22 05:00:00,19.01,20.72,358.24,2.05,59.21,0.72,2,Fair
Jakarta,2026-05-22 06:00:00,17.04,18.2,317.44,1.51,57.69,0.53,2,Fair
Jakarta,2026-05-22 07:00:00,13.27,13.94,261.79,1.14,51.8,0.33,2,Fair
Jakarta,2026-05-22 08:00:00,10.89,11.61,240.81,1.46,47.01,0.34,2,Fair
Jakarta,2026-05-22 09:00:00,9.29,10.06,232.48,1.87,43.57,0.39,1,Good
Jakarta,2026-05-22 10:00:00,8.45,9.26,236.0,2.37,41.69,0.47,1,Good
Jakarta,2026-05-22 11:00:00,8.37,9.18,244.33,2.63,41.36,0.48,1,Good
Jakarta,2026-05-22 12:00:00,8.93,9.72,250.9,2.21,43.18,0.41,1,Good
Jakarta,2026-05-22 13:00:00,9.81,10.42,246.18,1.09,47.55,0.28,1,Good
Jakarta,2026-05-22 14:00:00,11.43,12.2,274.31,0.99,50.72,0.31,2,Fair
Jakarta,2026-05-22 15:00:00,13.02,13.96,307.36,1.03,53.43,0.32,2,Fair
Jakarta,2026-05-22 16:00:00,14.19,15.31,338.21,1.07,55.15,0.31,2,Fair
Jakarta,2026-05-22 17:00:00,15.57,16.85,371.05,1.09,56.92,0.3,2,Fair
Jakarta,2026-05-22 18:00:00,17.1,18.5,399.99,1.04,58.7,0.28,2,Fair
Jakarta,2026-05-22 19:00:00,18.38,19.78,419.09,0.93,60.62,0.25,2,Fair
Jakarta,2026-05-22 20:00:00,19.93,21.35,440.64,0.86,62.55,0.23,2,Fair
Jakarta,2026-05-22 21:00:00,21.73,23.2,467.08,0.82,64.7,0.22,2,Fair
Jakarta,2026-05-22 22:00:00,23.42,24.92,493.25,0.8,67.46,0.23,2,Fair
Jakarta,2026-05-22 23:00:00,23.86,25.25,501.27,0.76,69.71,0.23,2,Fair
Jakarta,2026-05-23 00:00:00,23.46,24.78,500.18,0.8,71.21,0.24,2,Fair
Jakarta,2026-05-23 01:00:00,23.19,24.46,507.98,0.96,72.49,0.28,2,Fair
Jakarta,2026-05-23 02:00:00,23.22,24.49,520.82,1.05,74.78,0.32,2,Fair
Jakarta,2026-05-23 03:00:00,23.41,24.63,524.54,0.94,78.19,0.32,2,Fair
Jakarta,2026-05-23 04:00:00,23.97,25.31,529.63,0.92,81.02,0.36,2,Fair
Jakarta,2026-05-23 05:00:00,25.76,27.47,546.57,1.06,84.09,0.45,3,Moderate
Jakarta,2026-05-23 06:00:00,28.02,30.14,567.67,1.23,87.3,0.56,3,Moderate
Jakarta,2026-05-23 07:00:00,29.33,31.44,577.33,1.4,89.47,0.61,3,Moderate
Jakarta,2026-05-23 08:00:00,29.3,31.18,571.74,1.46,88.82,0.56,3,Moderate
Jakarta,2026-05-23 09:00:00,28.56,30.2,556.72,1.31,88.39,0.49,3,Moderate
Jakarta,2026-05-23 10:00:00,27.01,28.37,536.28,1.24,88.56,0.46,3,Moderate
Jakarta,2026-05-23 11:00:00,26.68,28.31,555.12,1.89,85.37,0.63,3,Moderate
Jakarta,2026-05-23 12:00:00,26.44,28.39,575.75,2.43,82.25,0.79,3,Moderate
Jakarta,2026-05-23 13:00:00,26.45,28.86,600.93,2.89,78.51,0.93,3,Moderate
Jakarta,2026-05-23 14:00:00,26.3,29.1,616.98,3.12,75.21,1.0,3,Moderate
Jakarta,2026-05-23 15:00:00,25.49,28.45,613.73,3.14,72.5,0.98,3,Moderate
Jakarta,2026-05-23 16:00:00,24.24,27.01,599.34,3.06,69.64,0.89,2,Fair
Jakarta,2026-05-23 17:00:00,22.68,25.03,573.93,2.84,67.48,0.74,2,Fair
Jakarta,2026-05-23 18:00:00,19.82,21.52,517.95,2.19,66.96,0.52,2,Fair
Jakarta,2026-05-23 19:00:00,15.45,16.41,430.42,1.31,67.16,0.3,2,Fair
Jakarta,2026-05-23 20:00:00,14.04,14.97,406.95,1.23,63.31,0.26,2,Fair
Jakarta,2026-05-23 21:00:00,13.14,14.06,392.13,1.19,59.94,0.24,2,Fair
Jakarta,2026-05-23 22:00:00,12.26,13.15,377.6,1.15,56.94,0.22,2,Fair
Jakarta,2026-05-23 23:00:00,10.87,11.69,353.52,1.05,53.98,0.19,2,Fair
Jakarta,2026-05-24 00:00:00,8.94,9.71,320.97,0.96,52.12,0.18,1,Good
Jakarta,2026-05-25 01:00:00,1.2,1.6,129.76,0.75,20.92,0.13,1,Good
Jakarta,2026-05-25 02:00:00,1.03,1.41,123.36,0.68,21.07,0.13,1,Good
Jakarta,2026-05-25 03:00:00,0.91,1.23,117.24,0.54,21.36,0.1,1,Good
Jakarta,2026-05-25 04:00:00,0.74,0.96,104.68,0.33,21.96,0.07,1,Good
Jakarta,2026-05-25 05:00:00,0.69,0.89,98.22,0.23,22.61,0.06,1,Good
Jakarta,2026-05-25 06:00:00,0.7,0.91,95.91,0.2,23.4,0.06,1,Good
Jakarta,2026-05-25 07:00:00,0.73,0.97,93.42,0.19,24.01,0.07,1,Good
Jakarta,2026-05-25 08:00:00,0.74,1.04,90.57,0.23,24.17,0.08,1,Good
Jakarta,2026-05-25 09:00:00,0.73,1.09,88.78,0.3,24.08,0.09,1,Good
Jakarta,2026-05-25 10:00:00,0.78,1.27,97.16,0.71,23.55,0.17,1,Good
Jakarta,2026-05-25 11:00:00,0.88,1.57,112.93,1.35,22.49,0.28,1,Good
Jakarta,2026-05-25 12:00:00,0.96,1.87,122.21,1.63,21.75,0.35,1,Good
Jakarta,2026-05-25 13:00:00,1.03,2.1,126.24,1.69,21.06,0.36,1,Good
Jakarta,2026-05-25 14:00:00,1.03,2.13,124.91,1.6,20.48,0.32,1,Good
Jakarta,2026-05-25 15:00:00,0.94,1.84,117.22,1.3,20.43,0.23,1,Good
Jakarta,2026-05-25 16:00:00,0.8,1.48,106.99,0.99,20.52,0.17,1,Good
Jakarta,2026-05-25 17:00:00,0.86,1.64,111.93,1.18,19.78,0.19,1,Good
Jakarta,2026-05-25 18:00:00,1.04,2.07,120.5,1.46,18.95,0.22,1,Good
Jakarta,2026-05-25 19:00:00,1.23,2.46,126.99,1.63,18.77,0.23,1,Good
Jakarta,2026-05-25 20:00:00,1.38,2.69,131.14,1.69,18.5,0.24,1,Good
Jakarta,2026-05-25 21:00:00,1.56,2.94,136.09,1.76,18.07,0.24,1,Good
Jakarta,2026-05-25 22:00:00,1.85,3.35,144.64,1.89,17.53,0.25,1,Good
Jakarta,2026-05-25 23:00:00,2.18,3.83,154.33,2.05,16.93,0.27,1,Good
Jakarta,2026-05-26 00:00:00,2.58,4.55,170.78,2.28,16.56,0.38,1,Good
Jakarta,2026-05-26 01:00:00,3.27,5.85,200.4,2.16,17.63,0.58,1,Good
Jakarta,2026-05-26 02:00:00,4.08,7.08,221.2,2.18,22.65,0.69,1,Good
Jakarta,2026-05-26 03:00:00,5.18,7.98,212.53,1.73,33.59,0.6,1,Good
Jakarta,2026-05-26 04:00:00,3.7,4.99,146.4,0.57,35.92,0.27,1,Good
Jakarta,2026-05-26 05:00:00,4.27,5.34,137.96,0.41,38.05,0.22,1,Good
Jakarta,2026-05-26 06:00:00,5.45,6.55,140.4,0.39,40.44,0.22,1,Good
Jakarta,2026-05-26 07:00:00,5.87,6.96,136.37,0.37,41.32,0.2,1,Good
Jakarta,2026-05-26 08:00:00,5.47,6.67,127.57,0.37,40.27,0.18,1,Good
Jakarta,2026-05-26 09:00:00,4.54,5.92,116.53,0.4,38.02,0.17,1,Good
Jakarta,2026-05-26 10:00:00,3.43,4.99,103.86,0.46,34.76,0.16,1,Good
Jakarta,2026-05-26 11:00:00,2.57,4.24,92.95,0.52,31.53,0.16,1,Good
Jakarta,2026-05-26 12:00:00,2.05,3.72,86.13,0.5,29.44,0.15,1,Good
Jakarta,2026-05-26 13:00:00,1.86,3.59,88.02,0.58,28.22,0.17,1,Good
Jakarta,2026-05-26 14:00:00,1.9,3.72,95.48,0.72,27.92,0.2,1,Good
Jakarta,2026-05-26 15:00:00,2.01,3.93,103.23,0.85,27.99,0.22,1,Good
Jakarta,2026-05-26 16:00:00,2.18,4.14,110.52,0.97,28.09,0.24,1,Good
Jakarta,2026-05-26 17:00:00,2.31,4.2,114.59,1.0,28.78,0.24,1,Good
Jakarta,2026-05-26 18:00:00,2.22,3.95,110.55,0.86,30.14,0.22,1,Good
Jakarta,2026-05-26 19:00:00,1.56,2.96,93.49,0.51,32.45,0.16,1,Good
Jakarta,2026-05-26 20:00:00,1.34,2.65,88.92,0.38,34.18,0.14,1,Good
Jakarta,2026-05-26 21:00:00,1.29,2.57,88.21,0.33,35.27,0.13,1,Good
Jakarta,2026-05-26 22:00:00,1.4,2.7,90.91,0.34,35.76,0.13,1,Good
Jakarta,2026-05-26 23:00:00,1.6,2.99,95.65,0.38,35.51,0.15,1,Good
Jakarta,2026-05-27 00:00:00,1.77,3.25,100.3,0.46,35.15,0.19,1,Good
Jakarta,2026-05-27 01:00:00,2.06,3.69,107.77,0.51,35.41,0.23,1,Good
Jakarta,2026-05-27 02:00:00,2.18,3.79,108.34,0.45,37.17,0.24,1,Good
Jakarta,2026-05-27 03:00:00,2.22,3.71,104.08,0.32,39.0,0.21,1,Good
Jakarta,2026-05-27 04:00:00,2.0,3.24,94.61,0.19,39.91,0.16,1,Good
Jakarta,2026-05-27 05:00:00,1.91,3.0,89.16,0.14,40.13,0.13,1,Good
Jakarta,2026-05-27 06:00:00,2.01,3.04,86.88,0.13,39.3,0.12,1,Good
Jakarta,2026-05-27 07:00:00,2.08,3.07,84.89,0.12,38.03,0.11,1,Good
Jakarta,2026-05-27 08:00:00,2.27,3.31,85.21,0.15,36.89,0.12,1,Good
Jakarta,2026-05-27 09:00:00,2.39,3.47,85.97,0.19,35.91,0.13,1,Good
Jakarta,2026-05-27 10:00:00,2.48,3.66,89.29,0.32,35.05,0.16,1,Good
Jakarta,2026-05-27 11:00:00,2.54,3.86,93.96,0.52,33.73,0.2,1,Good
Jakarta,2026-05-27 12:00:00,2.55,4.05,98.46,0.63,32.54,0.23,1,Good
Jakarta,2026-05-27 13:00:00,2.74,4.57,106.96,0.77,31.52,0.25,1,Good
Jakarta,2026-05-27 14:00:00,2.79,4.85,109.23,0.78,30.76,0.22,1,Good
Jakarta,2026-05-27 15:00:00,2.79,5.0,110.9,0.78,30.58,0.19,1,Good
Jakarta,2026-05-27 16:00:00,2.79,4.97,112.98,0.76,31.1,0.2,1,Good
Jakarta,2026-05-27 17:00:00,2.7,4.65,113.24,0.67,32.62,0.19,1,Good
Jakarta,2026-05-27 18:00:00,2.55,4.22,111.66,0.54,34.44,0.19,1,Good
Jakarta,2026-05-27 19:00:00,2.19,3.5,105.06,0.39,36.07,0.17,1,Good
Jakarta,2026-05-27 20:00:00,2.18,3.37,105.97,0.35,37.32,0.19,1,Good
Jakarta,2026-05-27 21:00:00,2.36,3.54,110.22,0.35,38.35,0.22,1,Good
Jakarta,2026-05-27 22:00:00,2.7,3.95,116.68,0.37,39.42,0.26,1,Good
Jakarta,2026-05-27 23:00:00,2.91,4.17,120.76,0.38,40.37,0.3,1,Good
Jakarta,2026-05-28 00:00:00,3.01,4.28,123.01,0.43,41.1,0.33,1,Good
Jakarta,2026-05-28 01:00:00,3.57,4.98,132.35,0.51,42.73,0.38,1,Good
Jakarta,2026-05-28 02:00:00,4.32,5.83,139.2,0.53,45.59,0.42,1,Good
Jakarta,2026-05-28 03:00:00,4.91,6.4,138.13,0.45,48.3,0.4,1,Good
Jakarta,2026-05-28 04:00:00,5.31,6.68,131.46,0.33,49.59,0.35,1,Good
Jakarta,2026-05-28 05:00:00,5.7,6.96,124.91,0.26,49.32,0.29,1,Good
Jakarta,2026-05-28 06:00:00,6.15,7.35,119.87,0.22,48.66,0.25,1,Good
Jakarta,2026-05-28 07:00:00,6.33,7.48,114.5,0.2,47.53,0.22,1,Good
Jakarta,2026-05-28 08:00:00,6.1,7.23,108.72,0.2,45.5,0.2,1,Good
Jakarta,2026-05-28 09:00:00,5.62,6.72,102.59,0.23,43.11,0.17,1,Good
Jakarta,2026-05-28 10:00:00,4.96,6.03,97.05,0.29,40.54,0.16,1,Good
Jakarta,2026-05-28 11:00:00,4.25,5.28,91.86,0.35,37.89,0.14,1,Good
Jakarta,2026-05-28 12:00:00,3.62,4.61,87.37,0.33,35.79,0.13,1,Good
Jakarta,2026-05-28 13:00:00,3.55,4.97,99.46,0.58,33.34,0.22,1,Good
Jakarta,2026-05-28 14:00:00,3.94,6.21,119.15,0.91,30.66,0.33,1,Good
Jakarta,2026-05-28 15:00:00,4.49,7.67,135.45,1.13,28.66,0.38,1,Good
Jakarta,2026-05-28 16:00:00,5.25,9.18,153.92,1.37,27.32,0.43,1,Good
Jakarta,2026-05-28 17:00:00,6.32,10.66,175.1,1.55,26.91,0.43,1,Good
Jakarta,2026-05-28 18:00:00,7.41,11.64,188.25,1.48,29.02,0.41,1,Good
Jakarta,2026-05-28 19:00:00,6.46,9.05,148.34,0.8,38.24,0.39,1,Good
Jakarta,2026-05-28 20:00:00,7.12,9.54,150.6,0.7,42.68,0.45,1,Good
Jakarta,2026-05-28 21:00:00,8.32,10.93,164.02,0.73,45.23,0.54,1,Good
Jakarta,2026-05-28 22:00:00,9.31,12.19,176.42,0.78,46.63,0.59,1,Good
Jakarta,2026-05-28 23:00:00,9.39,12.44,178.49,0.81,46.45,0.59,1,Good
Jakarta,2026-05-29 00:00:00,8.82,12.04,174.14,0.88,45.45,0.57,1,Good
Jakarta,2026-05-29 01:00:00,8.33,11.77,170.64,0.95,45.15,0.56,1,Good
Jakarta,2026-05-29 02:00:00,7.84,11.39,160.07,0.82,47.1,0.51,1,Good
Jakarta,2026-05-29 03:00:00,7.29,10.79,143.44,0.59,49.62,0.43,1,Good
Jakarta,2026-05-29 04:00:00,7.36,10.88,134.3,0.49,51.58,0.39,1,Good
Jakarta,2026-05-29 05:00:00,8.16,11.87,136.06,0.52,52.94,0.4,1,Good
Jakarta,2026-05-29 06:00:00,8.25,12.05,131.29,0.56,52.27,0.39,1,Good
Jakarta,2026-05-29 07:00:00,7.58,11.53,121.8,0.61,49.71,0.36,1,Good
Jakarta,2026-05-29 08:00:00,6.8,11.0,112.32,0.6,47.05,0.33,1,Good
Jakarta,2026-05-29 09:00:00,6.23,10.69,105.25,0.55,45.15,0.3,1,Good
Jakarta,2026-05-29 10:00:00,5.27,9.81,97.12,0.48,43.89,0.24,1,Good
Jakarta,2026-05-29 11:00:00,4.53,9.18,94.63,0.51,42.41,0.23,1,Good
Jakarta,2026-05-29 12:00:00,4.06,8.73,94.41,0.49,41.72,0.23,1,Good
Jakarta,2026-05-29 13:00:00,3.65,8.26,96.87,0.48,41.5,0.24,1,Good
Jakarta,2026-05-29 14:00:00,3.43,7.87,103.99,0.53,42.09,0.28,1,Good
Jakarta,2026-05-29 15:00:00,3.5,7.67,115.03,0.64,42.79,0.34,1,Good
Jakarta,2026-05-29 16:00:00,3.78,7.97,126.69,0.75,43.17,0.41,1,Good
Jakarta,2026-05-29 17:00:00,4.35,8.72,136.98,0.82,42.9,0.47,1,Good
Jakarta,2026-05-29 18:00:00,5.01,9.51,141.95,0.81,42.1,0.49,1,Good
Jakarta,2026-05-29 19:00:00,5.27,9.8,138.1,0.73,41.0,0.46,1,Good
Jakarta,2026-05-29 20:00:00,4.97,9.37,128.99,0.65,39.79,0.4,1,Good
Jakarta,2026-05-29 21:00:00,4.29,8.4,118.57,0.56,38.69,0.33,1,Good
Jakarta,2026-05-29 22:00:00,3.61,7.49,108.98,0.49,37.87,0.26,1,Good
Jakarta,2026-05-29 23:00:00,3.12,6.87,101.39,0.45,37.28,0.23,1,Good
Jakarta,2026-05-30 00:00:00,2.72,6.4,95.24,0.46,37.0,0.21,1,Good
Jakarta,2026-05-30 01:00:00,2.52,6.05,94.03,0.48,37.08,0.22,1,Good
Jakarta,2026-05-30 02:00:00,2.5,5.86,94.25,0.45,38.58,0.23,1,Good
Jakarta,2026-05-30 03:00:00,2.6,5.76,92.31,0.34,41.18,0.23,1,Good
Jakarta,2026-05-30 04:00:00,2.84,5.85,89.19,0.24,43.3,0.21,1,Good
Jakarta,2026-05-30 05:00:00,3.14,6.05,86.57,0.19,44.13,0.2,1,Good
Jakarta,2026-05-30 06:00:00,3.08,5.78,82.24,0.16,43.68,0.18,1,Good
Jakarta,2026-05-30 07:00:00,2.64,5.11,77.27,0.15,42.52,0.15,1,Good
Jakarta,2026-05-30 08:00:00,2.25,4.61,75.16,0.17,41.7,0.14,1,Good
Jakarta,2026-05-30 09:00:00,1.94,4.33,73.92,0.21,40.84,0.14,1,Good
Jakarta,2026-05-30 10:00:00,1.71,4.28,72.94,0.28,39.82,0.14,1,Good
Jakarta,2026-05-30 11:00:00,1.63,4.53,73.17,0.35,38.85,0.16,1,Good
Jakarta,2026-05-30 12:00:00,1.71,5.01,75.55,0.39,38.37,0.18,1,Good
Jakarta,2026-05-30 13:00:00,2.08,6.0,87.69,0.62,37.45,0.25,1,Good
Jakarta,2026-05-30 14:00:00,2.62,7.28,105.56,0.91,36.13,0.33,1,Good
Jakarta,2026-05-30 15:00:00,3.11,8.36,121.35,1.13,35.29,0.39,1,Good
Jakarta,2026-05-30 16:00:00,3.58,9.17,135.92,1.3,35.0,0.44,1,Good
Jakarta,2026-05-30 17:00:00,3.99,9.6,145.13,1.32,35.58,0.44,1,Good
Jakarta,2026-05-30 18:00:00,4.19,9.54,144.05,1.15,37.36,0.42,1,Good
Jakarta,2026-05-30 19:00:00,3.34,7.91,115.23,0.69,39.82,0.31,1,Good
Jakarta,2026-05-30 20:00:00,2.96,7.3,103.35,0.51,40.23,0.24,1,Good
Jakarta,2026-05-30 21:00:00,2.86,7.19,99.46,0.45,40.46,0.21,1,Good
Jakarta,2026-05-30 22:00:00,2.82,7.04,97.73,0.42,40.81,0.19,1,Good
Jakarta,2026-05-30 23:00:00,2.79,6.98,96.46,0.4,41.4,0.18,1,Good
Jakarta,2026-05-31 00:00:00,2.74,6.88,95.72,0.43,41.98,0.18,1,Good
Jakarta,2026-05-31 01:00:00,2.83,6.72,100.05,0.54,42.6,0.22,1,Good
Jakarta,2026-05-31 02:00:00,2.87,6.34,103.7,0.6,43.73,0.25,1,Good
Jakarta,2026-05-31 03:00:00,2.82,5.86,103.35,0.54,45.46,0.26,1,Good
Jakarta,2026-05-31 04:00:00,2.7,5.25,98.58,0.4,47.76,0.25,1,Good
Jakarta,2026-05-31 05:00:00,2.62,4.7,92.73,0.3,49.27,0.22,1,Good
Jakarta,2026-05-31 06:00:00,2.42,4.12,86.07,0.24,49.83,0.19,1,Good
Jakarta,2026-05-31 07:00:00,2.08,3.69,78.8,0.2,49.97,0.14,1,Good
Jakarta,2026-05-31 08:00:00,1.83,3.7,74.69,0.2,49.67,0.13,1,Good
Jakarta,2026-05-31 09:00:00,1.59,3.83,70.22,0.21,49.19,0.12,1,Good
Jakarta,2026-05-31 10:00:00,1.47,4.17,69.83,0.33,48.66,0.13,1,Good
Jakarta,2026-05-31 11:00:00,1.59,4.78,77.78,0.6,47.68,0.2,1,Good
Jakarta,2026-05-31 12:00:00,1.9,5.54,89.5,0.9,46.85,0.27,1,Good
Jakarta,2026-05-31 13:00:00,2.31,6.36,101.04,1.15,45.91,0.33,1,Good
Jakarta,2026-05-31 14:00:00,2.75,7.19,109.81,1.31,45.43,0.38,1,Good
Jakarta,2026-05-31 15:00:00,3.16,7.99,116.01,1.4,45.51,0.45,1,Good
Jakarta,2026-05-31 16:00:00,3.37,7.93,113.04,1.2,46.36,0.45,1,Good
Jakarta,2026-05-31 17:00:00,3.57,7.57,115.63,1.1,46.59,0.44,1,Good
Jakarta,2026-05-31 18:00:00,3.77,7.25,120.33,1.04,46.66,0.43,1,Good
Jakarta,2026-05-31 19:00:00,4.03,7.23,127.02,1.07,46.21,0.46,1,Good
Jakarta,2026-05-31 20:00:00,4.39,7.62,136.24,1.23,44.95,0.52,1,Good
Jakarta,2026-05-31 21:00:00,4.59,7.85,141.64,1.3,44.08,0.54,1,Good
Jakarta,2026-05-31 22:00:00,4.59,7.81,141.57,1.27,43.67,0.51,1,Good
Jakarta,2026-05-31 23:00:00,4.29,7.32,135.12,1.14,44.0,0.46,1,Good
Jakarta,2026-06-01 00:00:00,3.86,6.67,126.41,1.01,44.62,0.42,1,Good
Jakarta,2026-06-01 01:00:00,3.37,5.94,118.9,0.81,46.39,0.36,1,Good
Jakarta,2026-06-01 02:00:00,3.32,5.93,115.52,0.64,49.13,0.32,1,Good
Jakarta,2026-06-01 03:00:00,3.68,6.5,111.49,0.48,52.22,0.3,1,Good
Jakarta,2026-06-01 04:00:00,4.44,7.49,107.99,0.36,55.03,0.3,1,Good
Jakarta,2026-06-01 05:00:00,5.07,8.44,103.82,0.32,56.03,0.3,1,Good
Jakarta,2026-06-01 06:00:00,5.12,8.72,97.26,0.28,55.53,0.28,1,Good
Jakarta,2026-06-01 07:00:00,4.54,8.21,90.17,0.28,54.37,0.25,1,Good
Jakarta,2026-06-01 08:00:00,3.71,7.25,87.08,0.32,52.56,0.24,1,Good
Jakarta,2026-06-01 09:00:00,2.99,6.33,85.57,0.39,50.48,0.25,1,Good
Jakarta,2026-06-01 10:00:00,2.56,5.51,90.22,0.61,48.14,0.36,1,Good
Jakarta,2026-06-01 11:00:00,2.54,5.48,103.18,1.02,45.66,0.49,1,Good
Jakarta,2026-06-01 12:00:00,2.7,5.86,117.52,1.4,43.71,0.58,1,Good
Jakarta,2026-06-01 13:00:00,2.96,6.43,129.94,1.66,42.14,0.61,1,Good
Jakarta,2026-06-01 14:00:00,3.18,6.8,135.41,1.77,41.67,0.57,1,Good
Jakarta,2026-06-01 15:00:00,3.3,6.78,136.6,1.83,42.51,0.54,1,Good
Jakarta,2026-06-01 16:00:00,2.76,5.84,117.02,1.34,45.3,0.41,1,Good
Jakarta,2026-06-01 17:00:00,2.75,5.86,117.05,1.25,46.17,0.39,1,Good
Jakarta,2026-06-01 18:00:00,2.95,6.31,120.94,1.24,46.67,0.4,1,Good
Jakarta,2026-06-01 19:00:00,3.21,6.89,125.48,1.24,46.96,0.42,1,Good
Jakarta,2026-06-01 20:00:00,3.68,7.46,133.89,1.35,46.77,0.45,1,Good
Jakarta,2026-06-01 21:00:00,3.98,7.54,140.54,1.41,46.62,0.44,1,Good
Jakarta,2026-06-01 22:00:00,4.09,7.52,143.47,1.39,46.91,0.41,1,Good
Jakarta,2026-06-01 23:00:00,3.69,6.93,137.65,1.24,47.55,0.37,1,Good
Jakarta,2026-06-02 00:00:00,3.12,6.12,131.12,1.16,48.11,0.34,1,Good
Jakarta,2026-06-02 01:00:00,2.68,5.52,130.91,1.1,48.93,0.34,1,Good
Jakarta,2026-06-02 02:00:00,2.64,5.36,131.77,0.96,50.59,0.34,1,Good
Jakarta,2026-06-02 03:00:00,3.13,5.82,130.08,0.76,53.46,0.36,1,Good
Jakarta,2026-06-02 04:00:00,4.18,6.87,124.81,0.54,56.72,0.36,1,Good
Jakarta,2026-06-02 05:00:00,5.25,7.95,117.41,0.41,58.15,0.34,1,Good
Surabaya,2026-01-01 00:00:00,18.37,25.17,514.02,7.65,36.11,1.11,2,Fair
Surabaya,2026-01-02 01:00:00,20.32,22.47,765.69,14.93,24.59,1.45,2,Fair
Surabaya,2026-01-02 02:00:00,21.45,24.05,794.57,14.48,32.72,1.6,2,Fair
Surabaya,2026-01-02 03:00:00,25.55,28.45,812.83,12.93,50.56,1.6,3,Moderate
Surabaya,2026-01-02 04:00:00,42.26,45.49,824.37,9.01,90.81,1.54,3,Moderate
Surabaya,2026-01-02 05:00:00,62.3,65.68,808.16,5.46,124.02,1.48,4,Poor
Surabaya,2026-01-02 06:00:00,73.5,76.83,770.99,4.0,136.85,1.45,4,Poor
Surabaya,2026-01-02 07:00:00,74.25,77.45,703.05,3.73,134.91,1.41,4,Poor
Surabaya,2026-01-02 08:00:00,64.97,67.97,606.37,3.61,121.85,1.31,4,Poor
Surabaya,2026-01-02 09:00:00,52.83,55.75,507.65,3.39,107.21,1.18,4,Poor
Surabaya,2026-01-02 10:00:00,40.97,44.02,421.8,3.16,92.86,1.05,3,Moderate
Surabaya,2026-01-02 11:00:00,30.61,33.84,344.49,2.76,79.9,0.9,3,Moderate
Surabaya,2026-01-02 12:00:00,21.96,25.36,271.24,2.17,68.71,0.74,2,Fair
Surabaya,2026-01-02 13:00:00,15.48,18.96,214.14,1.66,59.53,0.59,2,Fair
Surabaya,2026-01-02 14:00:00,11.19,14.69,179.58,1.41,52.81,0.49,2,Fair
Surabaya,2026-01-02 15:00:00,8.29,11.81,158.13,1.28,48.0,0.44,1,Good
Surabaya,2026-01-02 16:00:00,8.35,13.24,206.23,3.02,42.72,0.74,1,Good
Surabaya,2026-01-02 17:00:00,9.67,15.55,282.85,5.58,37.2,1.0,1,Good
Surabaya,2026-01-02 18:00:00,10.62,16.49,327.34,7.13,33.04,0.99,2,Fair
Surabaya,2026-01-02 19:00:00,10.96,16.86,344.32,7.75,29.88,0.92,2,Fair
Surabaya,2026-01-02 20:00:00,10.4,16.26,339.05,7.67,27.78,0.84,2,Fair
Surabaya,2026-01-02 21:00:00,9.32,14.9,319.0,7.13,26.65,0.75,1,Good
Surabaya,2026-01-02 22:00:00,2.11,4.68,113.27,1.27,32.48,0.22,1,Good
Surabaya,2026-01-02 23:00:00,1.38,3.69,97.38,0.87,32.23,0.19,1,Good
Surabaya,2026-01-03 00:00:00,1.29,3.77,101.3,1.0,31.77,0.25,1,Good
Surabaya,2026-01-03 01:00:00,1.35,4.08,113.81,1.22,31.84,0.36,1,Good
Surabaya,2026-01-03 02:00:00,1.53,4.42,123.29,1.22,33.68,0.44,1,Good
Surabaya,2026-01-03 03:00:00,1.95,4.94,128.0,1.06,37.88,0.48,1,Good
Surabaya,2026-01-03 04:00:00,5.34,9.89,195.4,1.8,50.07,0.94,1,Good
Surabaya,2026-01-03 05:00:00,15.16,22.24,312.03,2.96,74.49,1.74,2,Fair
Surabaya,2026-01-03 06:00:00,28.41,37.4,418.59,3.72,101.81,2.44,3,Moderate
Surabaya,2026-01-03 07:00:00,35.77,45.69,491.73,4.91,113.44,2.9,3,Moderate
Surabaya,2026-01-03 08:00:00,34.83,44.6,525.27,6.54,102.92,3.03,3,Moderate
Surabaya,2026-01-03 09:00:00,30.57,39.19,516.95,7.49,84.76,2.78,3,Moderate
Surabaya,2026-01-03 10:00:00,19.58,24.15,356.21,4.89,60.62,1.61,2,Fair
Surabaya,2026-01-03 11:00:00,18.64,22.6,380.1,5.7,52.09,1.54,2,Fair
Surabaya,2026-01-03 12:00:00,19.31,23.1,421.98,6.64,46.68,1.59,2,Fair
Surabaya,2026-01-03 13:00:00,22.12,26.52,508.05,8.79,40.54,1.88,2,Fair
Surabaya,2026-01-03 14:00:00,27.03,32.68,628.9,11.76,34.71,2.31,3,Moderate
Surabaya,2026-01-03 15:00:00,31.46,38.1,722.55,13.99,30.11,2.56,3,Moderate
Surabaya,2026-01-03 16:00:00,34.48,41.52,782.12,15.41,26.73,2.61,3,Moderate
Surabaya,2026-01-03 17:00:00,35.95,42.71,807.46,15.84,24.74,2.51,3,Moderate
Surabaya,2026-01-03 18:00:00,35.5,41.51,790.51,15.08,24.35,2.29,3,Moderate
Surabaya,2026-01-03 19:00:00,34.48,39.94,763.06,14.11,24.57,2.02,3,Moderate
Surabaya,2026-01-03 20:00:00,36.52,42.32,799.07,14.81,22.48,1.88,3,Moderate
Surabaya,2026-01-03 21:00:00,38.63,44.73,835.09,15.52,20.61,1.78,3,Moderate
Surabaya,2026-01-03 22:00:00,40.45,46.74,864.77,15.96,19.26,1.72,3,Moderate
Surabaya,2026-01-03 23:00:00,41.34,47.75,881.76,16.12,18.58,1.72,3,Moderate
Surabaya,2026-01-04 00:00:00,41.57,48.19,883.95,14.93,22.04,1.85,3,Moderate
Surabaya,2026-01-04 01:00:00,43.22,50.88,917.21,14.54,30.8,2.21,3,Moderate
Surabaya,2026-01-04 02:00:00,47.2,56.95,989.85,15.33,44.44,2.85,3,Moderate
Surabaya,2026-01-04 03:00:00,52.81,63.79,990.64,13.96,68.88,3.26,4,Poor
Surabaya,2026-01-04 04:00:00,56.27,66.92,909.52,10.84,91.81,3.23,4,Poor
Surabaya,2026-01-04 05:00:00,54.82,63.72,776.19,7.34,100.52,2.7,4,Poor
Surabaya,2026-01-04 06:00:00,50.75,57.26,622.08,4.72,97.73,1.91,4,Poor
Surabaya,2026-01-04 07:00:00,42.16,45.49,431.67,2.12,83.27,0.9,3,Moderate
Surabaya,2026-01-04 08:00:00,40.63,43.06,409.56,1.73,81.69,0.68,3,Moderate
Surabaya,2026-01-04 09:00:00,37.09,39.02,410.56,1.65,81.9,0.6,3,Moderate
Surabaya,2026-01-04 10:00:00,29.78,31.15,405.43,1.69,79.22,0.52,3,Moderate
Surabaya,2026-01-04 11:00:00,22.59,23.57,395.22,1.76,75.23,0.44,2,Fair
Surabaya,2026-01-04 12:00:00,18.61,19.45,386.04,1.71,71.23,0.37,2,Fair
Surabaya,2026-01-04 13:00:00,16.86,17.79,373.68,1.59,67.89,0.34,2,Fair
Surabaya,2026-01-04 14:00:00,16.25,17.35,360.23,1.46,65.23,0.34,2,Fair
Surabaya,2026-01-04 15:00:00,15.33,16.58,344.65,1.33,62.11,0.34,2,Fair
Surabaya,2026-01-04 16:00:00,13.49,14.76,324.7,1.24,58.74,0.32,2,Fair
Surabaya,2026-01-04 17:00:00,11.16,12.27,303.57,1.14,55.45,0.26,2,Fair
Surabaya,2026-01-04 18:00:00,8.67,9.64,280.33,1.03,52.28,0.22,1,Good
Surabaya,2026-01-04 19:00:00,6.52,7.29,258.95,0.96,49.5,0.19,1,Good
Surabaya,2026-01-04 20:00:00,5.16,5.77,243.58,0.95,47.44,0.17,1,Good
Surabaya,2026-01-04 21:00:00,4.21,4.73,229.75,0.93,45.71,0.16,1,Good
Surabaya,2026-01-04 22:00:00,3.53,4.02,216.71,0.94,43.83,0.17,1,Good
Surabaya,2026-01-04 23:00:00,3.18,3.71,211.39,1.03,42.23,0.19,1,Good
Surabaya,2026-01-05 00:00:00,3.18,3.96,219.32,1.34,40.75,0.27,1,Good
Surabaya,2026-01-05 01:00:00,3.59,4.94,250.87,2.23,39.01,0.47,1,Good
Surabaya,2026-01-05 02:00:00,4.3,6.38,293.72,3.27,37.92,0.73,1,Good
Surabaya,2026-01-05 03:00:00,5.11,7.67,318.48,3.44,39.55,0.86,1,Good
Surabaya,2026-01-05 04:00:00,6.51,9.39,321.21,2.48,49.54,0.89,1,Good
Surabaya,2026-01-05 05:00:00,6.68,9.38,298.84,2.06,53.44,0.82,1,Good
Surabaya,2026-01-05 06:00:00,5.94,8.33,279.66,1.89,52.61,0.76,1,Good
Surabaya,2026-01-05 07:00:00,4.95,7.04,261.54,1.79,50.08,0.69,1,Good
Surabaya,2026-01-05 08:00:00,4.07,5.87,240.8,1.64,46.99,0.6,1,Good
Surabaya,2026-01-05 09:00:00,3.24,4.72,219.59,1.37,44.25,0.49,1,Good
Surabaya,2026-01-05 10:00:00,2.32,3.44,200.17,1.06,42.11,0.36,1,Good
Surabaya,2026-01-05 11:00:00,1.99,3.1,198.75,1.14,40.57,0.35,1,Good
Surabaya,2026-01-05 12:00:00,1.86,3.07,196.29,1.07,39.7,0.33,1,Good
Surabaya,2026-01-05 13:00:00,1.78,3.07,193.26,0.96,39.16,0.3,1,Good
Surabaya,2026-01-05 14:00:00,1.73,3.07,190.73,0.86,38.84,0.28,1,Good
Surabaya,2026-01-05 15:00:00,1.73,3.1,189.25,0.79,38.75,0.26,1,Good
Surabaya,2026-01-05 16:00:00,1.72,3.04,188.27,0.75,38.65,0.24,1,Good
Surabaya,2026-01-05 17:00:00,1.57,2.66,185.15,0.68,38.43,0.2,1,Good
Surabaya,2026-01-05 18:00:00,1.31,2.19,179.4,0.58,38.1,0.16,1,Good
Surabaya,2026-01-05 19:00:00,1.01,1.61,171.59,0.49,37.56,0.13,1,Good
Surabaya,2026-01-05 20:00:00,0.74,1.18,164.89,0.42,36.91,0.1,1,Good
Surabaya,2026-01-05 21:00:00,0.59,0.96,160.28,0.38,36.38,0.09,1,Good
Surabaya,2026-01-05 22:00:00,0.51,0.86,157.25,0.39,35.73,0.09,1,Good
Surabaya,2026-01-05 23:00:00,0.52,0.92,157.93,0.45,35.2,0.11,1,Good
Surabaya,2026-01-06 00:00:00,0.55,1.17,162.83,0.62,34.55,0.17,1,Good
Surabaya,2026-01-06 01:00:00,0.62,1.57,172.15,0.95,33.72,0.26,1,Good
Surabaya,2026-01-06 02:00:00,0.66,1.91,177.91,1.13,33.05,0.34,1,Good
Surabaya,2026-01-06 03:00:00,0.68,2.11,177.33,1.0,33.39,0.36,1,Good
Surabaya,2026-01-06 04:00:00,0.99,2.77,188.49,0.85,38.48,0.45,1,Good
Surabaya,2026-01-06 05:00:00,1.72,4.01,211.36,1.15,44.84,0.62,1,Good
Surabaya,2026-01-06 06:00:00,2.65,5.27,235.24,1.47,50.63,0.78,1,Good
Surabaya,2026-01-06 07:00:00,3.04,5.68,246.1,1.73,52.29,0.86,1,Good
Surabaya,2026-01-06 08:00:00,2.35,4.59,229.88,1.69,48.25,0.76,1,Good
Surabaya,2026-01-06 09:00:00,1.47,3.17,202.18,1.46,42.65,0.59,1,Good
Surabaya,2026-01-06 10:00:00,0.82,1.96,171.44,1.08,37.75,0.38,1,Good
Surabaya,2026-01-06 11:00:00,0.7,1.74,163.78,1.04,35.66,0.32,1,Good
Surabaya,2026-01-06 12:00:00,0.74,1.8,157.67,0.84,35.02,0.27,1,Good
Surabaya,2026-01-06 13:00:00,0.86,1.96,153.11,0.69,34.83,0.23,1,Good
Surabaya,2026-01-06 14:00:00,1.02,2.18,151.69,0.63,34.87,0.21,1,Good
Surabaya,2026-01-06 15:00:00,1.2,2.41,151.84,0.6,35.13,0.2,1,Good
Surabaya,2026-01-06 16:00:00,1.31,2.48,152.99,0.59,35.26,0.19,1,Good
Surabaya,2026-01-06 17:00:00,1.18,2.14,151.99,0.53,35.5,0.16,1,Good
Surabaya,2026-01-06 18:00:00,0.95,1.72,149.94,0.45,35.51,0.13,1,Good
Surabaya,2026-01-06 19:00:00,0.83,1.46,149.45,0.42,35.3,0.11,1,Good
Surabaya,2026-01-06 20:00:00,0.88,1.5,151.6,0.47,35.08,0.12,1,Good
Surabaya,2026-01-06 21:00:00,1.01,1.65,154.79,0.53,35.09,0.13,1,Good
Surabaya,2026-01-06 22:00:00,1.2,1.86,160.15,0.62,35.22,0.15,1,Good
Surabaya,2026-01-06 23:00:00,1.42,2.12,168.21,0.79,35.25,0.18,1,Good
Surabaya,2026-01-07 00:00:00,1.75,2.71,183.67,1.0,35.4,0.27,1,Good
Surabaya,2026-01-07 01:00:00,2.3,3.84,214.21,1.45,36.41,0.47,1,Good
Surabaya,2026-01-07 02:00:00,3.05,5.27,249.7,1.95,39.96,0.69,1,Good
Surabaya,2026-01-07 03:00:00,3.72,6.34,265.08,1.98,44.86,0.78,1,Good
Surabaya,2026-01-07 04:00:00,4.11,6.6,264.88,1.86,47.98,0.75,1,Good
Surabaya,2026-01-07 05:00:00,4.25,6.36,260.17,1.92,47.19,0.69,1,Good
Surabaya,2026-01-07 06:00:00,4.33,6.2,262.29,2.25,45.06,0.68,1,Good
Surabaya,2026-01-07 07:00:00,4.4,6.14,266.1,2.56,43.05,0.68,1,Good
Surabaya,2026-01-07 08:00:00,4.48,6.24,272.65,2.81,42.18,0.7,1,Good
Surabaya,2026-01-07 09:00:00,4.55,6.4,285.54,3.18,41.32,0.76,1,Good
Surabaya,2026-01-07 10:00:00,4.6,6.58,300.46,3.67,40.1,0.86,1,Good
Surabaya,2026-01-07 11:00:00,4.49,6.41,293.15,3.55,39.2,0.81,1,Good
Surabaya,2026-01-07 12:00:00,4.28,5.92,259.46,2.51,39.78,0.62,1,Good
Surabaya,2026-01-07 13:00:00,3.63,4.52,210.53,1.19,40.93,0.32,1,Good
Surabaya,2026-01-07 14:00:00,3.72,4.59,204.9,1.05,41.08,0.28,1,Good
Surabaya,2026-01-07 15:00:00,4.01,4.99,206.13,1.09,41.0,0.29,1,Good
Surabaya,2026-01-07 16:00:00,4.29,5.33,209.4,1.19,40.57,0.31,1,Good
Surabaya,2026-01-07 17:00:00,4.41,5.32,211.0,1.26,40.12,0.3,1,Good
Surabaya,2026-01-07 18:00:00,4.25,4.99,209.43,1.22,39.55,0.27,1,Good
Surabaya,2026-01-07 19:00:00,3.87,4.48,205.79,1.12,39.0,0.23,1,Good
Surabaya,2026-01-07 20:00:00,3.41,3.94,201.12,1.05,38.33,0.21,1,Good
Surabaya,2026-01-07 21:00:00,2.97,3.47,196.99,1.01,37.56,0.2,1,Good
Surabaya,2026-01-07 22:00:00,2.6,3.11,193.26,0.98,36.87,0.19,1,Good
Surabaya,2026-01-07 23:00:00,2.34,2.91,192.6,1.0,36.17,0.21,1,Good
Surabaya,2026-01-08 00:00:00,2.24,3.06,199.87,1.08,35.46,0.28,1,Good
Surabaya,2026-01-08 01:00:00,2.33,3.61,225.61,1.55,35.33,0.46,1,Good
Surabaya,2026-01-08 02:00:00,2.61,4.51,262.93,2.4,35.75,0.69,1,Good
Surabaya,2026-01-08 03:00:00,2.78,5.1,281.72,2.83,36.4,0.8,1,Good
Surabaya,2026-01-08 04:00:00,2.7,5.04,279.28,2.65,38.62,0.79,1,Good
Surabaya,2026-01-08 05:00:00,2.28,4.25,260.93,2.44,38.33,0.7,1,Good
Surabaya,2026-01-08 06:00:00,2.06,3.69,245.79,2.24,37.81,0.63,1,Good
Surabaya,2026-01-08 07:00:00,1.93,3.28,232.52,1.99,37.68,0.57,1,Good
Surabaya,2026-01-08 08:00:00,1.77,2.87,218.98,1.73,37.47,0.49,1,Good
Surabaya,2026-01-08 09:00:00,1.48,2.31,203.85,1.42,37.15,0.39,1,Good
Surabaya,2026-01-08 10:00:00,1.05,1.57,189.31,1.08,35.49,0.28,1,Good
Surabaya,2026-01-08 11:00:00,0.95,1.44,191.13,1.16,34.19,0.27,1,Good
Surabaya,2026-01-08 12:00:00,1.16,1.76,202.46,1.38,33.55,0.32,1,Good
Surabaya,2026-01-08 13:00:00,1.74,2.6,227.57,1.92,33.49,0.45,1,Good
Surabaya,2026-01-08 14:00:00,2.8,3.98,264.97,2.76,34.45,0.65,1,Good
Surabaya,2026-01-08 15:00:00,4.22,5.73,307.26,3.67,35.42,0.85,1,Good
Surabaya,2026-01-08 16:00:00,6.66,8.93,366.86,4.99,35.33,1.14,1,Good
Surabaya,2026-01-08 17:00:00,9.3,12.28,422.96,6.22,34.64,1.4,1,Good
Surabaya,2026-01-08 18:00:00,10.58,13.77,444.07,6.58,34.07,1.43,2,Fair
Surabaya,2026-01-08 19:00:00,10.29,13.07,429.21,6.13,33.95,1.28,2,Fair
Surabaya,2026-01-08 20:00:00,8.47,10.5,382.63,5.01,34.52,1.0,1,Good
Surabaya,2026-01-08 21:00:00,6.33,7.73,326.5,3.77,35.21,0.75,1,Good
Surabaya,2026-01-08 22:00:00,3.88,4.72,261.75,2.41,35.99,0.51,1,Good
Surabaya,2026-01-08 23:00:00,2.98,3.66,234.55,1.95,35.74,0.43,1,Good
Surabaya,2026-01-09 00:00:00,2.96,3.8,233.84,2.09,34.92,0.47,1,Good
Surabaya,2026-01-09 01:00:00,3.2,4.31,254.19,2.7,33.75,0.58,1,Good
Surabaya,2026-01-09 02:00:00,3.5,4.93,283.89,3.36,32.68,0.69,1,Good
Surabaya,2026-01-09 03:00:00,3.46,5.07,296.12,3.39,33.19,0.71,1,Good
Surabaya,2026-01-09 04:00:00,3.15,4.67,290.62,2.91,35.43,0.65,1,Good
Surabaya,2026-01-09 05:00:00,2.72,3.9,270.59,2.32,37.11,0.54,1,Good
Surabaya,2026-01-09 06:00:00,2.26,3.1,250.57,1.96,37.11,0.43,1,Good
Surabaya,2026-01-09 07:00:00,1.85,2.55,234.25,1.75,36.21,0.37,1,Good
Surabaya,2026-01-09 08:00:00,1.89,2.69,235.32,2.03,35.08,0.42,1,Good
Surabaya,2026-01-09 09:00:00,2.05,2.97,243.23,2.5,33.73,0.5,1,Good
Surabaya,2026-01-09 10:00:00,2.38,3.35,264.98,3.25,31.72,0.63,1,Good
Surabaya,2026-01-09 11:00:00,2.86,3.95,295.34,3.98,29.84,0.77,1,Good
Surabaya,2026-01-09 12:00:00,3.58,4.95,330.53,4.77,28.06,0.92,1,Good
Surabaya,2026-01-09 13:00:00,5.28,7.38,402.99,6.58,25.16,1.23,1,Good
Surabaya,2026-01-09 14:00:00,7.82,10.79,502.39,9.11,21.63,1.55,1,Good
Surabaya,2026-01-09 15:00:00,10.32,13.93,586.25,11.29,18.72,1.71,2,Fair
Surabaya,2026-01-09 16:00:00,12.07,15.78,635.53,12.66,16.63,1.69,2,Fair
Surabaya,2026-01-09 17:00:00,12.02,15.02,626.58,12.62,16.1,1.48,2,Fair
Surabaya,2026-01-09 18:00:00,10.35,12.46,568.83,11.17,16.94,1.18,2,Fair
Surabaya,2026-01-09 19:00:00,6.96,8.19,456.07,8.14,20.11,0.85,1,Good
Surabaya,2026-01-09 20:00:00,5.44,6.33,392.26,6.57,21.58,0.7,1,Good
Surabaya,2026-01-09 21:00:00,4.81,5.51,356.06,5.7,22.37,0.6,1,Good
Surabaya,2026-01-09 22:00:00,4.33,4.93,330.58,5.0,22.99,0.51,1,Good
Surabaya,2026-01-09 23:00:00,4.36,5.07,325.33,4.83,22.99,0.51,1,Good
Surabaya,2026-01-10 00:00:00,4.78,5.88,335.98,5.05,22.83,0.62,1,Good
Surabaya,2026-01-10 01:00:00,5.2,6.7,355.84,5.18,23.37,0.76,1,Good
Surabaya,2026-01-10 02:00:00,5.16,6.71,357.33,4.84,25.32,0.78,1,Good
Surabaya,2026-01-10 03:00:00,5.07,6.47,349.32,4.28,28.66,0.74,1,Good
Surabaya,2026-01-10 04:00:00,4.82,5.83,333.08,3.84,31.73,0.67,1,Good
Surabaya,2026-01-10 05:00:00,4.6,5.33,324.42,3.53,32.84,0.6,1,Good
Surabaya,2026-01-10 06:00:00,4.55,5.12,318.92,3.25,34.17,0.56,1,Good
Surabaya,2026-01-10 07:00:00,4.23,4.77,303.09,2.85,35.18,0.51,1,Good
Surabaya,2026-01-10 08:00:00,3.81,4.41,296.92,2.97,33.73,0.53,1,Good
Surabaya,2026-01-10 09:00:00,3.51,4.15,294.96,3.23,31.94,0.57,1,Good
Surabaya,2026-01-10 10:00:00,3.5,4.21,303.56,3.94,30.38,0.63,1,Good
Surabaya,2026-01-10 11:00:00,3.92,4.73,331.18,4.68,29.72,0.72,1,Good
Surabaya,2026-01-10 12:00:00,4.21,5.12,341.95,4.93,29.29,0.74,1,Good
Surabaya,2026-01-10 13:00:00,4.19,5.18,337.89,4.81,28.68,0.71,1,Good
Surabaya,2026-01-10 14:00:00,4.04,5.06,326.38,4.58,27.9,0.66,1,Good
Surabaya,2026-01-10 15:00:00,3.87,4.91,313.8,4.34,27.0,0.61,1,Good
Surabaya,2026-01-10 16:00:00,3.61,4.54,298.0,4.03,26.21,0.56,1,Good
Surabaya,2026-01-10 17:00:00,3.38,4.11,285.33,3.8,25.7,0.51,1,Good
Surabaya,2026-01-10 18:00:00,3.28,3.88,277.93,3.66,25.48,0.48,1,Good
Surabaya,2026-01-10 19:00:00,3.25,3.75,274.91,3.58,25.43,0.46,1,Good
Surabaya,2026-01-10 20:00:00,3.3,3.74,275.19,3.53,25.52,0.44,1,Good
Surabaya,2026-01-10 21:00:00,3.3,3.71,276.54,3.52,25.54,0.43,1,Good
Surabaya,2026-01-10 22:00:00,3.19,3.6,275.66,3.5,25.39,0.43,1,Good
Surabaya,2026-01-10 23:00:00,3.11,3.57,275.74,3.54,25.11,0.46,1,Good
Surabaya,2026-01-11 00:00:00,3.16,3.8,281.12,3.66,24.78,0.52,1,Good
Surabaya,2026-01-11 01:00:00,3.28,4.18,290.29,3.9,24.69,0.61,1,Good
Surabaya,2026-01-11 02:00:00,3.57,4.77,306.36,4.35,24.62,0.72,1,Good
Surabaya,2026-01-11 03:00:00,4.19,5.66,327.59,4.62,26.13,0.82,1,Good
Surabaya,2026-01-11 04:00:00,4.69,6.05,325.1,3.98,31.68,0.82,1,Good
Surabaya,2026-01-11 05:00:00,4.43,5.41,285.28,2.68,37.11,0.67,1,Good
Surabaya,2026-01-11 06:00:00,4.4,5.14,258.05,1.97,40.85,0.57,1,Good
Surabaya,2026-01-11 07:00:00,4.69,5.29,244.52,1.64,44.27,0.53,1,Good
Surabaya,2026-01-11 08:00:00,5.5,6.14,263.17,2.08,45.77,0.61,1,Good
Surabaya,2026-01-11 09:00:00,6.82,7.57,308.23,2.97,46.14,0.75,1,Good
Surabaya,2026-01-11 10:00:00,8.15,8.99,362.36,4.28,44.71,0.93,1,Good
Surabaya,2026-01-11 11:00:00,8.63,9.48,394.38,5.51,42.48,1.03,1,Good
Surabaya,2026-01-11 12:00:00,8.62,9.47,403.18,6.4,40.48,1.04,1,Good
Surabaya,2026-01-11 13:00:00,11.35,13.07,483.9,8.94,35.06,1.39,2,Fair
Surabaya,2026-01-11 14:00:00,15.52,18.39,595.34,12.18,28.32,1.78,2,Fair
Surabaya,2026-01-11 15:00:00,18.07,21.55,654.94,13.9,24.13,1.86,2,Fair
Surabaya,2026-01-11 16:00:00,19.19,23.04,676.27,14.42,21.81,1.85,2,Fair
Surabaya,2026-01-11 17:00:00,19.97,23.75,688.97,14.64,20.22,1.82,2,Fair
Surabaya,2026-01-11 18:00:00,21.1,24.57,705.9,14.96,18.34,1.8,2,Fair
Surabaya,2026-01-11 19:00:00,21.06,24.0,701.59,14.8,16.64,1.79,2,Fair
Surabaya,2026-01-11 20:00:00,20.35,22.81,669.69,14.14,15.27,1.76,2,Fair
Surabaya,2026-01-11 21:00:00,19.16,21.23,631.44,13.49,14.28,1.72,2,Fair
Surabaya,2026-01-11 22:00:00,17.32,19.1,591.07,13.02,14.93,1.67,2,Fair
Surabaya,2026-01-11 23:00:00,15.65,17.37,565.54,12.89,15.21,1.66,2,Fair
Surabaya,2026-01-12 00:00:00,14.27,16.38,550.6,12.18,17.07,1.78,2,Fair
Surabaya,2026-01-12 01:00:00,13.89,16.64,562.53,11.37,21.58,2.06,2,Fair
Surabaya,2026-01-12 02:00:00,13.97,17.22,582.17,11.64,25.93,2.37,2,Fair
Surabaya,2026-01-12 03:00:00,14.07,17.49,578.55,11.07,32.91,2.53,2,Fair
Surabaya,2026-01-12 04:00:00,9.03,10.77,385.59,6.73,43.57,1.6,1,Good
Surabaya,2026-01-12 05:00:00,10.1,11.53,357.28,5.96,49.88,1.49,2,Fair
Surabaya,2026-01-12 06:00:00,13.9,15.39,385.71,6.41,55.06,1.71,2,Fair
Surabaya,2026-01-12 07:00:00,18.17,19.7,431.95,7.42,57.09,2.1,2,Fair
Surabaya,2026-01-12 08:00:00,19.12,20.53,473.92,8.69,53.03,2.36,2,Fair
Surabaya,2026-01-12 09:00:00,16.23,17.46,478.06,9.52,46.38,2.38,2,Fair
Surabaya,2026-01-12 10:00:00,12.24,13.24,446.93,9.74,40.68,2.34,2,Fair
Surabaya,2026-01-12 11:00:00,9.23,10.11,409.85,9.49,36.01,2.14,1,Good
Surabaya,2026-01-12 12:00:00,7.22,8.09,381.07,8.73,33.03,1.82,1,Good
Surabaya,2026-01-12 13:00:00,6.32,7.33,375.24,8.44,30.92,1.52,1,Good
Surabaya,2026-01-12 14:00:00,6.36,7.5,394.57,8.85,29.58,1.41,1,Good
Surabaya,2026-01-12 15:00:00,6.6,7.79,413.93,9.27,28.81,1.27,1,Good
Surabaya,2026-01-12 16:00:00,9.88,11.97,510.43,12.48,23.94,1.69,1,Good
Surabaya,2026-01-12 17:00:00,14.25,17.16,624.73,16.69,17.36,2.17,2,Fair
Surabaya,2026-01-12 18:00:00,16.61,19.56,671.25,18.86,13.44,2.3,2,Fair
Surabaya,2026-01-12 19:00:00,17.11,19.8,662.92,19.08,12.06,2.27,2,Fair
Surabaya,2026-01-12 20:00:00,16.78,19.2,627.25,18.28,12.09,2.21,2,Fair
Surabaya,2026-01-12 21:00:00,16.51,18.82,595.78,17.25,12.38,2.17,2,Fair
Surabaya,2026-01-12 22:00:00,16.32,18.62,574.6,16.44,12.55,2.16,2,Fair
Surabaya,2026-01-12 23:00:00,15.95,18.34,551.0,15.56,13.03,2.21,2,Fair
Surabaya,2026-01-13 00:00:00,15.04,17.72,516.84,13.76,15.21,2.31,2,Fair
Surabaya,2026-01-13 01:00:00,8.86,10.64,354.15,7.25,26.0,1.65,1,Good
Surabaya,2026-01-13 02:00:00,7.56,9.27,309.83,5.06,34.66,1.46,1,Good
Surabaya,2026-01-13 03:00:00,8.89,10.68,304.64,4.14,46.48,1.41,1,Good
Surabaya,2026-01-13 04:00:00,12.79,14.57,327.47,3.93,58.03,1.48,2,Fair
Surabaya,2026-01-13 05:00:00,13.86,15.39,330.03,3.67,61.49,1.37,2,Fair
Surabaya,2026-01-13 06:00:00,11.42,12.59,327.35,3.89,57.4,1.21,2,Fair
Surabaya,2026-01-13 07:00:00,7.87,8.71,325.36,4.51,50.32,1.12,1,Good
Surabaya,2026-01-13 08:00:00,6.42,7.16,329.36,5.01,47.92,1.21,1,Good
Surabaya,2026-01-13 09:00:00,6.74,7.49,329.14,5.18,49.24,1.46,1,Good
Surabaya,2026-01-13 10:00:00,7.03,7.77,332.48,5.48,48.59,1.72,1,Good
Surabaya,2026-01-13 11:00:00,7.14,7.99,349.95,6.16,44.27,1.8,1,Good
Surabaya,2026-01-13 12:00:00,7.06,8.11,367.47,6.82,39.49,1.69,1,Good
Surabaya,2026-01-13 13:00:00,7.02,8.35,383.73,7.35,36.02,1.54,1,Good
Surabaya,2026-01-13 14:00:00,7.05,8.47,391.28,7.52,34.67,1.39,1,Good
Surabaya,2026-01-13 15:00:00,6.79,8.18,388.25,7.28,34.12,1.22,1,Good
Surabaya,2026-01-13 16:00:00,7.74,9.77,412.68,7.88,31.75,1.27,1,Good
Surabaya,2026-01-13 17:00:00,9.18,11.86,445.54,8.83,28.35,1.36,1,Good
Surabaya,2026-01-13 18:00:00,9.76,12.52,449.82,8.94,26.25,1.28,1,Good
Surabaya,2026-01-13 19:00:00,9.11,11.34,420.23,8.1,25.52,1.07,1,Good
Surabaya,2026-01-13 20:00:00,8.48,10.28,396.98,7.45,24.56,0.95,1,Good
Surabaya,2026-01-13 21:00:00,8.71,10.42,402.31,7.72,22.57,0.99,1,Good
Surabaya,2026-01-13 22:00:00,9.14,10.74,420.4,8.45,20.37,1.08,1,Good
Surabaya,2026-01-13 23:00:00,9.1,10.6,431.12,9.11,18.67,1.17,1,Good
Surabaya,2026-01-14 00:00:00,8.35,9.99,430.2,9.28,18.34,1.27,1,Good
Surabaya,2026-01-14 01:00:00,4.58,5.68,328.08,5.28,24.95,0.89,1,Good
Surabaya,2026-01-14 02:00:00,4.38,5.55,315.57,4.2,29.97,0.92,1,Good
Surabaya,2026-01-14 03:00:00,5.48,6.7,323.12,3.65,38.12,0.96,1,Good
Surabaya,2026-01-14 04:00:00,6.2,7.33,363.82,5.92,35.26,1.07,1,Good
Surabaya,2026-01-14 05:00:00,5.48,6.46,371.49,6.48,31.23,0.96,1,Good
Surabaya,2026-01-14 06:00:00,5.13,5.9,352.85,5.99,31.94,0.79,1,Good
Surabaya,2026-01-14 07:00:00,4.4,4.97,311.93,4.99,33.08,0.61,1,Good
Surabaya,2026-01-14 08:00:00,3.69,4.23,277.19,4.36,33.65,0.6,1,Good
Surabaya,2026-01-14 09:00:00,3.17,3.73,260.9,4.32,32.98,0.66,1,Good
Surabaya,2026-01-14 10:00:00,2.28,2.78,226.75,3.88,32.54,0.62,1,Good
Surabaya,2026-01-14 11:00:00,1.89,2.41,204.25,3.59,32.01,0.59,1,Good
Surabaya,2026-01-14 12:00:00,1.81,2.39,193.85,3.41,31.81,0.55,1,Good
Surabaya,2026-01-14 13:00:00,1.89,2.54,188.67,3.28,31.71,0.51,1,Good
Surabaya,2026-01-14 14:00:00,2.1,2.79,191.36,3.29,31.38,0.48,1,Good
Surabaya,2026-01-14 15:00:00,2.29,2.99,194.58,3.25,30.82,0.46,1,Good
Surabaya,2026-01-14 16:00:00,2.95,3.76,226.43,3.91,29.02,0.55,1,Good
Surabaya,2026-01-14 17:00:00,3.61,4.41,258.93,4.59,27.06,0.62,1,Good
Surabaya,2026-01-14 18:00:00,3.75,4.46,263.93,4.63,26.01,0.62,1,Good
Surabaya,2026-01-14 19:00:00,3.61,4.27,257.08,4.37,25.22,0.58,1,Good
Surabaya,2026-01-14 20:00:00,3.3,3.92,249.0,4.07,24.58,0.55,1,Good
Surabaya,2026-01-14 21:00:00,3.05,3.62,245.17,3.91,23.94,0.52,1,Good
Surabaya,2026-01-14 22:00:00,2.56,3.03,231.39,3.57,24.05,0.47,1,Good
Surabaya,2026-01-14 23:00:00,2.45,2.92,230.95,3.6,23.5,0.49,1,Good
Surabaya,2026-01-15 00:00:00,2.64,3.32,244.28,3.99,22.54,0.59,1,Good
Surabaya,2026-01-15 01:00:00,2.98,3.92,269.59,4.77,21.22,0.76,1,Good
Surabaya,2026-01-15 02:00:00,3.48,4.68,301.49,5.55,20.12,0.92,1,Good
Surabaya,2026-01-15 03:00:00,3.69,5.0,312.71,5.59,20.6,0.96,1,Good
Surabaya,2026-01-15 04:00:00,3.63,4.93,302.84,5.01,22.89,0.91,1,Good
Surabaya,2026-01-15 05:00:00,3.68,4.88,295.13,4.6,24.96,0.87,1,Good
Surabaya,2026-01-15 06:00:00,3.99,5.03,299.03,4.66,27.02,0.83,1,Good
Surabaya,2026-01-15 07:00:00,4.57,5.52,317.93,5.05,28.99,0.88,1,Good
Surabaya,2026-01-15 08:00:00,5.25,6.32,346.63,6.0,29.58,1.03,1,Good
Surabaya,2026-01-15 09:00:00,6.01,7.24,386.98,7.77,28.02,1.28,1,Good
Surabaya,2026-01-15 10:00:00,6.91,8.36,434.55,10.21,25.31,1.59,1,Good
Surabaya,2026-01-15 11:00:00,7.73,9.3,462.93,11.86,23.56,1.79,1,Good
Surabaya,2026-01-15 12:00:00,8.16,9.75,460.72,11.96,23.16,1.76,1,Good
Surabaya,2026-01-15 13:00:00,6.98,8.41,387.0,9.37,26.33,1.34,1,Good
Surabaya,2026-01-15 14:00:00,6.57,8.01,345.04,7.64,28.32,1.13,1,Good
Surabaya,2026-01-15 15:00:00,6.17,7.53,320.98,6.37,29.41,0.92,1,Good
Surabaya,2026-01-15 16:00:00,8.47,10.72,401.41,8.49,26.2,1.11,1,Good
Surabaya,2026-01-15 17:00:00,12.73,15.94,532.56,12.26,21.06,1.42,2,Fair
Surabaya,2026-01-15 18:00:00,16.3,19.88,617.29,14.54,17.38,1.55,2,Fair
Surabaya,2026-01-15 19:00:00,17.82,21.33,632.25,14.55,16.03,1.57,2,Fair
Surabaya,2026-01-15 20:00:00,16.17,19.27,566.82,12.11,17.56,1.46,2,Fair
Surabaya,2026-01-15 21:00:00,14.65,17.5,507.7,10.45,18.87,1.48,2,Fair
Surabaya,2026-01-15 22:00:00,14.09,16.84,471.68,9.94,19.38,1.66,2,Fair
Surabaya,2026-01-15 23:00:00,14.19,16.88,455.61,10.15,19.14,1.96,2,Fair
Surabaya,2026-01-16 00:00:00,14.2,17.03,451.18,9.74,20.38,2.25,2,Fair
Surabaya,2026-01-16 01:00:00,8.49,10.27,352.37,6.53,25.32,1.57,1,Good
Surabaya,2026-01-16 02:00:00,7.11,8.76,337.78,5.62,28.24,1.37,1,Good
Surabaya,2026-01-16 03:00:00,7.41,9.07,343.19,5.29,32.05,1.31,1,Good
Surabaya,2026-01-16 04:00:00,9.48,11.04,386.11,5.98,37.43,1.45,1,Good
Surabaya,2026-01-16 05:00:00,13.52,15.07,453.12,6.88,43.93,1.53,2,Fair
Surabaya,2026-01-16 06:00:00,17.13,18.58,496.17,7.11,49.32,1.51,2,Fair
Surabaya,2026-01-16 07:00:00,15.42,16.73,476.34,7.68,44.37,1.4,2,Fair
Surabaya,2026-01-16 08:00:00,11.81,13.11,438.91,7.73,36.54,1.44,2,Fair
Surabaya,2026-01-16 09:00:00,10.26,11.63,419.44,7.96,32.44,1.65,2,Fair
Surabaya,2026-01-16 10:00:00,10.03,11.48,422.51,8.63,29.96,1.9,2,Fair
Surabaya,2026-01-16 11:00:00,9.78,11.2,419.72,8.83,28.85,1.96,1,Good
Surabaya,2026-01-16 12:00:00,9.41,10.79,410.61,8.59,28.99,1.87,1,Good
Surabaya,2026-01-16 13:00:00,8.2,9.46,397.26,7.65,31.5,1.5,1,Good
Surabaya,2026-01-16 14:00:00,7.55,8.76,397.59,6.96,34.35,1.24,1,Good
Surabaya,2026-01-16 15:00:00,7.31,8.52,408.47,6.53,36.64,1.1,1,Good
Surabaya,2026-01-16 16:00:00,10.3,12.68,490.99,8.86,34.17,1.4,2,Fair
Surabaya,2026-01-16 17:00:00,15.3,19.08,606.06,12.44,28.96,1.81,2,Fair
Surabaya,2026-01-16 18:00:00,18.93,23.29,673.61,14.36,25.17,1.91,2,Fair
Surabaya,2026-01-16 19:00:00,20.76,25.19,690.57,14.64,22.97,1.81,2,Fair
Surabaya,2026-01-16 20:00:00,21.0,25.19,671.71,13.72,21.95,1.64,2,Fair
Surabaya,2026-01-16 21:00:00,20.54,24.44,638.06,12.5,21.45,1.45,2,Fair
Surabaya,2026-01-16 22:00:00,19.99,23.65,608.45,11.42,21.5,1.32,2,Fair
Surabaya,2026-01-16 23:00:00,19.06,22.6,578.68,10.27,22.74,1.31,2,Fair
Surabaya,2026-01-17 00:00:00,18.26,22.12,557.38,8.16,28.39,1.47,2,Fair
Surabaya,2026-01-17 01:00:00,18.83,23.16,548.14,6.74,40.32,1.73,2,Fair
Surabaya,2026-01-17 02:00:00,19.6,24.14,524.65,6.09,51.03,1.85,2,Fair
Surabaya,2026-01-17 03:00:00,18.06,22.29,471.91,5.09,55.06,1.73,2,Fair
Surabaya,2026-01-17 04:00:00,13.04,16.14,388.5,3.82,51.83,1.34,2,Fair
Surabaya,2026-01-17 05:00:00,12.69,15.75,386.27,3.75,54.06,1.29,2,Fair
Surabaya,2026-01-17 06:00:00,15.56,18.82,421.72,4.04,61.44,1.41,2,Fair
Surabaya,2026-01-17 07:00:00,19.24,22.4,466.85,5.27,64.38,1.56,2,Fair
Surabaya,2026-01-17 08:00:00,22.68,25.35,497.67,5.85,64.88,1.57,2,Fair
Surabaya,2026-01-17 09:00:00,25.64,27.7,508.62,5.72,67.19,1.5,3,Moderate
Surabaya,2026-01-17 10:00:00,25.65,26.95,488.23,5.12,68.17,1.36,3,Moderate
Surabaya,2026-01-17 11:00:00,23.56,24.7,485.81,5.53,63.99,1.35,2,Fair
Surabaya,2026-01-17 12:00:00,20.99,22.21,483.37,6.1,58.45,1.37,2,Fair
Surabaya,2026-01-17 13:00:00,19.68,21.47,508.13,7.23,51.96,1.48,2,Fair
Surabaya,2026-01-17 14:00:00,19.87,22.39,556.98,8.77,45.55,1.65,2,Fair
Surabaya,2026-01-17 15:00:00,20.43,23.44,599.55,10.11,39.81,1.75,2,Fair
Surabaya,2026-01-17 16:00:00,21.25,24.76,639.93,11.38,34.4,1.89,2,Fair
Surabaya,2026-01-17 17:00:00,21.92,25.53,669.63,12.55,29.65,1.94,2,Fair
Surabaya,2026-01-17 18:00:00,21.83,25.14,686.66,13.42,25.75,1.83,2,Fair
Surabaya,2026-01-17 19:00:00,20.83,23.65,690.96,13.7,23.55,1.65,2,Fair
Surabaya,2026-01-17 20:00:00,19.72,22.06,686.73,13.48,22.92,1.46,2,Fair
Surabaya,2026-01-17 21:00:00,19.01,21.0,682.5,12.96,23.38,1.33,2,Fair
Surabaya,2026-01-17 22:00:00,14.13,15.29,581.21,9.03,32.61,0.98,2,Fair
Surabaya,2026-01-17 23:00:00,12.81,13.78,540.26,7.27,37.61,0.86,2,Fair
Surabaya,2026-01-18 00:00:00,13.31,14.48,540.52,6.95,40.35,0.9,2,Fair
Surabaya,2026-01-18 01:00:00,13.86,15.31,553.66,7.0,43.47,0.98,2,Fair
Surabaya,2026-01-18 02:00:00,14.59,16.25,566.93,6.9,48.55,1.04,2,Fair
Surabaya,2026-01-18 03:00:00,16.14,17.91,569.62,6.47,55.96,1.06,2,Fair
Surabaya,2026-01-18 04:00:00,15.14,16.44,519.44,5.5,60.49,0.84,2,Fair
Surabaya,2026-01-18 05:00:00,13.59,14.58,469.97,4.75,62.27,0.69,2,Fair
Surabaya,2026-01-18 06:00:00,13.67,14.55,447.8,4.35,66.07,0.66,2,Fair
Surabaya,2026-01-18 07:00:00,14.58,15.46,448.82,4.41,69.21,0.7,2,Fair
Surabaya,2026-01-18 08:00:00,17.37,18.41,478.29,4.99,71.92,0.86,2,Fair
Surabaya,2026-01-18 09:00:00,19.87,21.09,507.77,5.56,73.74,1.0,2,Fair
Surabaya,2026-01-18 10:00:00,21.46,22.95,534.21,6.16,73.54,1.15,2,Fair
Surabaya,2026-01-18 11:00:00,23.0,24.88,567.07,6.79,72.23,1.36,2,Fair
Surabaya,2026-01-18 12:00:00,24.32,26.59,596.81,7.04,70.25,1.51,2,Fair
Surabaya,2026-01-18 13:00:00,25.7,28.6,641.39,7.8,65.79,1.71,3,Moderate
Surabaya,2026-01-18 14:00:00,27.83,31.61,709.25,9.16,58.86,1.94,3,Moderate
Surabaya,2026-01-18 15:00:00,30.18,34.69,766.7,10.22,52.81,2.09,3,Moderate
Surabaya,2026-01-18 16:00:00,32.68,37.64,809.11,10.9,48.2,2.14,3,Moderate
Surabaya,2026-01-18 17:00:00,34.9,39.69,821.66,10.87,46.16,2.1,3,Moderate
Surabaya,2026-01-18 18:00:00,36.1,40.38,800.5,10.11,46.61,2.0,3,Moderate
Surabaya,2026-01-18 19:00:00,36.69,40.36,758.6,8.82,49.33,1.94,3,Moderate
Surabaya,2026-01-18 20:00:00,36.84,39.98,721.17,7.82,51.29,1.95,3,Moderate
Surabaya,2026-01-18 21:00:00,36.28,39.07,692.13,7.37,50.76,1.94,3,Moderate
Surabaya,2026-01-18 22:00:00,34.36,36.58,660.9,7.1,48.75,1.81,3,Moderate
Surabaya,2026-01-18 23:00:00,31.06,32.81,621.13,6.67,46.97,1.59,3,Moderate
Surabaya,2026-01-19 00:00:00,27.05,28.84,574.98,6.27,45.86,1.47,3,Moderate
Surabaya,2026-01-19 01:00:00,21.61,23.17,510.17,5.14,48.55,1.24,2,Fair
Surabaya,2026-01-19 02:00:00,19.56,21.07,488.12,4.42,53.31,1.08,2,Fair
Surabaya,2026-01-19 03:00:00,19.9,21.41,479.83,3.69,60.43,0.99,2,Fair
Surabaya,2026-01-19 04:00:00,16.8,18.17,441.37,3.22,59.45,0.82,2,Fair
Surabaya,2026-01-19 05:00:00,10.06,11.07,368.6,2.64,48.61,0.63,2,Fair
Surabaya,2026-01-19 06:00:00,6.34,7.07,315.88,2.15,41.71,0.5,1,Good
Surabaya,2026-01-19 07:00:00,4.03,4.5,268.6,1.68,37.43,0.4,1,Good
Surabaya,2026-01-19 08:00:00,2.65,3.01,235.61,1.38,35.31,0.31,1,Good
Surabaya,2026-01-19 09:00:00,1.92,2.26,217.31,1.3,33.97,0.28,1,Good
Surabaya,2026-01-19 10:00:00,1.8,2.22,215.33,1.47,33.54,0.31,1,Good
Surabaya,2026-01-19 11:00:00,2.02,2.63,223.39,1.75,33.57,0.4,1,Good
Surabaya,2026-01-19 12:00:00,2.08,2.91,226.21,1.84,33.71,0.43,1,Good
Surabaya,2026-01-19 13:00:00,2.06,3.17,224.25,1.79,33.5,0.44,1,Good
Surabaya,2026-01-19 14:00:00,2.23,3.53,225.4,1.74,32.95,0.45,1,Good
Surabaya,2026-01-19 15:00:00,2.71,4.11,238.16,1.84,31.95,0.47,1,Good
Surabaya,2026-01-19 16:00:00,3.0,4.12,252.49,1.87,31.4,0.45,1,Good
Surabaya,2026-01-19 17:00:00,3.27,4.2,261.02,1.87,31.75,0.44,1,Good
Surabaya,2026-01-19 18:00:00,3.38,4.22,261.65,1.81,32.89,0.43,1,Good
Surabaya,2026-01-19 19:00:00,3.46,4.22,259.12,1.77,33.93,0.42,1,Good
Surabaya,2026-01-19 20:00:00,3.72,4.33,259.78,1.82,34.74,0.4,1,Good
Surabaya,2026-01-19 21:00:00,4.18,4.67,262.03,1.9,35.89,0.37,1,Good
Surabaya,2026-01-19 22:00:00,4.63,5.07,264.77,1.98,37.14,0.36,1,Good
Surabaya,2026-01-19 23:00:00,5.03,5.52,271.72,2.11,38.29,0.36,1,Good
Surabaya,2026-01-20 00:00:00,5.4,6.14,284.48,2.42,39.09,0.41,1,Good
Surabaya,2026-01-20 01:00:00,5.78,7.01,307.46,3.11,38.94,0.55,1,Good
Surabaya,2026-01-20 02:00:00,6.59,8.48,343.72,4.02,38.52,0.75,1,Good
Surabaya,2026-01-20 03:00:00,7.97,10.5,384.02,4.46,39.79,0.91,1,Good
Surabaya,2026-01-20 04:00:00,13.09,16.48,434.67,3.2,58.72,1.11,2,Fair
Surabaya,2026-01-20 05:00:00,18.52,22.54,468.36,2.95,74.32,1.25,2,Fair
Surabaya,2026-01-20 06:00:00,20.74,25.09,507.14,3.36,78.87,1.37,2,Fair
Surabaya,2026-01-20 07:00:00,22.36,26.58,545.29,3.93,80.14,1.4,2,Fair
Surabaya,2026-01-20 08:00:00,26.05,29.65,553.7,3.94,81.49,1.34,3,Moderate
Surabaya,2026-01-20 09:00:00,29.88,32.82,539.13,3.54,84.18,1.51,3,Moderate
Surabaya,2026-01-20 10:00:00,29.75,32.73,543.99,4.23,80.93,1.97,3,Moderate
Surabaya,2026-01-20 11:00:00,27.53,31.22,606.1,6.42,71.01,2.39,3,Moderate
Surabaya,2026-01-20 12:00:00,24.49,28.83,666.41,8.42,59.46,2.56,2,Fair
Surabaya,2026-01-20 13:00:00,22.79,26.92,718.59,10.17,49.67,2.7,2,Fair
Surabaya,2026-01-20 14:00:00,21.11,24.28,711.89,10.33,45.72,2.32,2,Fair
Surabaya,2026-01-20 15:00:00,18.66,21.0,650.1,8.97,45.94,1.73,2,Fair
Surabaya,2026-01-20 16:00:00,13.5,14.76,509.74,5.64,50.07,1.02,2,Fair
Surabaya,2026-01-20 17:00:00,12.06,13.1,463.88,4.72,50.16,0.86,2,Fair
Surabaya,2026-01-20 18:00:00,11.89,12.88,455.12,4.71,48.42,0.85,2,Fair
Surabaya,2026-01-20 19:00:00,12.44,13.44,467.85,5.09,46.16,0.9,2,Fair
Surabaya,2026-01-20 20:00:00,13.31,14.38,483.04,5.38,44.15,0.92,2,Fair
Surabaya,2026-01-20 21:00:00,13.38,14.47,481.29,5.25,42.82,0.86,2,Fair
Surabaya,2026-01-20 22:00:00,12.14,13.15,458.09,4.72,42.15,0.75,2,Fair
Surabaya,2026-01-20 23:00:00,9.88,10.77,416.64,3.96,42.14,0.61,1,Good
Surabaya,2026-01-21 00:00:00,7.56,8.53,377.34,3.42,42.47,0.54,1,Good
Surabaya,2026-01-21 01:00:00,6.57,7.74,368.13,3.19,43.52,0.57,1,Good
Surabaya,2026-01-21 02:00:00,8.52,10.18,413.12,3.63,45.62,0.8,1,Good
Surabaya,2026-01-21 03:00:00,12.3,14.46,477.71,4.04,50.39,1.09,2,Fair
Surabaya,2026-01-21 04:00:00,15.81,18.13,504.68,3.41,61.03,1.18,2,Fair
Surabaya,2026-01-21 05:00:00,20.63,23.27,537.31,3.31,70.34,1.29,2,Fair
Surabaya,2026-01-21 06:00:00,24.9,27.62,565.65,3.46,78.27,1.37,2,Fair
Surabaya,2026-01-21 07:00:00,22.53,24.51,570.45,4.64,73.21,1.38,2,Fair
Surabaya,2026-01-21 08:00:00,17.04,18.31,536.96,5.18,64.5,1.29,2,Fair
Surabaya,2026-01-21 09:00:00,11.99,12.93,475.84,4.84,60.91,1.16,2,Fair
Surabaya,2026-01-21 10:00:00,8.65,9.36,421.93,4.52,58.77,1.02,1,Good
Surabaya,2026-01-21 11:00:00,7.96,8.72,412.52,4.78,57.09,0.99,1,Good
Surabaya,2026-01-21 12:00:00,9.33,10.27,441.1,5.39,56.87,1.02,1,Good
Surabaya,2026-01-21 13:00:00,11.72,12.96,490.94,6.26,57.01,1.12,2,Fair
Surabaya,2026-01-21 14:00:00,13.29,14.72,523.03,6.66,57.29,1.09,2,Fair
Surabaya,2026-01-21 15:00:00,12.89,14.31,510.76,6.07,57.9,0.92,2,Fair
Surabaya,2026-01-21 16:00:00,11.1,12.33,469.73,5.12,57.36,0.71,2,Fair
Surabaya,2026-01-21 17:00:00,9.32,10.2,426.4,4.35,55.78,0.55,1,Good
Surabaya,2026-01-21 18:00:00,8.22,8.88,396.81,3.82,53.97,0.45,1,Good
Surabaya,2026-01-21 19:00:00,7.56,8.1,377.77,3.35,52.38,0.4,1,Good
Surabaya,2026-01-21 20:00:00,7.37,7.86,373.51,3.14,50.79,0.39,1,Good
Surabaya,2026-01-21 21:00:00,7.21,7.66,372.42,3.01,49.31,0.38,1,Good
Surabaya,2026-01-21 22:00:00,6.69,7.08,368.21,2.8,48.75,0.35,1,Good
Surabaya,2026-01-21 23:00:00,7.03,7.47,383.08,2.91,48.64,0.39,1,Good
Surabaya,2026-01-22 00:00:00,8.18,8.89,420.19,3.44,48.99,0.51,1,Good
Surabaya,2026-01-22 01:00:00,10.17,11.21,469.54,4.14,50.87,0.7,2,Fair
Surabaya,2026-01-22 02:00:00,12.69,13.92,514.06,4.51,56.1,0.88,2,Fair
Surabaya,2026-01-22 03:00:00,15.21,16.52,535.23,4.27,64.35,1.02,2,Fair
Surabaya,2026-01-22 04:00:00,17.44,19.4,565.86,5.56,66.26,1.33,2,Fair
Surabaya,2026-01-22 05:00:00,16.75,19.49,564.95,6.37,63.01,1.58,2,Fair
Surabaya,2026-01-22 06:00:00,14.98,18.02,543.07,6.59,59.53,1.75,2,Fair
Surabaya,2026-01-22 07:00:00,14.0,16.75,535.77,6.97,57.07,2.21,2,Fair
Surabaya,2026-01-22 08:00:00,14.95,17.36,552.49,7.93,55.82,2.8,2,Fair
Surabaya,2026-01-22 09:00:00,16.42,18.49,576.62,9.78,52.99,3.31,2,Fair
Surabaya,2026-01-22 10:00:00,17.03,18.77,589.82,12.36,46.49,3.24,2,Fair
Surabaya,2026-01-22 11:00:00,17.06,18.85,619.41,15.74,36.12,3.29,2,Fair
Surabaya,2026-01-22 12:00:00,15.04,16.9,598.44,16.88,29.35,3.09,2,Fair
Surabaya,2026-01-22 13:00:00,11.85,13.62,527.1,14.99,30.38,2.79,2,Fair
Surabaya,2026-01-22 14:00:00,9.3,11.02,449.53,12.11,35.73,2.49,1,Good
Surabaya,2026-01-22 15:00:00,7.75,9.45,395.05,9.92,40.52,2.34,1,Good
Surabaya,2026-01-22 16:00:00,6.91,8.97,362.43,8.63,43.36,2.38,1,Good
Surabaya,2026-01-22 17:00:00,6.18,8.31,344.38,7.97,44.48,2.57,1,Good
Surabaya,2026-01-22 18:00:00,5.42,7.29,327.39,7.46,45.03,2.53,1,Good
Surabaya,2026-01-22 19:00:00,4.58,6.19,312.52,6.97,45.7,2.27,1,Good
Surabaya,2026-01-22 20:00:00,3.79,5.2,297.67,6.52,46.26,1.99,1,Good
Surabaya,2026-01-22 21:00:00,3.24,4.5,282.83,6.12,47.26,1.84,1,Good
Surabaya,2026-01-22 22:00:00,2.91,4.05,269.04,5.78,48.61,1.78,1,Good
Surabaya,2026-01-22 23:00:00,2.79,3.95,264.23,5.63,48.93,1.76,1,Good
Surabaya,2026-01-23 00:00:00,2.92,4.46,277.34,5.93,48.47,1.83,1,Good
Surabaya,2026-01-23 01:00:00,3.35,5.4,308.61,6.22,49.2,2.02,1,Good
Surabaya,2026-01-23 02:00:00,4.05,6.45,341.58,6.18,53.04,2.17,1,Good
Surabaya,2026-01-23 03:00:00,5.07,7.55,352.37,5.38,61.57,2.1,2,Fair
Surabaya,2026-01-23 04:00:00,4.96,7.14,331.91,5.05,64.84,1.79,2,Fair
Surabaya,2026-01-23 05:00:00,4.47,6.34,327.37,4.95,64.1,1.62,2,Fair
Surabaya,2026-01-23 06:00:00,4.92,6.53,328.07,4.77,65.82,1.59,2,Fair
Surabaya,2026-01-23 07:00:00,5.6,6.95,331.41,4.88,66.31,1.59,2,Fair
Surabaya,2026-01-23 08:00:00,5.96,7.31,341.62,5.74,62.87,1.71,2,Fair
Surabaya,2026-01-23 09:00:00,5.79,7.19,342.42,6.55,58.74,1.85,1,Good
Surabaya,2026-01-23 10:00:00,5.45,6.79,341.96,7.08,56.03,1.99,1,Good
Surabaya,2026-01-23 11:00:00,5.38,6.81,349.71,7.46,55.19,2.13,1,Good
Surabaya,2026-01-23 12:00:00,5.49,7.18,356.42,7.5,55.14,2.25,1,Good
Surabaya,2026-01-23 13:00:00,5.63,8.04,350.36,7.23,55.18,2.39,1,Good
Surabaya,2026-01-23 14:00:00,5.75,8.84,335.73,6.75,55.2,2.51,1,Good
Surabaya,2026-01-23 15:00:00,5.71,9.01,317.91,6.11,55.56,2.4,1,Good
Surabaya,2026-01-23 16:00:00,5.28,8.35,293.63,5.26,56.7,2.09,1,Good
Surabaya,2026-01-23 17:00:00,4.54,7.15,265.01,4.34,58.37,1.81,1,Good
Surabaya,2026-01-23 18:00:00,3.89,6.07,239.06,3.56,59.71,1.64,1,Good
Surabaya,2026-01-23 19:00:00,3.4,5.23,220.5,2.99,61.26,1.5,2,Fair
Surabaya,2026-01-23 20:00:00,3.12,4.76,211.43,2.71,62.14,1.45,2,Fair
Surabaya,2026-01-23 21:00:00,2.93,4.46,207.65,2.58,62.79,1.44,2,Fair
Surabaya,2026-01-23 22:00:00,2.86,4.34,207.1,2.54,63.69,1.47,2,Fair
Surabaya,2026-01-23 23:00:00,2.93,4.43,210.31,2.64,63.93,1.55,2,Fair
Surabaya,2026-01-24 00:00:00,3.03,4.71,221.96,3.03,63.72,1.64,2,Fair
Surabaya,2026-01-24 01:00:00,2.88,4.67,236.93,3.24,64.08,1.61,2,Fair
Surabaya,2026-01-24 02:00:00,2.81,4.54,247.27,3.05,66.6,1.5,2,Fair
Surabaya,2026-01-24 03:00:00,3.11,4.74,244.98,2.41,72.24,1.38,2,Fair
Surabaya,2026-01-24 04:00:00,3.6,5.02,234.49,1.8,77.44,1.23,2,Fair
Surabaya,2026-01-24 05:00:00,4.39,5.68,232.5,1.72,78.2,1.21,2,Fair
Surabaya,2026-01-24 06:00:00,5.58,6.83,238.33,1.83,79.62,1.38,2,Fair
Surabaya,2026-01-24 07:00:00,5.94,7.08,233.49,1.83,80.68,1.54,2,Fair
Surabaya,2026-01-24 08:00:00,5.17,6.17,224.77,1.89,79.83,1.63,2,Fair
Surabaya,2026-01-24 09:00:00,3.88,4.75,219.69,2.06,77.87,1.6,2,Fair
Surabaya,2026-01-24 10:00:00,2.78,3.56,220.01,2.38,74.85,1.51,2,Fair
Surabaya,2026-01-24 11:00:00,2.2,3.01,224.73,2.68,73.02,1.47,2,Fair
Surabaya,2026-01-24 12:00:00,1.94,2.87,226.32,2.69,71.85,1.5,2,Fair
Surabaya,2026-01-24 13:00:00,2.52,4.08,255.62,3.48,68.83,1.8,2,Fair
Surabaya,2026-01-24 14:00:00,3.64,6.15,300.65,4.53,65.33,2.17,2,Fair
Surabaya,2026-01-24 15:00:00,4.42,7.56,323.18,4.88,62.49,2.29,2,Fair
Surabaya,2026-01-24 16:00:00,4.66,7.92,322.39,4.72,60.05,2.2,2,Fair
Surabaya,2026-01-24 17:00:00,4.64,7.57,307.71,4.34,58.71,2.06,1,Good
Surabaya,2026-01-24 18:00:00,4.74,7.36,288.81,3.92,58.05,1.96,1,Good
Surabaya,2026-01-24 19:00:00,5.06,7.61,273.08,3.57,57.27,1.9,1,Good
Surabaya,2026-01-24 20:00:00,5.69,8.45,270.02,3.52,55.71,1.93,1,Good
Surabaya,2026-01-24 21:00:00,6.37,9.42,272.24,3.63,54.15,2.05,1,Good
Surabaya,2026-01-24 22:00:00,6.77,9.89,270.16,3.67,53.48,2.16,1,Good
Surabaya,2026-01-24 23:00:00,6.88,9.94,266.97,3.64,53.7,2.27,1,Good
Surabaya,2026-01-25 00:00:00,7.2,10.53,275.39,3.82,54.83,2.49,1,Good
Surabaya,2026-01-25 01:00:00,7.77,11.49,298.22,3.8,58.94,2.75,1,Good
Surabaya,2026-01-25 02:00:00,8.79,12.56,323.76,3.56,67.58,2.86,2,Fair
Surabaya,2026-01-25 03:00:00,10.89,14.42,338.69,3.05,79.32,2.85,2,Fair
Surabaya,2026-01-25 04:00:00,10.88,13.8,313.85,2.89,81.38,2.73,2,Fair
Surabaya,2026-01-25 05:00:00,10.23,12.77,313.18,3.29,78.29,2.82,2,Fair
Surabaya,2026-01-25 06:00:00,10.87,13.12,316.67,3.49,79.02,2.92,2,Fair
Surabaya,2026-01-25 07:00:00,10.2,12.05,303.04,3.38,79.89,2.7,2,Fair
Surabaya,2026-01-25 08:00:00,9.6,11.18,293.08,3.35,80.46,2.58,2,Fair
Surabaya,2026-01-25 09:00:00,9.59,11.05,295.62,3.47,82.15,2.61,2,Fair
Surabaya,2026-01-25 10:00:00,9.44,10.85,300.32,3.69,82.74,2.55,2,Fair
Surabaya,2026-01-25 11:00:00,9.62,11.18,311.36,3.94,81.32,2.56,2,Fair
Surabaya,2026-01-25 12:00:00,9.63,11.4,315.1,3.86,79.22,2.5,2,Fair
Surabaya,2026-01-25 13:00:00,8.93,10.69,312.45,3.67,76.65,2.39,2,Fair
Surabaya,2026-01-25 14:00:00,7.95,9.69,313.93,3.62,74.49,2.23,2,Fair
Surabaya,2026-01-25 15:00:00,7.07,8.91,317.52,3.6,72.79,2.24,2,Fair
Surabaya,2026-01-25 16:00:00,8.13,10.97,361.09,4.77,68.1,2.56,2,Fair
Surabaya,2026-01-25 17:00:00,10.27,13.98,417.24,6.22,62.25,2.9,2,Fair
Surabaya,2026-01-25 18:00:00,12.02,15.92,448.08,6.97,57.97,3.0,2,Fair
Surabaya,2026-01-25 19:00:00,13.25,17.02,455.53,7.08,56.06,2.93,2,Fair
Surabaya,2026-01-25 20:00:00,14.1,17.74,449.09,6.84,55.7,2.85,2,Fair
Surabaya,2026-01-25 21:00:00,14.78,18.47,437.36,6.55,55.92,2.78,2,Fair
Surabaya,2026-01-25 22:00:00,14.97,18.81,425.65,6.33,56.36,2.71,2,Fair
Surabaya,2026-01-25 23:00:00,14.72,18.76,414.99,6.23,56.68,2.63,2,Fair
Surabaya,2026-01-26 00:00:00,14.78,19.47,421.24,6.61,57.35,2.78,2,Fair
Surabaya,2026-01-26 01:00:00,13.55,17.83,415.45,6.2,62.82,2.94,2,Fair
Surabaya,2026-01-26 02:00:00,13.94,17.68,417.67,5.43,72.59,2.93,2,Fair
Surabaya,2026-01-26 03:00:00,16.62,19.94,415.69,3.93,88.63,2.62,2,Fair
Surabaya,2026-01-26 04:00:00,15.36,17.77,370.12,2.02,98.18,1.67,2,Fair
Surabaya,2026-01-26 05:00:00,16.42,18.75,355.42,1.52,100.2,1.37,3,Moderate
Surabaya,2026-01-26 06:00:00,18.13,20.56,353.3,1.4,100.87,1.3,3,Moderate
Surabaya,2026-01-26 07:00:00,16.56,18.96,347.06,1.54,96.16,1.25,2,Fair
Surabaya,2026-01-26 08:00:00,12.52,14.56,331.45,1.67,89.91,1.14,2,Fair
Surabaya,2026-01-26 09:00:00,9.04,10.61,314.78,1.72,85.89,0.97,2,Fair
Surabaya,2026-01-26 10:00:00,6.89,8.03,299.29,1.63,82.81,0.79,2,Fair
Surabaya,2026-01-26 11:00:00,6.45,7.5,288.1,1.62,79.08,0.67,2,Fair
Surabaya,2026-01-26 12:00:00,6.25,7.34,276.88,1.6,74.45,0.59,2,Fair
Surabaya,2026-01-26 13:00:00,5.78,7.0,262.41,1.55,69.78,0.53,2,Fair
Surabaya,2026-01-26 14:00:00,5.37,6.74,251.01,1.49,66.9,0.49,2,Fair
Surabaya,2026-01-26 15:00:00,4.93,6.38,244.35,1.45,65.37,0.45,2,Fair
Surabaya,2026-01-26 16:00:00,4.89,6.39,245.0,1.5,64.95,0.45,2,Fair
Surabaya,2026-01-26 17:00:00,5.28,6.77,252.46,1.58,65.64,0.48,2,Fair
Surabaya,2026-01-26 18:00:00,6.2,7.72,265.2,1.67,66.79,0.53,2,Fair
Surabaya,2026-01-26 19:00:00,7.47,8.88,284.3,1.8,68.17,0.62,2,Fair
Surabaya,2026-01-26 20:00:00,8.73,10.11,303.43,1.95,69.32,0.72,2,Fair
Surabaya,2026-01-26 21:00:00,9.62,11.19,317.28,2.05,70.03,0.81,2,Fair
Surabaya,2026-01-26 22:00:00,12.71,15.25,367.15,3.13,67.57,1.09,2,Fair
Surabaya,2026-01-26 23:00:00,16.31,20.05,430.89,4.48,63.52,1.37,2,Fair
Surabaya,2026-01-27 00:00:00,18.59,23.61,488.34,5.71,60.61,1.65,2,Fair
Surabaya,2026-01-27 01:00:00,20.71,27.48,592.99,8.56,56.84,2.26,2,Fair
Surabaya,2026-01-27 02:00:00,22.21,30.84,714.87,11.78,54.05,3.0,2,Fair
Surabaya,2026-01-27 03:00:00,22.89,32.66,775.17,12.61,56.13,3.5,2,Fair
Surabaya,2026-01-27 04:00:00,22.49,32.91,759.91,11.51,62.42,3.63,2,Fair
Surabaya,2026-01-27 05:00:00,20.68,30.11,677.66,9.19,68.08,3.01,2,Fair
Surabaya,2026-01-27 06:00:00,17.84,24.68,561.6,6.56,72.39,2.28,2,Fair
Surabaya,2026-01-27 07:00:00,11.69,13.83,376.83,3.1,71.93,1.34,2,Fair
Surabaya,2026-01-27 08:00:00,9.63,10.89,364.07,3.19,69.2,1.09,2,Fair
Surabaya,2026-01-27 09:00:00,8.6,9.68,381.91,3.89,66.01,1.08,2,Fair
Surabaya,2026-01-27 10:00:00,7.62,8.65,401.03,4.54,63.1,1.09,2,Fair
Surabaya,2026-01-27 11:00:00,6.96,8.0,415.15,5.08,61.34,1.1,2,Fair
Surabaya,2026-01-27 12:00:00,6.76,7.89,428.23,5.51,60.04,1.1,2,Fair
Surabaya,2026-01-27 13:00:00,6.95,8.35,442.27,5.95,58.27,1.09,1,Good
Surabaya,2026-01-27 14:00:00,7.76,9.54,457.27,6.43,56.14,1.18,1,Good
Surabaya,2026-01-27 15:00:00,8.26,10.26,461.69,6.44,54.91,1.2,1,Good
Surabaya,2026-01-27 16:00:00,8.51,10.53,461.87,6.35,53.91,1.19,1,Good
Surabaya,2026-01-27 17:00:00,8.86,10.78,465.21,6.41,52.8,1.21,1,Good
Surabaya,2026-01-27 18:00:00,9.17,10.99,464.31,6.31,52.02,1.23,1,Good
Surabaya,2026-01-27 19:00:00,10.37,12.32,488.74,6.91,49.53,1.26,2,Fair
Surabaya,2026-01-27 20:00:00,12.43,14.69,528.97,8.03,45.43,1.31,2,Fair
Surabaya,2026-01-27 21:00:00,14.29,16.8,555.4,8.9,41.68,1.35,2,Fair
Surabaya,2026-01-27 22:00:00,15.51,18.03,568.21,9.55,38.51,1.46,2,Fair
Surabaya,2026-01-27 23:00:00,15.74,18.12,555.74,9.75,36.82,1.58,2,Fair
Surabaya,2026-01-28 00:00:00,15.7,18.26,542.19,10.02,37.06,1.8,2,Fair
Surabaya,2026-01-29 01:00:00,11.7,14.95,308.43,4.41,50.13,2.8,2,Fair
Surabaya,2026-01-29 02:00:00,12.94,16.43,310.61,3.95,59.56,3.04,2,Fair
Surabaya,2026-01-29 03:00:00,15.18,18.89,318.02,3.39,70.39,3.03,2,Fair
Surabaya,2026-01-29 04:00:00,12.82,15.56,279.67,2.19,74.29,2.13,2,Fair
Surabaya,2026-01-29 05:00:00,11.67,13.88,260.06,1.56,76.24,1.57,2,Fair
Surabaya,2026-01-29 06:00:00,14.27,16.52,270.81,1.44,82.45,1.5,2,Fair
Surabaya,2026-01-29 07:00:00,17.46,19.8,287.76,1.6,87.67,1.61,2,Fair
Surabaya,2026-01-29 08:00:00,19.2,21.46,304.2,1.96,89.91,1.7,2,Fair
Surabaya,2026-01-29 09:00:00,19.64,21.72,321.76,2.53,90.57,1.77,2,Fair
Surabaya,2026-01-29 10:00:00,21.74,24.18,370.84,4.12,89.62,2.01,2,Fair
Surabaya,2026-01-29 11:00:00,25.15,28.57,462.11,6.92,85.68,2.55,3,Moderate
Surabaya,2026-01-29 12:00:00,27.25,31.74,539.92,8.95,79.24,3.0,3,Moderate
Surabaya,2026-01-29 13:00:00,27.32,32.83,583.74,9.91,73.19,3.26,3,Moderate
Surabaya,2026-01-29 14:00:00,25.71,31.71,585.99,9.77,68.9,3.4,3,Moderate
Surabaya,2026-01-29 15:00:00,22.88,28.72,552.27,8.74,67.79,3.49,2,Fair
Surabaya,2026-01-29 16:00:00,14.38,18.19,400.95,5.4,70.73,2.97,2,Fair
Surabaya,2026-01-29 17:00:00,10.02,12.92,321.49,3.87,67.75,2.65,2,Fair
Surabaya,2026-01-29 18:00:00,8.93,11.77,288.59,3.25,63.2,2.69,2,Fair
Surabaya,2026-01-29 19:00:00,9.63,12.85,282.22,3.05,59.34,3.01,1,Good
Surabaya,2026-01-29 20:00:00,10.77,14.47,281.22,3.15,56.52,3.58,2,Fair
Surabaya,2026-01-29 21:00:00,10.95,14.85,269.65,3.19,54.72,3.97,2,Fair
Surabaya,2026-01-29 22:00:00,10.22,14.09,250.66,3.14,53.71,4.09,2,Fair
Surabaya,2026-01-29 23:00:00,9.71,13.59,239.57,3.29,52.7,4.1,1,Good
Surabaya,2026-01-30 00:00:00,9.74,13.87,245.41,3.43,53.04,4.1,1,Good
Surabaya,2026-01-30 01:00:00,10.22,14.69,267.96,3.65,55.94,4.08,2,Fair
Surabaya,2026-01-30 02:00:00,11.85,16.59,296.57,3.51,65.13,3.91,2,Fair
Surabaya,2026-01-30 03:00:00,17.49,22.61,322.45,2.81,82.19,3.7,2,Fair
Surabaya,2026-01-30 04:00:00,34.24,42.17,434.75,3.51,104.44,4.03,3,Moderate
Surabaya,2026-01-30 05:00:00,57.93,69.92,606.03,5.21,128.06,4.75,4,Poor
Surabaya,2026-01-30 06:00:00,76.27,90.82,738.23,6.75,144.22,5.48,5,Very Poor
Surabaya,2026-01-30 07:00:00,82.66,96.29,801.26,8.42,145.11,5.91,5,Very Poor
Surabaya,2026-01-30 08:00:00,78.11,88.85,776.29,9.21,133.44,5.54,5,Very Poor
Surabaya,2026-01-30 09:00:00,70.38,78.23,690.27,8.27,123.11,4.83,4,Poor
Surabaya,2026-01-30 10:00:00,57.25,61.24,474.19,3.72,118.77,3.46,4,Poor
Surabaya,2026-01-30 11:00:00,53.91,56.86,453.2,3.13,117.26,2.85,4,Poor
Surabaya,2026-01-30 12:00:00,53.01,55.46,462.82,2.83,117.56,2.36,4,Poor
Surabaya,2026-01-30 13:00:00,50.99,53.1,474.5,2.58,116.92,1.89,4,Poor
Surabaya,2026-01-30 14:00:00,49.45,51.4,492.53,2.48,117.17,1.62,3,Moderate
Surabaya,2026-01-30 15:00:00,48.91,50.83,514.89,2.53,117.41,1.49,3,Moderate
Surabaya,2026-01-30 16:00:00,49.85,51.95,548.32,2.95,116.13,1.54,3,Moderate
Surabaya,2026-01-30 17:00:00,51.22,53.36,584.18,3.42,113.76,1.59,4,Poor
Surabaya,2026-01-30 18:00:00,51.26,53.24,598.68,3.51,111.17,1.52,4,Poor
Surabaya,2026-01-30 19:00:00,51.63,53.7,619.5,3.8,107.89,1.45,4,Poor
Surabaya,2026-01-30 20:00:00,53.73,56.12,659.38,4.4,102.78,1.42,4,Poor
Surabaya,2026-01-30 21:00:00,56.54,59.2,707.69,4.98,97.46,1.39,4,Poor
Surabaya,2026-01-30 22:00:00,59.12,62.01,753.9,5.51,92.38,1.38,4,Poor
Surabaya,2026-01-30 23:00:00,59.28,62.28,770.46,5.65,88.92,1.42,4,Poor
Surabaya,2026-01-31 00:00:00,56.92,60.13,765.78,5.96,86.37,1.56,4,Poor
Surabaya,2026-01-31 01:00:00,45.39,47.89,662.57,4.5,88.45,1.37,3,Moderate
Surabaya,2026-01-31 02:00:00,41.05,43.59,622.19,3.76,92.2,1.36,3,Moderate
Surabaya,2026-01-31 03:00:00,40.68,43.36,590.49,2.8,102.67,1.36,3,Moderate
Surabaya,2026-01-31 04:00:00,41.52,44.2,558.26,2.19,113.56,1.3,3,Moderate
Surabaya,2026-01-31 05:00:00,40.72,43.43,533.67,2.3,115.26,1.25,3,Moderate
Surabaya,2026-01-31 06:00:00,38.78,41.48,526.91,2.83,112.69,1.26,3,Moderate
Surabaya,2026-01-31 07:00:00,35.12,37.29,519.17,3.37,107.64,1.35,3,Moderate
Surabaya,2026-01-31 08:00:00,34.23,35.89,508.32,3.4,105.76,1.38,3,Moderate
Surabaya,2026-01-31 09:00:00,36.93,38.26,503.78,3.21,107.05,1.37,3,Moderate
Surabaya,2026-01-31 10:00:00,40.69,41.85,506.15,3.04,108.23,1.37,3,Moderate
Surabaya,2026-01-31 11:00:00,43.89,45.13,523.88,3.15,108.64,1.43,3,Moderate
Surabaya,2026-01-31 12:00:00,45.35,46.77,539.49,3.16,108.37,1.48,3,Moderate
Surabaya,2026-01-31 13:00:00,45.03,46.69,545.01,3.04,107.73,1.41,3,Moderate
Surabaya,2026-01-31 14:00:00,42.6,44.42,534.1,2.88,104.48,1.31,3,Moderate
Surabaya,2026-01-31 15:00:00,37.17,39.02,500.92,2.73,97.35,1.15,3,Moderate
Surabaya,2026-01-31 16:00:00,28.97,30.53,448.47,2.61,84.74,0.99,3,Moderate
Surabaya,2026-01-31 17:00:00,20.53,21.56,380.96,2.34,70.49,0.73,2,Fair
Surabaya,2026-01-31 18:00:00,13.46,14.08,306.96,1.95,57.01,0.51,2,Fair
Surabaya,2026-01-31 19:00:00,8.92,9.34,250.78,1.66,46.68,0.38,1,Good
Surabaya,2026-01-31 20:00:00,7.46,7.82,229.52,1.63,41.78,0.36,1,Good
Surabaya,2026-01-31 21:00:00,7.77,8.12,235.36,1.75,40.53,0.36,1,Good
Surabaya,2026-01-31 22:00:00,8.64,8.99,254.47,1.96,40.64,0.37,1,Good
Surabaya,2026-01-31 23:00:00,9.53,9.92,280.47,2.22,40.75,0.37,1,Good
Surabaya,2026-02-01 00:00:00,10.24,10.81,311.23,2.6,40.52,0.4,2,Fair
Surabaya,2026-02-01 01:00:00,10.32,11.21,335.24,2.93,40.58,0.45,2,Fair
Surabaya,2026-02-01 02:00:00,9.92,11.08,346.08,2.89,42.3,0.49,1,Good
Surabaya,2026-02-01 03:00:00,9.38,10.71,337.85,2.39,46.04,0.49,1,Good
Surabaya,2026-02-01 04:00:00,8.04,9.34,282.47,1.52,49.24,0.42,1,Good
Surabaya,2026-02-01 05:00:00,5.51,6.55,211.64,1.06,45.58,0.33,1,Good
Surabaya,2026-02-01 06:00:00,3.91,4.72,173.56,0.83,42.15,0.28,1,Good
Surabaya,2026-02-01 07:00:00,2.81,3.39,148.76,0.74,38.63,0.23,1,Good
Surabaya,2026-02-01 08:00:00,1.85,2.3,131.13,0.67,35.14,0.19,1,Good
Surabaya,2026-02-01 09:00:00,1.29,1.69,122.43,0.68,32.77,0.18,1,Good
Surabaya,2026-02-01 10:00:00,0.89,1.25,116.71,0.76,30.42,0.18,1,Good
Surabaya,2026-02-01 11:00:00,0.67,1.05,112.9,0.84,28.2,0.19,1,Good
Surabaya,2026-02-01 12:00:00,0.58,1.03,108.55,0.83,26.42,0.19,1,Good
Surabaya,2026-02-01 13:00:00,0.56,1.16,105.24,0.78,25.21,0.19,1,Good
Surabaya,2026-02-01 14:00:00,0.54,1.24,102.71,0.72,24.61,0.18,1,Good
Surabaya,2026-02-01 15:00:00,0.53,1.27,102.3,0.68,24.24,0.18,1,Good
Surabaya,2026-02-01 16:00:00,0.53,1.17,103.42,0.66,23.8,0.16,1,Good
Surabaya,2026-02-01 17:00:00,0.57,1.03,104.22,0.66,23.3,0.16,1,Good
Surabaya,2026-02-01 18:00:00,0.65,1.05,105.83,0.68,22.56,0.16,1,Good
Surabaya,2026-02-01 19:00:00,0.91,1.34,116.23,0.9,21.56,0.21,1,Good
Surabaya,2026-02-01 20:00:00,1.43,1.93,137.87,1.34,20.57,0.28,1,Good
Surabaya,2026-02-01 21:00:00,2.0,2.57,158.25,1.78,19.8,0.35,1,Good
Surabaya,2026-02-01 22:00:00,2.45,3.07,172.68,2.13,19.18,0.39,1,Good
Surabaya,2026-02-01 23:00:00,2.83,3.54,184.84,2.42,18.84,0.44,1,Good
Surabaya,2026-02-02 00:00:00,3.35,4.42,203.37,2.51,19.23,0.55,1,Good
Surabaya,2026-02-02 01:00:00,5.13,8.41,294.85,3.81,20.11,1.09,1,Good
Surabaya,2026-02-02 02:00:00,8.21,14.82,444.47,6.74,22.68,1.87,1,Good
Surabaya,2026-02-02 03:00:00,11.27,20.15,540.62,8.75,29.75,2.36,2,Fair
Surabaya,2026-02-02 04:00:00,14.72,24.93,569.2,8.23,46.76,2.58,2,Fair
Surabaya,2026-02-02 05:00:00,15.56,24.5,499.03,6.12,58.88,2.06,2,Fair
Surabaya,2026-02-02 06:00:00,12.15,17.89,371.19,3.68,58.36,1.36,2,Fair
Surabaya,2026-02-02 07:00:00,4.62,5.79,182.86,0.8,43.35,0.43,1,Good
Surabaya,2026-02-02 08:00:00,3.19,3.93,164.47,0.7,39.3,0.33,1,Good
Surabaya,2026-02-02 09:00:00,3.01,3.78,169.2,0.94,38.06,0.39,1,Good
Surabaya,2026-02-02 10:00:00,2.91,3.73,175.12,1.26,36.4,0.44,1,Good
Surabaya,2026-02-02 11:00:00,2.84,3.7,176.43,1.48,34.87,0.46,1,Good
Surabaya,2026-02-02 12:00:00,2.57,3.48,169.32,1.44,32.55,0.43,1,Good
Surabaya,2026-02-02 13:00:00,2.3,3.36,163.73,1.42,29.43,0.42,1,Good
Surabaya,2026-02-02 14:00:00,2.35,3.58,168.13,1.58,26.79,0.46,1,Good
Surabaya,2026-02-02 15:00:00,2.62,4.03,178.36,1.79,24.84,0.52,1,Good
Surabaya,2026-02-02 16:00:00,2.94,4.27,188.08,1.95,23.56,0.54,1,Good
Surabaya,2026-02-02 17:00:00,2.93,3.94,186.67,1.89,22.9,0.47,1,Good
Surabaya,2026-02-02 18:00:00,2.77,3.53,179.94,1.74,22.46,0.39,1,Good
Surabaya,2026-02-02 19:00:00,2.62,3.2,171.48,1.58,22.58,0.35,1,Good
Surabaya,2026-02-02 20:00:00,3.0,3.51,175.1,1.62,23.42,0.36,1,Good
Surabaya,2026-02-02 21:00:00,3.72,4.22,186.66,1.78,24.49,0.4,1,Good
Surabaya,2026-02-02 22:00:00,3.89,4.37,188.22,1.76,24.77,0.39,1,Good
Surabaya,2026-02-02 23:00:00,3.79,4.29,187.73,1.72,24.37,0.37,1,Good
Surabaya,2026-02-03 00:00:00,3.91,4.6,197.31,1.87,24.04,0.41,1,Good
Surabaya,2026-02-03 01:00:00,4.97,6.42,241.04,2.5,25.37,0.63,1,Good
Surabaya,2026-02-03 02:00:00,7.59,10.33,317.02,3.04,33.63,0.97,1,Good
Surabaya,2026-02-03 03:00:00,11.83,15.52,358.35,2.72,51.04,1.12,2,Fair
Surabaya,2026-02-03 04:00:00,15.8,19.54,349.55,1.99,64.52,1.06,2,Fair
Surabaya,2026-02-03 05:00:00,13.37,16.25,282.3,1.41,59.59,0.81,2,Fair
Surabaya,2026-02-03 06:00:00,8.43,10.48,217.1,1.03,48.78,0.6,1,Good
Surabaya,2026-02-03 07:00:00,4.42,5.86,171.78,0.87,38.5,0.45,1,Good
Surabaya,2026-02-03 08:00:00,2.45,3.54,151.15,0.86,31.94,0.37,1,Good
Surabaya,2026-02-03 09:00:00,1.61,2.43,138.96,0.86,27.41,0.31,1,Good
Surabaya,2026-02-03 10:00:00,1.17,1.78,131.75,0.93,24.05,0.26,1,Good
Surabaya,2026-02-03 11:00:00,1.11,1.76,136.36,1.17,22.08,0.29,1,Good
Surabaya,2026-02-03 12:00:00,1.2,2.02,140.46,1.29,21.13,0.31,1,Good
Surabaya,2026-02-03 13:00:00,1.29,2.29,141.82,1.34,20.15,0.32,1,Good
Surabaya,2026-02-03 14:00:00,1.34,2.45,143.07,1.37,19.49,0.32,1,Good
Surabaya,2026-02-03 15:00:00,1.35,2.57,143.8,1.38,18.89,0.33,1,Good
Surabaya,2026-02-03 16:00:00,1.35,2.56,145.45,1.44,18.27,0.33,1,Good
Surabaya,2026-02-03 17:00:00,1.32,2.31,145.37,1.49,17.8,0.31,1,Good
Surabaya,2026-02-03 18:00:00,1.24,2.02,141.57,1.42,17.51,0.27,1,Good
Surabaya,2026-02-03 19:00:00,1.15,1.8,135.08,1.29,17.44,0.24,1,Good
Surabaya,2026-02-03 20:00:00,1.09,1.66,130.18,1.17,17.53,0.21,1,Good
Surabaya,2026-02-03 21:00:00,1.07,1.63,128.74,1.08,17.75,0.19,1,Good
Surabaya,2026-02-03 22:00:00,1.12,1.71,128.13,1.06,18.19,0.19,1,Good
Surabaya,2026-02-03 23:00:00,1.24,1.95,132.86,1.15,18.47,0.21,1,Good
Surabaya,2026-02-04 00:00:00,1.46,2.48,144.74,1.14,18.97,0.3,1,Good
Surabaya,2026-02-04 01:00:00,1.97,3.79,174.73,1.38,20.93,0.52,1,Good
Surabaya,2026-02-04 02:00:00,3.11,6.13,222.41,2.14,25.58,0.85,1,Good
Surabaya,2026-02-04 03:00:00,0.0,0.0,254.58,2.56,32.53,1.04,1,Good
Surabaya,2026-02-04 04:00:00,5.7,9.45,258.97,2.28,39.25,1.02,1,Good
Surabaya,2026-02-04 05:00:00,6.2,9.01,220.96,1.5,42.5,0.81,1,Good
Surabaya,2026-02-04 06:00:00,5.74,7.55,174.05,0.91,40.9,0.58,1,Good
Surabaya,2026-02-04 07:00:00,4.76,5.81,140.47,0.6,37.31,0.39,1,Good
Surabaya,2026-02-04 08:00:00,4.8,5.8,140.68,0.77,36.81,0.4,1,Good
Surabaya,2026-02-04 09:00:00,4.69,5.72,147.23,1.1,35.85,0.44,1,Good
Surabaya,2026-02-04 10:00:00,0.0,0.0,155.36,1.57,33.86,0.49,1,Good
Surabaya,2026-02-04 11:00:00,4.05,5.17,164.55,1.92,32.2,0.54,1,Good
Surabaya,2026-02-04 12:00:00,4.2,5.53,179.05,2.09,31.33,0.63,1,Good
Surabaya,2026-02-04 13:00:00,5.59,7.84,229.59,2.97,30.45,0.9,1,Good
Surabaya,2026-02-04 14:00:00,7.95,11.47,303.49,4.26,29.56,1.25,1,Good
Surabaya,2026-02-04 15:00:00,10.73,15.41,373.77,5.38,29.35,1.53,2,Fair
Surabaya,2026-02-04 16:00:00,14.37,20.33,454.68,6.79,29.14,1.83,2,Fair
Surabaya,2026-02-04 17:00:00,18.59,25.34,536.63,8.27,28.98,2.0,2,Fair
Surabaya,2026-02-04 18:00:00,22.91,29.98,603.75,9.3,29.38,2.04,2,Fair
Surabaya,2026-02-04 19:00:00,26.6,33.72,644.17,9.74,30.18,1.97,3,Moderate
Surabaya,2026-02-04 20:00:00,29.33,36.48,665.28,9.71,30.86,1.87,3,Moderate
Surabaya,2026-02-04 21:00:00,31.62,38.8,673.64,9.55,31.19,1.79,3,Moderate
Surabaya,2026-02-04 22:00:00,32.96,40.2,675.6,9.35,31.07,1.74,3,Moderate
Surabaya,2026-02-04 23:00:00,32.4,39.76,666.94,9.19,30.5,1.76,3,Moderate
Surabaya,2026-02-05 00:00:00,31.94,40.24,675.27,9.35,30.26,2.02,3,Moderate
Surabaya,2026-02-05 01:00:00,31.95,40.99,723.07,10.31,31.81,2.45,3,Moderate
Surabaya,2026-02-05 02:00:00,30.46,38.88,733.85,10.37,36.48,2.61,3,Moderate
Surabaya,2026-02-05 03:00:00,26.8,33.51,658.08,8.45,44.75,2.33,3,Moderate
Surabaya,2026-02-05 04:00:00,14.41,16.69,373.85,4.38,41.52,1.29,2,Fair
Surabaya,2026-02-05 05:00:00,10.09,11.32,289.53,3.18,35.31,0.87,2,Fair
Surabaya,2026-02-05 06:00:00,8.6,9.48,265.78,2.77,33.38,0.7,1,Good
Surabaya,2026-02-05 07:00:00,8.92,9.75,282.06,2.91,34.84,0.69,1,Good
Surabaya,2026-02-05 08:00:00,8.34,9.2,294.7,3.05,36.09,0.68,1,Good
Surabaya,2026-02-05 09:00:00,6.45,7.33,286.3,2.95,35.41,0.63,1,Good
Surabaya,2026-02-05 10:00:00,4.67,5.54,269.61,2.88,33.4,0.59,1,Good
Surabaya,2026-02-05 11:00:00,3.44,4.28,248.82,2.75,30.73,0.53,1,Good
Surabaya,2026-02-05 12:00:00,2.77,3.63,229.05,2.59,27.99,0.48,1,Good
Surabaya,2026-02-05 13:00:00,1.85,2.63,190.19,1.93,25.02,0.34,1,Good
Surabaya,2026-02-05 14:00:00,1.63,2.48,179.27,1.8,23.0,0.3,1,Good
Surabaya,2026-02-05 15:00:00,2.07,3.09,200.62,2.19,22.35,0.36,1,Good
Surabaya,2026-02-05 16:00:00,4.98,7.8,322.01,5.04,20.15,0.81,1,Good
Surabaya,2026-02-05 17:00:00,8.73,13.29,455.56,8.38,17.25,1.2,1,Good
Surabaya,2026-02-05 18:00:00,11.54,16.87,538.29,10.31,15.27,1.32,2,Fair
Surabaya,2026-02-05 19:00:00,13.1,18.58,568.06,10.8,14.42,1.29,2,Fair
Surabaya,2026-02-05 20:00:00,13.02,18.05,544.86,9.93,15.05,1.16,2,Fair
Surabaya,2026-02-05 21:00:00,11.8,16.04,496.2,8.46,16.59,1.02,2,Fair
Surabaya,2026-02-05 22:00:00,9.16,12.24,416.68,6.52,19.37,0.89,1,Good
Surabaya,2026-02-05 23:00:00,10.0,13.4,432.49,6.9,18.97,0.93,1,Good
Surabaya,2026-02-06 00:00:00,12.35,17.25,500.22,7.51,19.3,1.24,2,Fair
Surabaya,2026-02-06 01:00:00,15.92,22.59,611.76,8.07,25.12,1.77,2,Fair
Surabaya,2026-02-06 02:00:00,19.35,26.55,669.43,8.56,40.5,2.05,2,Fair
Surabaya,2026-02-06 03:00:00,23.73,30.15,621.49,6.18,68.17,1.9,2,Fair
Surabaya,2026-02-06 04:00:00,24.65,29.33,486.9,3.17,83.15,1.51,2,Fair
Surabaya,2026-02-06 05:00:00,22.46,26.28,423.41,2.49,78.35,1.32,2,Fair
Surabaya,2026-02-06 06:00:00,22.31,25.78,416.72,2.47,75.58,1.33,2,Fair
Surabaya,2026-02-06 07:00:00,21.72,24.23,423.98,2.98,71.51,1.34,2,Fair
Surabaya,2026-02-06 08:00:00,18.81,20.7,426.29,3.63,62.77,1.27,2,Fair
Surabaya,2026-02-06 09:00:00,14.97,16.63,424.4,4.17,53.13,1.27,2,Fair
Surabaya,2026-02-06 10:00:00,9.59,10.72,379.55,3.74,43.93,1.05,1,Good
Surabaya,2026-02-06 11:00:00,6.66,7.59,352.62,3.58,38.68,0.95,1,Good
Surabaya,2026-02-06 12:00:00,5.67,6.59,342.49,3.45,37.15,0.87,1,Good
Surabaya,2026-02-06 13:00:00,6.23,7.44,357.62,3.76,37.3,0.91,1,Good
Surabaya,2026-02-06 14:00:00,8.23,9.83,407.59,4.64,39.49,1.07,1,Good
Surabaya,2026-02-06 15:00:00,10.27,12.12,454.49,5.22,42.47,1.15,2,Fair
Surabaya,2026-02-06 16:00:00,13.9,16.96,541.44,6.79,43.17,1.4,2,Fair
Surabaya,2026-02-06 17:00:00,18.8,23.18,653.58,8.71,42.15,1.66,2,Fair
Surabaya,2026-02-06 18:00:00,23.26,28.21,738.24,9.75,41.02,1.71,2,Fair
Surabaya,2026-02-06 19:00:00,26.1,31.06,778.48,9.72,39.78,1.61,3,Moderate
Surabaya,2026-02-06 20:00:00,26.64,31.17,770.05,8.96,38.31,1.43,3,Moderate
Surabaya,2026-02-06 21:00:00,26.11,30.19,742.59,8.15,36.16,1.26,3,Moderate
Surabaya,2026-02-06 22:00:00,24.94,28.36,708.88,7.52,34.01,1.11,2,Fair
Surabaya,2026-02-06 23:00:00,22.31,25.1,656.22,6.91,32.21,1.04,2,Fair
Surabaya,2026-02-07 00:00:00,18.27,20.89,580.22,6.37,30.4,1.11,2,Fair
Surabaya,2026-02-07 01:00:00,10.17,12.09,416.77,4.43,29.01,1.0,2,Fair
Surabaya,2026-02-07 02:00:00,8.39,10.35,372.55,3.82,30.64,1.02,1,Good
Surabaya,2026-02-07 03:00:00,8.7,10.7,355.9,3.24,37.0,1.01,1,Good
Surabaya,2026-02-07 04:00:00,9.39,11.11,356.6,3.39,40.46,0.97,1,Good
Surabaya,2026-02-07 05:00:00,10.52,12.18,393.54,4.38,39.01,1.06,2,Fair
Surabaya,2026-02-07 06:00:00,12.18,13.85,448.4,5.77,38.46,1.19,2,Fair
Surabaya,2026-02-07 07:00:00,13.63,15.24,503.08,7.19,38.0,1.34,2,Fair
Surabaya,2026-02-07 08:00:00,14.8,16.29,542.79,8.29,37.76,1.5,2,Fair
Surabaya,2026-02-07 09:00:00,15.23,16.59,553.02,8.88,36.72,1.65,2,Fair
Surabaya,2026-02-07 10:00:00,13.23,14.32,508.92,7.85,37.97,1.46,2,Fair
Surabaya,2026-02-07 11:00:00,10.34,11.32,459.85,7.1,35.51,1.27,2,Fair
Surabaya,2026-02-07 12:00:00,8.07,9.08,418.07,6.33,32.16,1.11,1,Good
Surabaya,2026-02-07 13:00:00,6.81,8.0,393.1,5.88,29.7,1.03,1,Good
Surabaya,2026-02-07 14:00:00,6.43,7.8,392.36,5.93,28.53,1.03,1,Good
Surabaya,2026-02-07 15:00:00,6.29,7.74,404.28,6.08,28.22,1.01,1,Good
Surabaya,2026-02-07 16:00:00,8.73,11.04,474.16,8.32,25.18,1.29,1,Good
Surabaya,2026-02-07 17:00:00,12.64,15.89,570.31,11.6,20.37,1.58,2,Fair
Surabaya,2026-02-07 18:00:00,15.66,19.24,635.85,13.94,16.07,1.67,2,Fair
Surabaya,2026-02-07 19:00:00,17.2,20.74,657.11,14.86,13.27,1.68,2,Fair
Surabaya,2026-02-07 20:00:00,17.53,20.86,642.53,14.49,12.31,1.67,2,Fair
Surabaya,2026-02-07 21:00:00,17.62,20.72,613.14,13.65,12.6,1.74,2,Fair
Surabaya,2026-02-07 22:00:00,16.11,18.27,556.12,11.81,14.42,1.79,2,Fair
Surabaya,2026-02-07 23:00:00,14.8,16.42,504.28,10.29,16.76,1.82,2,Fair
Surabaya,2026-02-08 00:00:00,14.35,16.17,477.81,9.36,19.2,1.97,2,Fair
Surabaya,2026-02-08 01:00:00,15.02,17.55,477.18,7.99,25.73,2.32,2,Fair
Surabaya,2026-02-08 02:00:00,16.21,19.39,479.12,7.57,34.3,2.66,2,Fair
Surabaya,2026-02-08 03:00:00,17.89,21.37,472.65,6.52,46.93,2.69,2,Fair
Surabaya,2026-02-08 04:00:00,21.6,25.45,480.11,5.35,63.12,2.51,2,Fair
Surabaya,2026-02-08 05:00:00,29.05,33.51,515.05,4.69,81.88,2.48,3,Moderate
Surabaya,2026-02-08 06:00:00,37.36,42.23,558.26,4.52,97.67,2.59,3,Moderate
Surabaya,2026-02-08 07:00:00,41.04,45.69,596.23,5.71,99.07,2.76,3,Moderate
Surabaya,2026-02-08 08:00:00,37.97,41.98,614.5,7.48,84.72,2.86,3,Moderate
Surabaya,2026-02-08 09:00:00,32.29,35.57,605.52,8.77,69.38,2.79,3,Moderate
Surabaya,2026-02-08 10:00:00,22.97,24.71,494.87,7.27,60.24,2.0,2,Fair
Surabaya,2026-02-08 11:00:00,17.67,19.14,447.78,6.73,54.64,1.64,2,Fair
Surabaya,2026-02-08 12:00:00,14.37,15.92,417.51,6.28,49.82,1.46,2,Fair
Surabaya,2026-02-08 13:00:00,14.69,17.99,477.99,8.21,42.85,1.7,2,Fair
Surabaya,2026-02-08 14:00:00,17.19,23.0,583.01,11.14,35.31,1.99,2,Fair
Surabaya,2026-02-08 15:00:00,19.5,27.24,666.03,13.19,29.56,2.09,2,Fair
Surabaya,2026-02-08 16:00:00,21.73,30.57,731.91,14.77,24.93,2.1,2,Fair
Surabaya,2026-02-08 17:00:00,24.06,32.84,793.21,16.18,20.74,2.05,2,Fair
Surabaya,2026-02-08 18:00:00,26.25,34.49,835.47,17.37,16.77,1.99,3,Moderate
Surabaya,2026-02-08 19:00:00,26.14,33.01,799.4,17.21,14.05,1.92,3,Moderate
Surabaya,2026-02-08 20:00:00,25.59,31.41,744.25,16.88,11.89,1.87,3,Moderate
Surabaya,2026-02-08 21:00:00,25.86,31.2,699.68,16.77,10.05,1.93,3,Moderate
Surabaya,2026-02-08 22:00:00,26.76,31.9,667.86,16.66,9.12,2.04,3,Moderate
Surabaya,2026-02-08 23:00:00,27.8,32.95,648.77,16.44,9.03,2.15,3,Moderate
Surabaya,2026-02-09 00:00:00,28.49,33.95,633.91,15.51,11.26,2.42,3,Moderate
Surabaya,2026-02-09 01:00:00,25.96,30.27,567.97,12.85,19.57,2.72,3,Moderate
Surabaya,2026-02-09 02:00:00,25.12,29.04,558.74,12.1,26.66,2.8,3,Moderate
Surabaya,2026-02-09 03:00:00,24.4,28.23,557.95,11.16,35.42,2.64,2,Fair
Surabaya,2026-02-09 04:00:00,21.53,24.75,513.25,9.21,44.62,2.11,2,Fair
Surabaya,2026-02-09 05:00:00,20.99,23.83,491.98,8.15,50.01,1.8,2,Fair
Surabaya,2026-02-09 06:00:00,21.16,23.78,480.19,7.47,52.46,1.64,2,Fair
Surabaya,2026-02-09 07:00:00,20.99,23.41,451.75,6.31,55.38,1.49,2,Fair
Surabaya,2026-02-09 08:00:00,22.57,25.01,443.41,5.7,59.44,1.49,2,Fair
Surabaya,2026-02-09 09:00:00,24.93,27.54,452.93,5.68,63.5,1.58,2,Fair
Surabaya,2026-02-09 10:00:00,27.22,30.27,473.13,6.11,66.24,1.74,3,Moderate
Surabaya,2026-02-09 11:00:00,30.27,34.1,509.31,6.94,66.75,2.07,3,Moderate
Surabaya,2026-02-09 12:00:00,33.22,37.92,547.66,7.68,65.22,2.4,3,Moderate
Surabaya,2026-02-09 13:00:00,33.81,38.46,575.88,8.26,61.02,2.58,3,Moderate
Surabaya,2026-02-09 14:00:00,32.91,36.9,581.27,8.03,57.98,2.36,3,Moderate
Surabaya,2026-02-09 15:00:00,30.97,34.31,569.74,7.23,55.6,1.98,3,Moderate
Surabaya,2026-02-09 16:00:00,26.91,29.47,541.82,6.16,52.26,1.51,3,Moderate
Surabaya,2026-02-09 17:00:00,21.3,22.96,503.91,5.11,48.42,1.04,2,Fair
Surabaya,2026-02-09 18:00:00,15.25,16.26,461.71,4.32,43.78,0.68,2,Fair
Surabaya,2026-02-09 19:00:00,9.89,10.56,418.22,3.87,38.33,0.47,1,Good
Surabaya,2026-02-09 20:00:00,6.68,7.26,385.18,3.8,33.42,0.39,1,Good
Surabaya,2026-02-09 21:00:00,4.99,5.53,359.59,3.78,29.55,0.36,1,Good
Surabaya,2026-02-09 22:00:00,3.92,4.44,338.35,3.72,26.99,0.33,1,Good
Surabaya,2026-02-09 23:00:00,3.13,3.68,319.31,3.61,25.29,0.3,1,Good
Surabaya,2026-02-10 00:00:00,2.66,3.39,308.76,3.58,24.38,0.31,1,Good
Surabaya,2026-02-10 01:00:00,2.19,3.03,281.11,3.07,25.0,0.33,1,Good
Surabaya,2026-02-10 02:00:00,2.2,3.18,272.45,3.03,25.67,0.38,1,Good
Surabaya,2026-02-10 03:00:00,2.45,3.55,271.23,3.05,26.68,0.41,1,Good
Surabaya,2026-02-10 04:00:00,2.81,3.91,266.73,2.93,28.35,0.41,1,Good
Surabaya,2026-02-10 05:00:00,2.87,3.87,248.41,2.57,29.67,0.39,1,Good
Surabaya,2026-02-10 06:00:00,2.54,3.41,222.22,2.01,30.31,0.36,1,Good
Surabaya,2026-02-10 07:00:00,2.33,3.19,194.57,1.28,32.54,0.34,1,Good
Surabaya,2026-02-10 08:00:00,1.82,2.64,173.88,1.1,31.16,0.31,1,Good
Surabaya,2026-02-10 09:00:00,1.36,2.12,164.8,1.07,28.55,0.28,1,Good
Surabaya,2026-02-10 10:00:00,1.25,1.98,169.6,1.28,26.86,0.29,1,Good
Surabaya,2026-02-10 11:00:00,1.46,2.31,184.09,1.66,26.11,0.35,1,Good
Surabaya,2026-02-10 12:00:00,1.75,2.81,195.97,1.88,26.43,0.39,1,Good
Surabaya,2026-02-10 13:00:00,1.99,3.22,204.2,2.04,26.81,0.42,1,Good
Surabaya,2026-02-10 14:00:00,2.12,3.45,209.82,2.13,27.02,0.42,1,Good
Surabaya,2026-02-10 15:00:00,2.14,3.53,211.21,2.14,26.84,0.41,1,Good
Surabaya,2026-02-10 16:00:00,2.0,3.33,206.54,2.04,26.05,0.39,1,Good
Surabaya,2026-02-10 17:00:00,1.65,2.65,194.75,1.79,25.02,0.32,1,Good
Surabaya,2026-02-10 18:00:00,1.29,2.02,179.26,1.5,23.64,0.25,1,Good
Surabaya,2026-02-10 19:00:00,0.98,1.49,165.93,1.26,22.15,0.19,1,Good
Surabaya,2026-02-10 20:00:00,0.77,1.19,155.83,1.1,20.56,0.16,1,Good
Surabaya,2026-02-10 21:00:00,0.68,1.05,148.9,0.94,19.25,0.15,1,Good
Surabaya,2026-02-10 22:00:00,0.63,1.0,142.54,0.82,18.22,0.15,1,Good
Surabaya,2026-02-10 23:00:00,0.74,1.19,143.62,0.92,17.43,0.18,1,Good
Surabaya,2026-02-11 00:00:00,0.96,1.71,153.18,1.22,16.81,0.26,1,Good
Surabaya,2026-02-11 01:00:00,1.29,2.49,174.92,1.82,16.13,0.42,1,Good
Surabaya,2026-02-11 02:00:00,1.74,3.41,201.94,2.37,16.19,0.59,1,Good
Surabaya,2026-02-11 03:00:00,2.29,4.3,222.6,2.47,18.23,0.68,1,Good
Surabaya,2026-02-11 04:00:00,4.02,7.45,284.97,3.45,23.55,1.0,1,Good
Surabaya,2026-02-11 05:00:00,7.21,12.35,378.8,5.09,32.76,1.45,1,Good
Surabaya,2026-02-11 06:00:00,10.86,16.86,454.44,6.2,44.16,1.79,2,Fair
Surabaya,2026-02-11 07:00:00,13.75,20.04,494.04,6.58,53.16,1.94,2,Fair
Surabaya,2026-02-11 08:00:00,13.67,19.34,473.48,6.48,52.54,1.75,2,Fair
Surabaya,2026-02-11 09:00:00,10.87,15.14,396.08,5.57,46.16,1.37,2,Fair
Surabaya,2026-02-11 10:00:00,6.55,8.56,258.24,3.07,39.53,0.78,1,Good
Surabaya,2026-02-11 11:00:00,5.85,7.95,266.76,3.63,34.98,0.86,1,Good
Surabaya,2026-02-11 12:00:00,5.98,8.56,298.61,4.28,30.86,1.02,1,Good
Surabaya,2026-02-11 13:00:00,6.85,10.37,345.63,5.12,26.75,1.25,1,Good
Surabaya,2026-02-11 14:00:00,7.87,12.43,387.08,6.02,23.63,1.42,1,Good
Surabaya,2026-02-11 15:00:00,8.54,13.84,411.57,6.58,21.25,1.46,1,Good
Surabaya,2026-02-11 16:00:00,8.61,14.0,415.77,6.78,19.43,1.39,1,Good
Surabaya,2026-02-11 17:00:00,7.85,12.37,393.32,6.42,18.29,1.17,1,Good
Surabaya,2026-02-11 18:00:00,6.7,10.15,354.99,5.7,17.71,0.92,1,Good
Surabaya,2026-02-11 19:00:00,3.8,5.12,247.94,3.47,19.13,0.51,1,Good
Surabaya,2026-02-11 20:00:00,3.03,3.77,216.2,2.96,19.19,0.4,1,Good
Surabaya,2026-02-11 21:00:00,2.7,3.24,194.51,2.69,19.59,0.35,1,Good
Surabaya,2026-02-11 22:00:00,2.46,2.95,175.48,2.5,20.28,0.33,1,Good
Surabaya,2026-02-11 23:00:00,2.41,2.97,165.45,2.51,20.91,0.34,1,Good
Surabaya,2026-02-12 00:00:00,2.67,3.55,172.4,2.91,21.09,0.42,1,Good
Surabaya,2026-02-12 01:00:00,3.14,4.41,197.22,3.72,20.73,0.56,1,Good
Surabaya,2026-02-12 02:00:00,3.75,5.23,223.4,4.29,20.7,0.66,1,Good
Surabaya,2026-02-12 03:00:00,4.51,6.06,242.64,4.36,22.15,0.7,1,Good
Surabaya,2026-02-12 04:00:00,5.57,7.02,258.72,4.47,24.5,0.7,1,Good
Surabaya,2026-02-12 05:00:00,6.72,7.97,276.42,4.6,27.07,0.69,1,Good
Surabaya,2026-02-12 06:00:00,7.9,8.95,291.98,4.64,31.28,0.64,1,Good
Surabaya,2026-02-12 07:00:00,8.84,9.74,294.93,4.34,36.9,0.56,1,Good
Surabaya,2026-02-12 08:00:00,8.87,9.72,275.84,3.76,40.95,0.49,1,Good
Surabaya,2026-02-12 09:00:00,7.44,8.24,243.09,3.15,41.49,0.43,1,Good
Surabaya,2026-02-12 10:00:00,5.13,5.89,210.14,2.79,39.16,0.4,1,Good
Surabaya,2026-02-12 11:00:00,3.43,4.22,183.72,2.71,35.41,0.42,1,Good
Surabaya,2026-02-12 12:00:00,2.29,3.21,159.81,2.47,31.98,0.4,1,Good
Surabaya,2026-02-12 13:00:00,1.7,2.72,141.48,2.18,29.3,0.38,1,Good
Surabaya,2026-02-12 14:00:00,1.42,2.42,130.41,1.92,28.06,0.34,1,Good
Surabaya,2026-02-12 15:00:00,1.29,2.24,125.17,1.76,27.39,0.31,1,Good
Surabaya,2026-02-12 16:00:00,1.2,2.02,122.77,1.68,26.82,0.27,1,Good
Surabaya,2026-02-12 17:00:00,1.14,1.74,121.11,1.62,26.18,0.23,1,Good
Surabaya,2026-02-12 18:00:00,1.11,1.58,119.71,1.49,25.6,0.2,1,Good
Surabaya,2026-02-12 19:00:00,1.11,1.5,120.46,1.34,25.02,0.18,1,Good
Surabaya,2026-02-12 20:00:00,1.26,1.64,125.2,1.36,24.45,0.2,1,Good
Surabaya,2026-02-12 21:00:00,1.5,1.89,133.38,1.49,23.7,0.23,1,Good
Surabaya,2026-02-12 22:00:00,1.81,2.2,144.46,1.74,22.62,0.28,1,Good
Surabaya,2026-02-12 23:00:00,2.11,2.55,157.65,2.08,21.25,0.32,1,Good
Surabaya,2026-02-13 00:00:00,2.44,3.12,178.76,2.59,19.55,0.4,1,Good
Surabaya,2026-02-13 01:00:00,2.77,3.82,207.13,2.88,18.74,0.53,1,Good
Surabaya,2026-02-13 02:00:00,3.06,4.44,229.49,2.91,20.01,0.63,1,Good
Surabaya,2026-02-13 03:00:00,3.66,5.3,242.31,2.79,24.66,0.67,1,Good
Surabaya,2026-02-13 04:00:00,4.7,6.38,256.26,3.03,29.77,0.71,1,Good
Surabaya,2026-02-13 05:00:00,5.94,7.55,270.31,3.02,34.15,0.75,1,Good
Surabaya,2026-02-13 06:00:00,7.3,8.85,281.72,2.99,38.41,0.8,1,Good
Surabaya,2026-02-13 07:00:00,7.68,9.03,283.82,2.94,40.09,0.79,1,Good
Surabaya,2026-02-13 08:00:00,6.72,7.85,270.3,2.73,38.2,0.73,1,Good
Surabaya,2026-02-13 09:00:00,5.75,6.71,260.98,2.62,35.86,0.69,1,Good
Surabaya,2026-02-13 10:00:00,5.11,6.0,260.14,2.7,34.19,0.69,1,Good
Surabaya,2026-02-13 11:00:00,4.65,5.64,267.8,2.96,32.65,0.73,1,Good
Surabaya,2026-02-13 12:00:00,3.97,5.1,263.87,2.87,31.21,0.7,1,Good
Surabaya,2026-02-13 13:00:00,3.3,4.55,249.85,2.53,30.0,0.62,1,Good
Surabaya,2026-02-13 14:00:00,2.72,3.96,233.13,2.08,29.23,0.52,1,Good
Surabaya,2026-02-13 15:00:00,2.46,3.68,221.68,1.78,28.85,0.45,1,Good
Surabaya,2026-02-13 16:00:00,2.54,3.58,218.07,1.65,28.98,0.4,1,Good
Surabaya,2026-02-13 17:00:00,2.91,3.72,222.84,1.74,29.38,0.37,1,Good
Surabaya,2026-02-13 18:00:00,3.28,3.93,230.79,1.86,29.38,0.34,1,Good
Surabaya,2026-02-13 19:00:00,3.43,3.95,237.1,1.9,29.26,0.32,1,Good
Surabaya,2026-02-13 20:00:00,3.41,3.84,243.34,1.88,29.25,0.28,1,Good
Surabaya,2026-02-13 21:00:00,3.29,3.65,249.05,1.83,29.46,0.24,1,Good
Surabaya,2026-02-13 22:00:00,3.03,3.37,251.18,1.66,29.8,0.21,1,Good
Surabaya,2026-02-13 23:00:00,2.78,3.16,255.01,1.51,30.27,0.2,1,Good
Surabaya,2026-02-14 00:00:00,2.68,3.23,264.66,1.53,30.97,0.23,1,Good
Surabaya,2026-02-14 01:00:00,3.05,4.21,293.13,2.36,30.73,0.42,1,Good
Surabaya,2026-02-14 02:00:00,3.91,6.04,343.48,3.83,29.89,0.7,1,Good
Surabaya,2026-02-14 03:00:00,4.6,7.4,374.71,4.44,30.65,0.87,1,Good
Surabaya,2026-02-14 04:00:00,5.89,8.99,385.78,3.23,43.25,0.94,1,Good
Surabaya,2026-02-14 05:00:00,7.87,10.9,385.2,2.76,56.72,0.95,1,Good
Surabaya,2026-02-14 06:00:00,9.39,12.28,386.71,2.72,63.5,0.99,2,Fair
Surabaya,2026-02-14 07:00:00,9.0,11.65,381.2,3.33,59.86,0.97,1,Good
Surabaya,2026-02-14 08:00:00,7.21,9.35,351.86,3.4,52.1,0.82,1,Good
Surabaya,2026-02-14 09:00:00,5.3,6.75,302.55,2.76,46.15,0.59,1,Good
Surabaya,2026-02-14 10:00:00,3.08,3.71,235.6,1.51,41.24,0.31,1,Good
Surabaya,2026-02-14 11:00:00,2.76,3.41,230.84,1.62,38.74,0.31,1,Good
Surabaya,2026-02-14 12:00:00,2.64,3.44,227.65,1.68,37.01,0.33,1,Good
Surabaya,2026-02-14 13:00:00,2.58,3.62,226.43,1.8,35.6,0.35,1,Good
Surabaya,2026-02-14 14:00:00,2.55,3.75,227.72,1.94,34.5,0.37,1,Good
Surabaya,2026-02-14 15:00:00,2.49,3.71,226.88,2.01,33.74,0.35,1,Good
Surabaya,2026-02-14 16:00:00,2.43,3.56,225.31,2.09,33.06,0.34,1,Good
Surabaya,2026-02-14 17:00:00,2.35,3.28,223.54,2.17,32.12,0.32,1,Good
Surabaya,2026-02-14 18:00:00,2.29,3.07,220.7,2.18,30.96,0.29,1,Good
Surabaya,2026-02-14 19:00:00,2.1,2.79,216.85,1.99,29.92,0.26,1,Good
Surabaya,2026-02-14 20:00:00,1.83,2.47,210.4,1.71,28.94,0.23,1,Good
Surabaya,2026-02-14 21:00:00,1.61,2.24,202.9,1.49,28.19,0.22,1,Good
Surabaya,2026-02-14 22:00:00,1.51,2.18,192.79,1.36,27.84,0.23,1,Good
Surabaya,2026-02-14 23:00:00,1.6,2.34,195.39,1.36,27.78,0.25,1,Good
Surabaya,2026-02-15 00:00:00,1.86,2.78,211.19,1.46,28.4,0.3,1,Good
Surabaya,2026-02-16 01:00:00,34.28,41.45,801.15,9.39,44.85,2.31,3,Moderate
Surabaya,2026-02-16 02:00:00,40.07,48.88,910.67,11.28,46.98,2.97,3,Moderate
Surabaya,2026-02-16 03:00:00,45.28,55.46,996.44,12.25,53.16,3.5,3,Moderate
Surabaya,2026-02-16 04:00:00,23.67,28.88,656.58,6.17,62.48,2.04,2,Fair
Surabaya,2026-02-16 05:00:00,17.01,20.76,534.11,3.99,65.08,1.51,2,Fair
Surabaya,2026-02-16 06:00:00,18.11,21.76,539.57,3.81,69.69,1.5,2,Fair
Surabaya,2026-02-16 07:00:00,21.06,24.33,570.89,3.97,75.28,1.48,2,Fair
Surabaya,2026-02-16 08:00:00,24.37,27.2,607.25,4.29,80.32,1.42,2,Fair
Surabaya,2026-02-16 09:00:00,26.65,29.21,641.61,4.82,83.12,1.39,3,Moderate
Surabaya,2026-02-16 10:00:00,29.07,31.63,680.15,5.73,85.02,1.48,3,Moderate
Surabaya,2026-02-16 11:00:00,31.97,34.85,737.57,7.2,82.63,1.72,3,Moderate
Surabaya,2026-02-16 12:00:00,34.58,37.81,786.69,8.07,77.98,1.93,3,Moderate
Surabaya,2026-02-16 13:00:00,35.95,39.83,818.82,8.78,71.72,2.19,3,Moderate
Surabaya,2026-02-16 14:00:00,35.35,39.79,833.9,9.43,63.85,2.46,3,Moderate
Surabaya,2026-02-16 15:00:00,32.67,37.31,817.39,9.87,55.98,2.58,3,Moderate
Surabaya,2026-02-16 16:00:00,28.5,33.0,775.38,9.98,48.88,2.47,3,Moderate
Surabaya,2026-02-16 17:00:00,26.33,30.74,758.47,10.38,43.23,2.37,3,Moderate
Surabaya,2026-02-16 18:00:00,24.69,28.82,733.13,10.49,38.94,2.22,2,Fair
Surabaya,2026-02-16 19:00:00,23.79,27.66,714.34,10.41,36.01,2.08,2,Fair
Surabaya,2026-02-16 20:00:00,24.17,27.95,710.51,10.5,33.43,2.0,2,Fair
Surabaya,2026-02-16 21:00:00,25.28,29.07,713.01,10.67,31.19,1.99,3,Moderate
Surabaya,2026-02-16 22:00:00,26.75,30.7,717.45,11.13,28.6,2.03,3,Moderate
Surabaya,2026-02-16 23:00:00,28.61,32.98,730.17,11.89,26.06,2.14,3,Moderate
Surabaya,2026-02-17 00:00:00,31.02,36.5,764.0,13.16,23.97,2.41,3,Moderate
Surabaya,2026-02-17 01:00:00,34.02,41.1,830.3,14.98,23.26,2.88,3,Moderate
Surabaya,2026-02-17 02:00:00,37.54,46.16,907.61,16.5,25.78,3.39,3,Moderate
Surabaya,2026-02-17 03:00:00,42.29,52.05,976.06,16.51,36.36,3.76,3,Moderate
Surabaya,2026-02-17 04:00:00,44.73,54.52,1009.87,16.69,49.85,3.71,3,Moderate
Surabaya,2026-02-17 05:00:00,40.02,49.5,978.03,16.36,49.93,3.5,3,Moderate
Surabaya,2026-02-17 06:00:00,36.01,45.22,962.92,16.19,47.11,3.56,3,Moderate
Surabaya,2026-02-17 07:00:00,33.74,42.32,957.34,16.15,45.58,3.84,3,Moderate
Surabaya,2026-02-17 08:00:00,33.09,41.22,967.54,16.4,42.86,4.02,3,Moderate
Surabaya,2026-02-17 09:00:00,32.35,39.25,952.6,16.16,40.58,3.8,3,Moderate
Surabaya,2026-02-17 10:00:00,27.61,31.22,787.71,13.78,40.74,3.02,3,Moderate
Surabaya,2026-02-17 11:00:00,27.52,31.05,817.37,16.18,34.67,3.22,3,Moderate
Surabaya,2026-02-17 12:00:00,27.72,31.55,847.04,17.91,29.28,3.36,3,Moderate
Surabaya,2026-02-17 13:00:00,28.81,34.07,883.14,19.32,25.63,3.51,3,Moderate
Surabaya,2026-02-17 14:00:00,30.79,38.26,919.37,20.14,24.01,3.68,3,Moderate
Surabaya,2026-02-17 15:00:00,31.62,40.69,917.75,19.4,24.92,3.62,3,Moderate
Surabaya,2026-02-17 16:00:00,31.04,40.62,879.97,17.72,26.9,3.37,3,Moderate
Surabaya,2026-02-17 17:00:00,29.67,38.65,827.1,15.83,28.53,3.07,3,Moderate
Surabaya,2026-02-17 18:00:00,28.91,36.98,780.58,14.2,29.19,2.84,3,Moderate
Surabaya,2026-02-17 19:00:00,25.96,31.95,685.97,11.59,31.9,2.65,3,Moderate
Surabaya,2026-02-17 20:00:00,25.07,29.75,631.57,10.0,33.05,2.61,3,Moderate
Surabaya,2026-02-17 21:00:00,26.5,30.68,623.46,9.6,32.16,2.69,3,Moderate
Surabaya,2026-02-17 22:00:00,28.27,32.06,615.36,9.47,31.39,2.8,3,Moderate
Surabaya,2026-02-17 23:00:00,29.96,33.43,600.95,9.39,32.53,2.85,3,Moderate
Surabaya,2026-02-18 00:00:00,30.55,34.14,594.96,9.61,35.94,2.83,3,Moderate
Surabaya,2026-02-18 01:00:00,28.91,32.9,594.07,9.92,41.64,2.77,3,Moderate
Surabaya,2026-02-18 02:00:00,26.12,30.47,585.64,10.13,46.1,2.73,3,Moderate
Surabaya,2026-02-18 03:00:00,22.62,27.09,560.52,9.74,49.19,2.6,2,Fair
Surabaya,2026-02-18 04:00:00,18.6,22.11,533.94,9.07,50.27,2.26,2,Fair
Surabaya,2026-02-18 05:00:00,19.01,22.15,569.53,9.57,49.13,2.23,2,Fair
Surabaya,2026-02-18 06:00:00,20.53,23.62,614.7,10.39,47.99,2.35,2,Fair
Surabaya,2026-02-18 07:00:00,20.79,23.9,640.84,11.14,46.26,2.47,2,Fair
Surabaya,2026-02-18 08:00:00,19.88,23.13,660.46,11.91,44.51,2.6,2,Fair
Surabaya,2026-02-18 09:00:00,18.56,21.99,673.81,12.62,43.54,2.74,2,Fair
Surabaya,2026-02-18 10:00:00,17.88,21.66,686.81,13.33,44.7,2.78,2,Fair
Surabaya,2026-02-18 11:00:00,16.89,20.98,695.24,14.6,41.99,2.78,2,Fair
Surabaya,2026-02-18 12:00:00,15.3,19.35,663.64,13.95,40.29,2.64,2,Fair
Surabaya,2026-02-18 13:00:00,12.67,16.28,558.4,11.22,43.69,2.31,2,Fair
Surabaya,2026-02-18 14:00:00,12.05,16.41,534.36,10.23,44.15,2.26,2,Fair
Surabaya,2026-02-18 15:00:00,11.55,16.64,514.53,9.31,44.28,2.2,2,Fair
Surabaya,2026-02-18 16:00:00,11.89,17.76,522.94,9.07,42.59,2.21,2,Fair
Surabaya,2026-02-18 17:00:00,13.12,19.58,554.32,9.44,39.52,2.26,2,Fair
Surabaya,2026-02-18 18:00:00,14.2,20.79,568.82,9.44,37.13,2.22,2,Fair
Surabaya,2026-02-18 19:00:00,15.57,22.33,577.25,9.41,34.87,2.12,2,Fair
Surabaya,2026-02-18 20:00:00,17.47,24.61,592.27,9.52,32.29,2.0,2,Fair
Surabaya,2026-02-18 21:00:00,19.28,26.69,598.87,9.5,30.05,1.91,2,Fair
Surabaya,2026-02-18 22:00:00,20.66,28.1,599.0,9.31,28.42,1.87,2,Fair
Surabaya,2026-02-18 23:00:00,21.27,28.44,575.77,8.96,28.13,1.96,2,Fair
Surabaya,2026-02-19 00:00:00,22.13,29.38,550.43,8.77,29.37,2.38,2,Fair
Surabaya,2026-02-19 01:00:00,25.04,34.28,615.21,9.84,32.73,3.15,3,Moderate
Surabaya,2026-02-19 02:00:00,31.14,44.66,788.59,12.77,40.56,4.14,3,Moderate
Surabaya,2026-02-19 03:00:00,40.49,57.91,929.83,14.44,62.3,5.04,3,Moderate
Surabaya,2026-02-19 04:00:00,51.22,70.85,1008.67,15.45,85.83,5.94,4,Poor
Surabaya,2026-02-19 05:00:00,57.13,76.98,1033.93,16.04,93.03,6.42,4,Poor
Surabaya,2026-02-19 06:00:00,57.61,76.71,1040.32,16.64,93.94,6.57,4,Poor
Surabaya,2026-02-19 07:00:00,56.35,74.68,1046.56,17.07,91.91,6.57,4,Poor
Surabaya,2026-02-19 08:00:00,55.88,73.54,1069.44,17.44,88.75,6.44,4,Poor
Surabaya,2026-02-19 09:00:00,52.45,67.95,1016.83,16.15,85.14,5.71,4,Poor
Surabaya,2026-02-19 10:00:00,31.26,37.43,562.19,7.46,76.42,3.12,3,Moderate
Surabaya,2026-02-19 11:00:00,27.81,32.93,530.35,7.12,70.44,2.71,3,Moderate
Surabaya,2026-02-19 12:00:00,26.86,31.89,546.79,7.53,64.9,2.63,3,Moderate
Surabaya,2026-02-19 13:00:00,27.8,33.83,621.14,9.54,56.74,2.82,3,Moderate
Surabaya,2026-02-19 14:00:00,30.52,38.46,733.57,12.23,48.0,3.09,3,Moderate
Surabaya,2026-02-19 15:00:00,32.62,42.19,814.59,13.87,41.61,3.14,3,Moderate
Surabaya,2026-02-19 16:00:00,35.26,46.53,897.63,15.4,35.98,3.06,3,Moderate
Surabaya,2026-02-19 17:00:00,38.84,51.54,995.29,17.14,30.57,2.91,3,Moderate
Surabaya,2026-02-19 18:00:00,42.45,56.08,1076.14,18.34,25.77,2.69,3,Moderate
Surabaya,2026-02-19 19:00:00,45.07,59.11,1125.3,18.84,22.38,2.47,3,Moderate
Surabaya,2026-02-19 20:00:00,47.41,61.16,1146.96,18.96,19.78,2.33,3,Moderate
Surabaya,2026-02-19 21:00:00,49.78,62.54,1147.47,18.86,17.58,2.26,3,Moderate
Surabaya,2026-02-19 22:00:00,49.21,60.45,1117.72,18.58,15.54,2.23,3,Moderate
Surabaya,2026-02-19 23:00:00,47.45,57.36,1068.33,18.25,13.91,2.21,3,Moderate
Surabaya,2026-02-20 00:00:00,45.85,55.56,1023.24,17.53,14.47,2.42,3,Moderate
Surabaya,2026-02-20 01:00:00,45.07,55.17,1000.21,15.55,22.5,2.98,3,Moderate
Surabaya,2026-02-20 02:00:00,47.15,57.4,988.66,14.96,40.23,3.58,3,Moderate
Surabaya,2026-02-20 03:00:00,55.11,64.77,945.72,13.03,74.59,3.95,4,Poor
Surabaya,2026-02-20 04:00:00,57.32,66.75,872.75,11.82,90.59,3.9,4,Poor
Surabaya,2026-02-20 05:00:00,53.43,64.01,872.14,12.91,85.15,3.92,4,Poor
Surabaya,2026-02-20 06:00:00,52.71,64.16,913.34,14.22,86.66,4.29,4,Poor
Surabaya,2026-02-20 07:00:00,49.16,59.3,937.52,16.06,81.17,4.51,3,Moderate
Surabaya,2026-02-20 08:00:00,41.0,49.09,911.18,17.08,65.01,4.09,3,Moderate
Surabaya,2026-02-20 09:00:00,31.83,37.81,819.35,16.44,51.45,3.55,3,Moderate
Surabaya,2026-02-20 10:00:00,22.35,25.88,639.41,13.6,41.38,2.86,2,Fair
Surabaya,2026-02-20 11:00:00,19.41,22.9,627.07,14.2,33.25,2.86,2,Fair
Surabaya,2026-02-20 12:00:00,17.59,21.28,625.27,14.69,27.5,2.87,2,Fair
Surabaya,2026-02-20 13:00:00,16.2,20.27,612.78,14.75,24.11,2.86,2,Fair
Surabaya,2026-02-20 14:00:00,15.74,20.18,604.39,14.59,22.64,2.84,2,Fair
Surabaya,2026-02-20 15:00:00,16.56,21.27,615.01,14.54,21.97,2.78,2,Fair
Surabaya,2026-02-20 16:00:00,18.14,21.06,593.82,12.07,27.29,2.11,2,Fair
Surabaya,2026-02-20 17:00:00,19.97,22.09,610.55,11.23,30.11,1.76,2,Fair
Surabaya,2026-02-20 18:00:00,21.12,22.75,616.72,10.46,33.04,1.49,2,Fair
Surabaya,2026-02-20 19:00:00,21.19,22.59,616.76,9.95,35.64,1.28,2,Fair
Surabaya,2026-02-20 20:00:00,20.12,21.48,606.45,9.65,37.24,1.14,2,Fair
Surabaya,2026-02-20 21:00:00,18.8,20.14,585.56,9.22,37.71,1.04,2,Fair
Surabaya,2026-02-20 22:00:00,18.38,20.06,572.88,9.12,36.58,1.07,2,Fair
Surabaya,2026-02-20 23:00:00,19.13,21.57,576.86,9.74,33.73,1.26,2,Fair
Surabaya,2026-02-21 00:00:00,20.42,24.02,595.63,10.74,31.12,1.58,2,Fair
Surabaya,2026-02-21 01:00:00,22.72,27.64,632.96,10.32,35.15,2.03,2,Fair
Surabaya,2026-02-21 02:00:00,27.1,32.84,655.03,9.22,52.36,2.28,3,Moderate
Surabaya,2026-02-21 03:00:00,36.0,41.78,632.87,6.33,84.7,2.18,3,Moderate
Surabaya,2026-02-21 04:00:00,38.3,42.77,533.29,3.24,100.78,1.64,3,Moderate
Surabaya,2026-02-21 05:00:00,40.79,45.37,524.32,2.89,106.51,1.53,3,Moderate
Surabaya,2026-02-21 06:00:00,41.34,46.11,531.08,3.09,109.31,1.55,3,Moderate
Surabaya,2026-02-21 07:00:00,35.07,39.21,525.66,4.21,98.06,1.49,3,Moderate
Surabaya,2026-02-21 08:00:00,25.84,28.89,500.73,4.64,80.81,1.29,3,Moderate
Surabaya,2026-02-21 09:00:00,20.14,22.25,478.92,4.4,70.74,1.1,2,Fair
Surabaya,2026-02-21 10:00:00,16.99,18.19,453.06,3.69,66.75,0.91,2,Fair
Surabaya,2026-02-21 11:00:00,17.4,18.61,470.36,3.99,63.89,0.99,2,Fair
Surabaya,2026-02-21 12:00:00,18.76,20.21,484.54,4.38,60.81,1.12,2,Fair
Surabaya,2026-02-21 13:00:00,20.62,23.38,533.46,6.06,53.89,1.55,2,Fair
Surabaya,2026-02-21 14:00:00,22.46,27.05,598.29,7.98,46.27,2.0,2,Fair
Surabaya,2026-02-21 15:00:00,23.37,29.31,636.9,9.12,40.22,2.19,2,Fair
Surabaya,2026-02-21 16:00:00,23.83,30.6,664.65,9.88,35.16,2.22,2,Fair
Surabaya,2026-02-21 17:00:00,24.29,31.07,687.82,10.45,31.31,2.12,2,Fair
Surabaya,2026-02-21 18:00:00,24.74,31.12,698.32,10.7,28.82,1.97,2,Fair
Surabaya,2026-02-21 19:00:00,24.84,30.55,685.72,10.29,28.37,1.79,2,Fair
Surabaya,2026-02-21 20:00:00,24.32,28.95,652.1,9.29,30.41,1.6,2,Fair
Surabaya,2026-02-21 21:00:00,23.38,26.9,616.36,8.1,33.81,1.43,2,Fair
Surabaya,2026-02-21 22:00:00,20.63,22.43,555.2,5.09,43.54,1.04,2,Fair
Surabaya,2026-02-21 23:00:00,19.7,20.96,555.19,4.15,46.93,0.86,2,Fair
Surabaya,2026-02-22 00:00:00,18.82,20.02,567.84,4.08,47.61,0.79,2,Fair
Surabaya,2026-02-22 01:00:00,14.79,15.83,546.4,3.98,48.48,0.64,2,Fair
Surabaya,2026-02-22 02:00:00,12.27,13.28,525.72,4.02,48.65,0.53,2,Fair
Surabaya,2026-02-22 03:00:00,11.3,12.33,504.05,3.96,48.59,0.48,2,Fair
Surabaya,2026-02-22 04:00:00,9.57,10.44,458.35,3.45,49.33,0.41,1,Good
Surabaya,2026-02-22 05:00:00,8.02,8.67,406.53,2.76,50.87,0.34,1,Good
Surabaya,2026-02-22 06:00:00,7.3,7.81,363.18,2.24,51.73,0.3,1,Good
Surabaya,2026-02-22 07:00:00,7.06,7.57,332.81,2.1,50.96,0.3,1,Good
Surabaya,2026-02-22 08:00:00,6.61,7.18,306.93,2.1,48.65,0.31,1,Good
Surabaya,2026-02-22 09:00:00,5.52,6.1,274.66,1.91,46.23,0.29,1,Good
Surabaya,2026-02-22 10:00:00,4.18,4.74,242.25,1.77,42.43,0.28,1,Good
Surabaya,2026-02-22 11:00:00,2.96,3.54,216.57,1.69,38.28,0.28,1,Good
Surabaya,2026-02-22 12:00:00,2.13,2.82,197.18,1.57,34.46,0.27,1,Good
Surabaya,2026-02-22 13:00:00,1.67,2.48,185.13,1.5,31.19,0.27,1,Good
Surabaya,2026-02-22 14:00:00,1.42,2.3,178.85,1.47,28.66,0.27,1,Good
Surabaya,2026-02-22 15:00:00,1.24,2.15,173.09,1.41,26.86,0.26,1,Good
Surabaya,2026-02-22 16:00:00,1.1,1.95,168.31,1.34,25.61,0.25,1,Good
Surabaya,2026-02-22 17:00:00,0.93,1.57,161.34,1.19,24.91,0.21,1,Good
Surabaya,2026-02-22 18:00:00,0.79,1.31,155.97,1.03,24.73,0.19,1,Good
Surabaya,2026-02-22 19:00:00,0.71,1.16,151.68,0.87,25.22,0.16,1,Good
Surabaya,2026-02-22 20:00:00,0.71,1.13,153.73,0.79,26.23,0.14,1,Good
Surabaya,2026-02-22 21:00:00,0.84,1.26,161.04,0.78,27.52,0.14,1,Good
Surabaya,2026-02-22 22:00:00,1.07,1.49,173.19,0.88,28.6,0.15,1,Good
Surabaya,2026-02-22 23:00:00,1.52,2.05,193.39,1.2,28.85,0.2,1,Good
Surabaya,2026-02-23 00:00:00,2.25,3.17,225.22,1.81,28.37,0.31,1,Good
Surabaya,2026-02-24 01:00:00,6.71,8.05,304.88,2.87,44.01,0.59,1,Good
Surabaya,2026-02-24 02:00:00,7.36,8.76,332.2,3.31,43.41,0.66,1,Good
Surabaya,2026-02-24 03:00:00,8.04,9.29,349.96,3.38,43.39,0.64,1,Good
Surabaya,2026-02-24 04:00:00,7.84,8.82,340.13,2.91,43.57,0.54,1,Good
Surabaya,2026-02-24 05:00:00,6.11,7.03,298.57,2.21,42.05,0.47,1,Good
Surabaya,2026-02-24 06:00:00,4.53,5.42,259.21,1.65,40.3,0.44,1,Good
Surabaya,2026-02-24 07:00:00,3.5,4.41,232.31,1.36,38.83,0.42,1,Good
Surabaya,2026-02-24 08:00:00,2.85,3.83,220.93,1.48,35.82,0.44,1,Good
Surabaya,2026-02-24 09:00:00,2.51,3.54,221.14,1.82,32.91,0.48,1,Good
Surabaya,2026-02-24 10:00:00,2.3,3.33,226.05,2.29,29.88,0.52,1,Good
Surabaya,2026-02-24 11:00:00,2.26,3.31,227.74,2.54,27.8,0.55,1,Good
Surabaya,2026-02-24 12:00:00,2.37,3.47,220.97,2.36,27.24,0.51,1,Good
Surabaya,2026-02-24 13:00:00,2.36,3.48,204.63,1.87,27.48,0.41,1,Good
Surabaya,2026-02-24 14:00:00,2.3,3.46,199.89,1.7,27.37,0.36,1,Good
Surabaya,2026-02-24 15:00:00,2.11,3.28,198.85,1.63,27.03,0.33,1,Good
Surabaya,2026-02-24 16:00:00,1.88,2.9,200.99,1.61,26.58,0.31,1,Good
Surabaya,2026-02-24 17:00:00,1.75,2.48,204.73,1.52,26.47,0.28,1,Good
Surabaya,2026-02-24 18:00:00,1.83,2.39,212.18,1.41,26.82,0.28,1,Good
Surabaya,2026-02-24 19:00:00,2.3,3.03,231.78,1.7,26.71,0.33,1,Good
Surabaya,2026-02-24 20:00:00,2.99,4.04,257.19,2.28,25.91,0.39,1,Good
Surabaya,2026-02-24 21:00:00,3.7,5.11,280.49,2.88,24.61,0.45,1,Good
Surabaya,2026-02-24 22:00:00,4.39,6.13,303.96,3.55,22.98,0.52,1,Good
Surabaya,2026-02-24 23:00:00,4.88,6.81,321.3,4.15,21.53,0.58,1,Good
Surabaya,2026-02-25 00:00:00,5.27,7.65,343.98,4.91,20.3,0.73,1,Good
Surabaya,2026-02-25 01:00:00,4.42,6.64,322.35,4.49,21.07,0.78,1,Good
Surabaya,2026-02-25 02:00:00,4.51,7.48,335.94,4.77,21.39,0.99,1,Good
Surabaya,2026-02-25 03:00:00,4.64,8.12,334.69,4.61,23.46,1.09,1,Good
Surabaya,2026-02-25 04:00:00,4.67,7.85,309.93,3.45,29.72,0.98,1,Good
Surabaya,2026-02-25 05:00:00,4.0,6.15,253.78,2.06,35.24,0.7,1,Good
Surabaya,2026-02-25 06:00:00,3.08,4.41,209.16,1.27,35.47,0.49,1,Good
Surabaya,2026-02-25 07:00:00,1.94,2.75,174.92,1.0,31.07,0.34,1,Good
Surabaya,2026-02-25 08:00:00,1.32,2.03,156.89,1.0,27.04,0.29,1,Good
Surabaya,2026-02-25 09:00:00,1.05,1.74,145.71,0.98,24.77,0.27,1,Good
Surabaya,2026-02-25 10:00:00,0.92,1.56,143.2,1.13,23.27,0.29,1,Good
Surabaya,2026-02-25 11:00:00,0.9,1.61,146.22,1.37,22.09,0.32,1,Good
Surabaya,2026-02-25 12:00:00,0.92,1.79,143.97,1.42,21.36,0.32,1,Good
Surabaya,2026-02-25 13:00:00,0.95,1.86,135.76,1.35,20.77,0.3,1,Good
Surabaya,2026-02-25 14:00:00,0.94,1.81,125.02,1.21,20.5,0.27,1,Good
Surabaya,2026-02-25 15:00:00,0.94,1.77,115.84,1.11,20.35,0.25,1,Good
Surabaya,2026-02-25 16:00:00,0.89,1.58,108.48,1.03,20.36,0.22,1,Good
Surabaya,2026-02-25 17:00:00,0.79,1.29,100.3,0.87,20.98,0.17,1,Good
Surabaya,2026-02-25 18:00:00,0.73,1.16,92.11,0.7,22.12,0.14,1,Good
Surabaya,2026-02-25 19:00:00,0.71,1.13,87.89,0.63,23.14,0.12,1,Good
Surabaya,2026-02-25 20:00:00,0.72,1.15,87.65,0.64,23.72,0.12,1,Good
Surabaya,2026-02-25 21:00:00,0.74,1.16,88.73,0.66,23.95,0.12,1,Good
Surabaya,2026-02-25 22:00:00,0.78,1.19,91.41,0.72,23.96,0.13,1,Good
Surabaya,2026-02-25 23:00:00,0.84,1.29,96.76,0.84,23.69,0.16,1,Good
Surabaya,2026-02-26 00:00:00,0.98,1.65,110.6,1.15,22.85,0.24,1,Good
Surabaya,2026-02-26 01:00:00,1.1,1.96,127.63,1.52,22.0,0.33,1,Good
Surabaya,2026-02-26 02:00:00,1.22,2.17,138.03,1.58,22.01,0.38,1,Good
Surabaya,2026-02-26 03:00:00,1.38,2.37,139.68,1.35,24.07,0.39,1,Good
Surabaya,2026-02-26 04:00:00,1.7,2.64,136.85,1.07,28.36,0.38,1,Good
Surabaya,2026-02-26 05:00:00,1.89,2.73,130.88,0.94,31.5,0.35,1,Good
Surabaya,2026-02-26 06:00:00,1.77,2.49,123.1,0.92,32.08,0.32,1,Good
Surabaya,2026-02-26 07:00:00,1.35,2.08,115.77,1.13,29.66,0.3,1,Good
Surabaya,2026-02-26 08:00:00,1.04,1.82,109.64,1.18,26.59,0.3,1,Good
Surabaya,2026-02-26 09:00:00,0.9,1.71,108.25,1.22,24.38,0.31,1,Good
Surabaya,2026-02-26 10:00:00,0.86,1.66,111.99,1.39,22.65,0.35,1,Good
Surabaya,2026-02-26 11:00:00,0.9,1.71,116.94,1.56,21.39,0.37,1,Good
Surabaya,2026-02-26 12:00:00,0.96,1.83,117.42,1.55,20.69,0.35,1,Good
Surabaya,2026-02-26 13:00:00,1.01,1.92,115.46,1.47,20.16,0.33,1,Good
Surabaya,2026-02-26 14:00:00,1.07,2.0,113.7,1.4,19.83,0.31,1,Good
Surabaya,2026-02-26 15:00:00,1.13,2.11,113.53,1.35,19.56,0.3,1,Good
Surabaya,2026-02-26 16:00:00,1.15,2.06,114.94,1.32,19.13,0.29,1,Good
Surabaya,2026-02-26 17:00:00,1.1,1.74,115.57,1.25,18.8,0.25,1,Good
Surabaya,2026-02-26 18:00:00,1.06,1.51,116.46,1.16,18.65,0.21,1,Good
Surabaya,2026-02-26 19:00:00,1.03,1.4,118.31,1.11,18.47,0.19,1,Good
Surabaya,2026-02-26 20:00:00,1.07,1.43,121.4,1.13,18.46,0.18,1,Good
Surabaya,2026-02-26 21:00:00,1.2,1.56,124.74,1.22,18.44,0.19,1,Good
Surabaya,2026-02-26 22:00:00,1.34,1.72,128.12,1.35,18.43,0.21,1,Good
Surabaya,2026-02-26 23:00:00,1.47,1.89,132.05,1.51,18.32,0.23,1,Good
Surabaya,2026-02-27 00:00:00,1.63,2.25,140.74,1.79,18.08,0.29,1,Good
Surabaya,2026-02-27 01:00:00,1.71,2.52,154.89,2.16,18.01,0.36,1,Good
Surabaya,2026-02-27 02:00:00,1.65,2.5,163.66,2.18,18.55,0.38,1,Good
Surabaya,2026-02-27 03:00:00,1.58,2.42,167.12,1.88,20.11,0.36,1,Good
Surabaya,2026-02-27 04:00:00,1.76,2.6,173.29,1.68,22.8,0.37,1,Good
Surabaya,2026-02-27 05:00:00,2.32,3.19,185.33,1.8,25.72,0.42,1,Good
Surabaya,2026-02-27 06:00:00,2.84,3.71,193.14,1.95,28.31,0.46,1,Good
Surabaya,2026-02-27 07:00:00,2.94,3.78,192.56,2.03,29.09,0.46,1,Good
Surabaya,2026-02-27 08:00:00,2.57,3.35,186.25,2.09,27.51,0.43,1,Good
Surabaya,2026-02-27 09:00:00,2.07,2.8,181.51,2.24,24.46,0.41,1,Good
Surabaya,2026-02-27 10:00:00,1.72,2.46,185.27,2.49,21.6,0.44,1,Good
Surabaya,2026-02-27 11:00:00,1.57,2.39,192.3,2.67,19.7,0.48,1,Good
Surabaya,2026-02-27 12:00:00,1.57,2.51,198.28,2.69,18.76,0.49,1,Good
Surabaya,2026-02-27 13:00:00,1.6,2.63,202.65,2.66,18.04,0.47,1,Good
Surabaya,2026-02-27 14:00:00,1.63,2.65,205.91,2.62,17.59,0.44,1,Good
Surabaya,2026-02-27 15:00:00,1.75,2.74,210.76,2.64,17.32,0.41,1,Good
Surabaya,2026-02-27 16:00:00,1.93,2.87,221.46,2.84,16.93,0.4,1,Good
Surabaya,2026-02-27 17:00:00,1.98,2.7,227.46,2.99,16.49,0.36,1,Good
Surabaya,2026-02-27 18:00:00,1.91,2.4,224.99,2.86,16.22,0.28,1,Good
Surabaya,2026-02-27 19:00:00,1.81,2.19,217.57,2.62,16.05,0.23,1,Good
Surabaya,2026-02-27 20:00:00,1.74,2.1,213.15,2.46,16.04,0.21,1,Good
Surabaya,2026-02-27 21:00:00,1.76,2.14,214.03,2.43,16.19,0.21,1,Good
Surabaya,2026-02-27 22:00:00,1.83,2.26,218.69,2.51,16.41,0.22,1,Good
Surabaya,2026-02-27 23:00:00,1.89,2.38,223.44,2.58,16.7,0.25,1,Good
Surabaya,2026-02-28 00:00:00,2.02,2.77,232.41,2.67,16.98,0.32,1,Good
Surabaya,2026-02-28 01:00:00,2.21,3.26,244.35,2.51,18.04,0.43,1,Good
Surabaya,2026-02-28 02:00:00,2.47,3.8,251.32,2.38,20.49,0.54,1,Good
Surabaya,2026-02-28 03:00:00,2.86,4.37,248.79,2.11,24.91,0.6,1,Good
Surabaya,2026-02-28 04:00:00,3.85,6.08,259.0,2.12,30.62,0.76,1,Good
Surabaya,2026-02-28 05:00:00,5.45,8.69,282.44,2.43,36.9,0.98,1,Good
Surabaya,2026-02-28 06:00:00,7.42,11.27,304.27,2.66,43.84,1.14,1,Good
Surabaya,2026-02-28 07:00:00,8.22,11.55,314.64,3.31,44.5,1.17,1,Good
Surabaya,2026-02-28 08:00:00,7.99,10.46,305.19,3.46,41.91,1.05,1,Good
Surabaya,2026-02-28 09:00:00,7.94,9.78,288.4,3.18,41.46,0.94,1,Good
Surabaya,2026-02-28 10:00:00,7.46,8.7,257.11,2.42,42.5,0.78,1,Good
Surabaya,2026-02-28 11:00:00,8.41,9.84,276.37,2.93,42.33,0.99,1,Good
Surabaya,2026-02-28 12:00:00,10.16,11.95,309.36,3.78,41.38,1.32,2,Fair
Surabaya,2026-02-28 13:00:00,13.07,15.98,374.99,5.43,38.71,1.79,2,Fair
Surabaya,2026-02-28 14:00:00,16.74,21.15,457.48,7.41,35.01,2.2,2,Fair
Surabaya,2026-02-28 15:00:00,20.01,25.46,524.28,8.91,31.65,2.4,2,Fair
Surabaya,2026-02-28 16:00:00,22.03,27.75,563.44,9.78,29.17,2.41,2,Fair
Surabaya,2026-02-28 17:00:00,22.44,27.56,569.62,9.8,28.09,2.3,2,Fair
Surabaya,2026-02-28 18:00:00,22.0,26.35,556.82,9.34,28.08,2.17,2,Fair
Surabaya,2026-02-28 19:00:00,14.9,16.85,419.69,5.89,34.46,1.62,2,Fair
Surabaya,2026-02-28 20:00:00,13.8,15.45,400.75,5.16,35.37,1.47,2,Fair
Surabaya,2026-02-28 21:00:00,13.53,15.13,394.46,4.79,35.48,1.37,2,Fair
Surabaya,2026-02-28 22:00:00,13.05,14.46,388.25,4.5,35.38,1.24,2,Fair
Surabaya,2026-02-28 23:00:00,12.45,13.64,383.19,4.23,35.51,1.08,2,Fair
Surabaya,2026-03-01 00:00:00,12.06,13.28,385.51,4.19,35.99,0.98,2,Fair
Surabaya,2026-03-01 01:00:00,13.86,16.71,466.59,6.22,34.95,1.35,2,Fair
Surabaya,2026-03-01 02:00:00,17.75,23.41,604.97,9.31,35.8,2.05,2,Fair
Surabaya,2026-03-01 03:00:00,21.78,29.49,690.29,10.43,43.52,2.53,2,Fair
Surabaya,2026-03-01 04:00:00,26.72,35.04,708.4,9.12,60.81,2.67,3,Moderate
Surabaya,2026-03-01 05:00:00,31.77,38.84,653.24,6.56,77.42,2.26,3,Moderate
Surabaya,2026-03-01 06:00:00,36.52,41.62,568.78,4.19,89.28,1.77,3,Moderate
Surabaya,2026-03-01 07:00:00,37.18,40.23,469.84,2.62,92.14,1.31,3,Moderate
Surabaya,2026-03-01 08:00:00,32.93,35.29,423.48,2.55,85.58,1.1,3,Moderate
Surabaya,2026-03-01 09:00:00,25.95,28.06,379.26,2.58,74.09,0.93,3,Moderate
Surabaya,2026-03-01 10:00:00,18.83,21.13,335.27,2.51,62.64,0.81,2,Fair
Surabaya,2026-03-01 11:00:00,13.51,16.54,300.86,2.48,54.36,0.76,2,Fair
Surabaya,2026-03-01 12:00:00,9.34,12.78,265.37,2.25,48.66,0.69,1,Good
Surabaya,2026-03-01 13:00:00,6.41,9.62,238.92,2.12,44.0,0.62,1,Good
Surabaya,2026-03-01 14:00:00,5.01,7.79,230.96,2.23,40.59,0.6,1,Good
Surabaya,2026-03-01 15:00:00,4.73,7.25,237.73,2.46,38.29,0.6,1,Good
Surabaya,2026-03-01 16:00:00,5.61,8.02,263.23,2.82,36.85,0.67,1,Good
Surabaya,2026-03-01 17:00:00,7.15,9.47,296.35,3.14,36.72,0.78,1,Good
Surabaya,2026-03-01 18:00:00,8.78,11.1,326.81,3.39,37.27,0.91,1,Good
Surabaya,2026-03-01 19:00:00,9.44,11.29,339.52,3.38,38.3,0.92,1,Good
Surabaya,2026-03-01 20:00:00,9.18,10.67,337.65,3.32,38.66,0.86,1,Good
Surabaya,2026-03-01 21:00:00,8.15,9.43,319.93,3.06,38.58,0.77,1,Good
Surabaya,2026-03-01 22:00:00,6.65,7.74,291.52,2.66,37.91,0.66,1,Good
Surabaya,2026-03-01 23:00:00,4.93,5.81,258.25,2.24,36.67,0.54,1,Good
Surabaya,2026-03-02 00:00:00,3.83,4.71,239.23,2.14,34.18,0.48,1,Good
Surabaya,2026-03-02 01:00:00,3.3,4.07,231.27,2.18,31.45,0.42,1,Good
Surabaya,2026-03-02 02:00:00,3.33,4.22,239.63,2.45,29.97,0.45,1,Good
Surabaya,2026-03-02 03:00:00,3.67,4.7,245.35,2.21,32.0,0.47,1,Good
Surabaya,2026-03-02 04:00:00,4.38,5.54,246.2,2.09,36.26,0.47,1,Good
Surabaya,2026-03-02 05:00:00,4.28,5.47,237.98,2.14,35.76,0.47,1,Good
Surabaya,2026-03-02 06:00:00,3.77,4.94,226.09,2.05,34.03,0.46,1,Good
Surabaya,2026-03-02 07:00:00,3.15,4.24,214.45,1.98,32.66,0.44,1,Good
Surabaya,2026-03-02 08:00:00,2.77,3.83,209.86,2.07,32.12,0.44,1,Good
Surabaya,2026-03-02 09:00:00,2.78,3.92,220.0,2.4,32.48,0.53,1,Good
Surabaya,2026-03-02 10:00:00,3.12,4.38,242.76,2.99,33.4,0.68,1,Good
Surabaya,2026-03-02 11:00:00,3.22,4.49,251.28,3.3,33.98,0.72,1,Good
Surabaya,2026-03-02 12:00:00,3.13,4.38,241.37,3.02,35.01,0.65,1,Good
Surabaya,2026-03-02 13:00:00,3.07,4.36,226.74,2.6,35.82,0.55,1,Good
Surabaya,2026-03-02 14:00:00,3.22,4.58,222.68,2.4,36.41,0.51,1,Good
Surabaya,2026-03-02 15:00:00,3.47,4.9,222.83,2.3,36.77,0.47,1,Good
Surabaya,2026-03-02 16:00:00,3.75,5.35,228.7,2.32,36.78,0.47,1,Good
Surabaya,2026-03-02 17:00:00,3.86,5.5,232.89,2.34,36.44,0.46,1,Good
Surabaya,2026-03-02 18:00:00,3.83,5.43,235.49,2.3,35.98,0.43,1,Good
Surabaya,2026-03-02 19:00:00,3.99,5.61,245.03,2.37,35.76,0.42,1,Good
Surabaya,2026-03-02 20:00:00,4.82,6.67,273.65,2.82,35.55,0.5,1,Good
Surabaya,2026-03-02 21:00:00,6.19,8.37,311.82,3.45,35.56,0.63,1,Good
Surabaya,2026-03-02 22:00:00,8.61,11.46,370.04,4.64,34.66,0.86,1,Good
Surabaya,2026-03-02 23:00:00,12.67,16.78,457.81,6.45,32.74,1.19,2,Fair
Surabaya,2026-03-03 00:00:00,18.05,24.06,573.07,8.71,31.15,1.69,2,Fair
Surabaya,2026-03-03 01:00:00,23.77,31.23,711.79,10.98,33.04,2.31,2,Fair
Surabaya,2026-03-03 02:00:00,29.87,37.63,828.06,12.47,41.43,2.76,3,Moderate
Surabaya,2026-03-03 03:00:00,38.93,46.36,912.23,12.41,59.9,2.95,3,Moderate
Surabaya,2026-03-03 04:00:00,20.66,23.71,528.7,5.56,60.24,1.55,2,Fair
Surabaya,2026-03-03 05:00:00,16.09,18.21,425.34,4.22,56.91,1.22,2,Fair
Surabaya,2026-03-03 06:00:00,16.85,18.8,419.54,4.63,56.5,1.28,2,Fair
Surabaya,2026-03-03 07:00:00,19.53,21.61,458.49,5.83,58.09,1.52,2,Fair
Surabaya,2026-03-03 08:00:00,21.95,24.26,536.16,8.7,52.61,1.93,2,Fair
Surabaya,2026-03-03 09:00:00,21.5,23.79,605.78,12.53,40.11,2.31,2,Fair
Surabaya,2026-03-03 10:00:00,19.23,21.22,642.73,16.5,27.26,2.51,2,Fair
Surabaya,2026-03-03 11:00:00,19.14,21.15,679.5,17.98,22.38,2.52,2,Fair
Surabaya,2026-03-03 12:00:00,22.91,25.04,733.28,17.79,23.83,2.58,2,Fair
Surabaya,2026-03-03 13:00:00,26.92,29.17,765.57,16.83,26.74,2.52,3,Moderate
Surabaya,2026-03-03 14:00:00,26.7,29.23,753.01,15.96,26.91,2.44,3,Moderate
Surabaya,2026-03-03 15:00:00,23.17,25.83,696.03,14.77,26.24,2.23,2,Fair
Surabaya,2026-03-03 16:00:00,19.0,21.54,632.66,13.61,25.84,2.04,2,Fair
Surabaya,2026-03-03 17:00:00,16.58,18.78,592.54,12.85,25.68,1.88,2,Fair
Surabaya,2026-03-03 18:00:00,15.63,17.48,558.75,12.03,26.08,1.76,2,Fair
Surabaya,2026-03-03 19:00:00,16.19,18.23,535.37,11.3,26.58,1.74,2,Fair
Surabaya,2026-03-03 20:00:00,17.78,20.29,528.74,10.91,26.51,1.79,2,Fair
Surabaya,2026-03-03 21:00:00,19.56,22.44,533.75,10.77,25.93,1.78,2,Fair
Surabaya,2026-03-03 22:00:00,21.27,24.23,545.21,10.82,25.25,1.7,2,Fair
Surabaya,2026-03-03 23:00:00,22.78,25.7,555.71,10.87,25.64,1.66,2,Fair
Surabaya,2026-03-04 00:00:00,23.87,27.21,581.0,11.09,28.69,1.82,2,Fair
Surabaya,2026-03-04 01:00:00,16.44,19.28,508.53,8.48,46.23,1.8,2,Fair
Surabaya,2026-03-04 02:00:00,13.47,16.44,492.56,7.7,54.01,1.88,2,Fair
Surabaya,2026-03-04 03:00:00,12.68,15.7,475.61,7.06,57.82,1.87,2,Fair
Surabaya,2026-03-04 04:00:00,11.68,14.17,433.88,6.12,58.39,1.59,2,Fair
Surabaya,2026-03-04 05:00:00,12.03,14.11,410.34,5.35,59.44,1.42,2,Fair
Surabaya,2026-03-04 06:00:00,13.74,15.58,399.39,4.72,63.4,1.35,2,Fair
Surabaya,2026-03-04 07:00:00,20.21,22.46,469.95,5.64,72.22,1.77,2,Fair
Surabaya,2026-03-04 08:00:00,29.8,32.5,577.58,7.44,80.34,2.36,3,Moderate
Surabaya,2026-03-04 09:00:00,36.31,38.96,646.94,9.01,81.73,2.78,3,Moderate
Surabaya,2026-03-04 10:00:00,36.13,38.63,656.42,10.21,75.08,2.9,3,Moderate
Surabaya,2026-03-04 11:00:00,30.71,33.29,639.46,11.48,61.73,3.05,3,Moderate
Surabaya,2026-03-04 12:00:00,25.46,28.39,614.07,11.94,49.74,3.13,3,Moderate
Surabaya,2026-03-04 13:00:00,23.05,26.88,601.46,11.89,43.41,3.1,2,Fair
Surabaya,2026-03-04 14:00:00,22.25,26.92,591.09,11.22,41.39,2.89,2,Fair
Surabaya,2026-03-04 15:00:00,21.44,26.51,578.59,10.35,40.39,2.56,2,Fair
Surabaya,2026-03-04 16:00:00,20.1,25.08,565.92,9.65,38.8,2.26,2,Fair
Surabaya,2026-03-04 17:00:00,18.18,22.53,546.76,8.91,37.09,1.99,2,Fair
Surabaya,2026-03-04 18:00:00,16.2,19.84,522.33,8.21,35.84,1.79,2,Fair
Surabaya,2026-03-04 19:00:00,14.1,17.07,494.88,7.5,35.16,1.63,2,Fair
Surabaya,2026-03-04 20:00:00,12.47,14.91,474.95,7.07,33.81,1.49,2,Fair
Surabaya,2026-03-04 21:00:00,11.37,13.39,452.89,6.77,31.78,1.41,2,Fair
Surabaya,2026-03-04 22:00:00,8.57,9.65,394.91,5.65,31.0,1.13,1,Good
Surabaya,2026-03-04 23:00:00,7.02,7.84,352.73,4.77,30.1,0.9,1,Good
Surabaya,2026-03-05 00:00:00,5.91,6.84,320.04,4.0,30.1,0.81,1,Good
Surabaya,2026-03-05 01:00:00,5.1,6.15,308.4,3.46,30.89,0.79,1,Good
Surabaya,2026-03-05 02:00:00,5.2,6.32,316.74,3.44,31.11,0.77,1,Good
Surabaya,2026-03-05 03:00:00,5.06,6.11,300.81,2.93,32.46,0.64,1,Good
Surabaya,2026-03-05 04:00:00,4.84,5.96,266.69,2.16,35.8,0.55,1,Good
Surabaya,2026-03-05 05:00:00,4.43,5.65,236.1,1.69,37.07,0.56,1,Good
Surabaya,2026-03-05 06:00:00,3.99,5.25,214.57,1.47,37.21,0.59,1,Good
Surabaya,2026-03-05 07:00:00,3.57,4.91,197.55,1.34,36.61,0.62,1,Good
Surabaya,2026-03-05 08:00:00,3.11,4.41,182.87,1.32,34.13,0.62,1,Good
Surabaya,2026-03-05 09:00:00,2.81,4.03,172.38,1.4,31.44,0.61,1,Good
Surabaya,2026-03-05 10:00:00,2.58,3.62,169.89,1.78,28.43,0.6,1,Good
Surabaya,2026-03-05 11:00:00,2.41,3.35,170.18,2.45,24.87,0.6,1,Good
Surabaya,2026-03-05 12:00:00,2.34,3.33,166.25,2.55,22.94,0.59,1,Good
Surabaya,2026-03-05 13:00:00,2.44,3.51,161.74,2.45,22.07,0.58,1,Good
Surabaya,2026-03-05 14:00:00,2.7,3.87,165.08,2.52,21.53,0.59,1,Good
Surabaya,2026-03-05 15:00:00,2.98,4.27,174.76,2.69,20.93,0.62,1,Good
Surabaya,2026-03-05 16:00:00,3.21,4.78,190.62,3.0,20.03,0.69,1,Good
Surabaya,2026-03-05 17:00:00,3.21,4.79,199.95,3.2,19.39,0.74,1,Good
Surabaya,2026-03-05 18:00:00,3.08,4.48,199.77,3.23,19.09,0.73,1,Good
Surabaya,2026-03-05 19:00:00,2.54,3.66,181.23,2.79,19.76,0.63,1,Good
Surabaya,2026-03-05 20:00:00,2.06,3.05,161.7,2.37,20.6,0.56,1,Good
Surabaya,2026-03-05 21:00:00,1.8,2.74,148.51,2.2,21.27,0.57,1,Good
Surabaya,2026-03-05 22:00:00,1.65,2.51,137.95,2.13,21.89,0.58,1,Good
Surabaya,2026-03-05 23:00:00,1.83,2.75,141.62,2.39,21.66,0.64,1,Good
Surabaya,2026-03-06 00:00:00,2.17,3.39,153.7,2.74,21.32,0.77,1,Good
Surabaya,2026-03-06 01:00:00,2.53,4.12,171.34,2.67,22.58,0.95,1,Good
Surabaya,2026-03-06 02:00:00,3.36,5.34,189.7,2.42,28.97,1.09,1,Good
Surabaya,2026-03-06 03:00:00,5.64,7.89,198.55,1.94,41.65,1.16,1,Good
Surabaya,2026-03-06 04:00:00,10.12,12.78,207.09,1.55,54.33,1.27,2,Fair
Surabaya,2026-03-06 05:00:00,11.26,13.88,187.22,1.17,56.66,1.13,2,Fair
Surabaya,2026-03-06 06:00:00,10.74,13.2,176.74,1.1,56.75,1.03,2,Fair
Surabaya,2026-03-06 07:00:00,10.86,13.14,176.33,1.19,57.46,1.02,2,Fair
Surabaya,2026-03-06 08:00:00,11.74,13.98,182.34,1.37,58.44,1.13,2,Fair
Surabaya,2026-03-06 09:00:00,11.81,14.0,187.32,1.68,56.4,1.24,2,Fair
Surabaya,2026-03-06 10:00:00,10.39,12.29,187.61,2.06,50.31,1.22,2,Fair
Surabaya,2026-03-06 11:00:00,9.13,10.92,200.51,2.65,44.09,1.2,1,Good
Surabaya,2026-03-06 12:00:00,8.34,10.06,211.36,2.97,40.0,1.15,1,Good
Surabaya,2026-03-06 13:00:00,7.39,8.96,213.2,2.94,37.68,1.03,1,Good
Surabaya,2026-03-06 14:00:00,6.32,7.74,212.34,2.79,36.36,0.91,1,Good
Surabaya,2026-03-06 15:00:00,5.49,6.84,212.53,2.71,35.6,0.83,1,Good
Surabaya,2026-03-06 16:00:00,3.74,4.99,178.27,2.1,32.1,0.62,1,Good
Surabaya,2026-03-06 17:00:00,3.43,4.74,166.03,1.93,29.93,0.62,1,Good
Surabaya,2026-03-06 18:00:00,3.51,4.8,165.93,1.95,28.28,0.65,1,Good
Surabaya,2026-03-06 19:00:00,3.46,4.65,168.48,2.05,26.51,0.68,1,Good
Surabaya,2026-03-06 20:00:00,3.3,4.29,170.01,2.16,24.7,0.65,1,Good
Surabaya,2026-03-06 21:00:00,3.01,3.87,168.91,2.22,23.17,0.59,1,Good
Surabaya,2026-03-06 22:00:00,2.74,3.53,169.43,2.3,22.1,0.57,1,Good
Surabaya,2026-03-06 23:00:00,2.9,3.8,182.08,2.64,21.26,0.65,1,Good
Surabaya,2026-03-07 00:00:00,3.04,4.18,192.12,2.99,20.64,0.74,1,Good
Surabaya,2026-03-07 01:00:00,3.21,4.62,201.37,2.87,21.69,0.86,1,Good
Surabaya,2026-03-07 02:00:00,3.69,5.34,205.62,2.39,26.47,0.96,1,Good
Surabaya,2026-03-07 03:00:00,4.9,6.66,204.61,1.87,35.55,1.0,1,Good
Surabaya,2026-03-07 04:00:00,6.83,8.54,193.39,1.35,44.58,0.96,1,Good
Surabaya,2026-03-07 05:00:00,7.78,9.36,172.48,1.0,48.5,0.83,1,Good
Surabaya,2026-03-07 06:00:00,8.09,9.66,166.2,0.93,51.29,0.77,1,Good
Surabaya,2026-03-07 07:00:00,8.25,9.83,167.35,0.99,53.68,0.78,1,Good
Surabaya,2026-03-07 08:00:00,8.28,9.7,178.03,1.2,54.08,0.89,1,Good
Surabaya,2026-03-07 09:00:00,8.48,9.77,204.99,1.69,53.7,1.11,1,Good
Surabaya,2026-03-07 10:00:00,8.34,9.47,237.88,2.36,52.66,1.3,1,Good
Surabaya,2026-03-07 11:00:00,7.83,8.89,269.38,2.96,51.41,1.36,1,Good
Surabaya,2026-03-07 12:00:00,7.29,8.29,290.99,3.19,50.95,1.3,1,Good
Surabaya,2026-03-07 13:00:00,8.38,10.1,348.41,4.43,47.74,1.48,1,Good
Surabaya,2026-03-07 14:00:00,10.39,13.09,415.31,5.89,43.82,1.72,2,Fair
Surabaya,2026-03-07 15:00:00,11.7,14.89,448.49,6.52,41.59,1.74,2,Fair
Surabaya,2026-03-07 16:00:00,12.4,15.28,461.47,6.67,40.48,1.56,2,Fair
Surabaya,2026-03-07 17:00:00,12.7,14.91,469.03,6.63,39.93,1.34,2,Fair
Surabaya,2026-03-07 18:00:00,12.44,14.14,467.06,6.39,39.72,1.17,2,Fair
Surabaya,2026-03-07 19:00:00,11.3,12.78,448.98,5.8,40.16,1.08,2,Fair
Surabaya,2026-03-07 20:00:00,10.38,11.86,433.87,5.46,40.25,1.13,2,Fair
Surabaya,2026-03-07 21:00:00,9.85,11.34,420.89,5.44,39.54,1.2,1,Good
Surabaya,2026-03-07 22:00:00,9.21,10.7,406.94,5.51,39.07,1.2,1,Good
Surabaya,2026-03-07 23:00:00,8.94,10.59,403.63,5.76,37.92,1.21,1,Good
Surabaya,2026-03-08 00:00:00,9.21,11.42,417.22,6.37,36.89,1.35,1,Good
Surabaya,2026-03-08 01:00:00,9.47,12.38,441.97,6.77,38.99,1.59,1,Good
Surabaya,2026-03-08 02:00:00,9.94,13.27,452.49,6.35,47.47,1.78,1,Good
Surabaya,2026-03-08 03:00:00,12.37,15.8,439.87,4.84,64.11,1.81,2,Fair
Surabaya,2026-03-08 04:00:00,13.69,16.35,377.23,2.68,76.12,1.41,2,Fair
Surabaya,2026-03-08 05:00:00,15.68,18.03,352.68,2.06,79.61,1.24,2,Fair
Surabaya,2026-03-08 06:00:00,18.84,21.15,359.54,2.01,82.87,1.28,2,Fair
Surabaya,2026-03-08 07:00:00,21.56,23.68,388.35,2.64,84.34,1.51,2,Fair
Surabaya,2026-03-08 08:00:00,23.56,25.6,436.3,3.94,81.55,1.89,2,Fair
Surabaya,2026-03-08 09:00:00,23.73,25.77,481.49,5.71,73.99,2.24,2,Fair
Surabaya,2026-03-08 10:00:00,21.78,23.91,511.86,7.63,63.0,2.35,2,Fair
Surabaya,2026-03-08 11:00:00,18.63,20.85,529.22,9.27,52.52,2.38,2,Fair
Surabaya,2026-03-08 12:00:00,15.13,17.37,519.11,10.05,44.09,2.28,2,Fair
Surabaya,2026-03-08 13:00:00,12.41,15.01,503.05,10.15,39.32,2.18,2,Fair
Surabaya,2026-03-08 14:00:00,11.11,14.54,502.12,10.21,36.28,2.16,2,Fair
Surabaya,2026-03-08 15:00:00,10.44,14.59,498.02,9.97,34.59,2.11,2,Fair
Surabaya,2026-03-08 16:00:00,10.32,14.86,489.71,9.45,34.26,2.06,2,Fair
Surabaya,2026-03-08 17:00:00,10.68,15.0,476.13,8.78,34.95,2.04,2,Fair
Surabaya,2026-03-08 18:00:00,11.38,15.15,453.04,7.78,37.0,2.06,2,Fair
Surabaya,2026-03-08 19:00:00,11.4,13.49,389.94,5.21,45.29,1.71,2,Fair
Surabaya,2026-03-08 20:00:00,13.73,15.16,379.76,4.1,51.12,1.41,2,Fair
Surabaya,2026-03-08 21:00:00,16.52,17.64,374.86,3.21,57.18,1.13,2,Fair
Surabaya,2026-03-08 22:00:00,18.22,19.1,359.07,2.37,62.42,0.83,2,Fair
Surabaya,2026-03-08 23:00:00,18.44,19.25,344.06,1.84,66.01,0.62,2,Fair
Surabaya,2026-03-09 00:00:00,17.39,18.36,334.36,1.75,66.89,0.54,2,Fair
Surabaya,2026-03-09 01:00:00,17.33,20.13,410.16,4.15,63.65,1.02,2,Fair
Surabaya,2026-03-09 02:00:00,18.87,24.42,546.85,7.86,59.27,1.78,2,Fair
Surabaya,2026-03-09 03:00:00,19.89,27.05,624.14,9.15,59.64,2.2,2,Fair
Surabaya,2026-03-09 04:00:00,20.44,28.5,636.05,8.41,65.89,2.42,2,Fair
Surabaya,2026-03-09 05:00:00,19.69,27.45,601.75,7.4,69.89,2.35,2,Fair
Surabaya,2026-03-09 06:00:00,18.1,24.99,567.52,6.85,70.49,2.21,2,Fair
Surabaya,2026-03-09 07:00:00,15.87,21.73,519.86,6.2,68.64,2.0,2,Fair
Surabaya,2026-03-09 08:00:00,13.95,18.97,473.46,5.7,65.46,1.8,2,Fair
Surabaya,2026-03-09 09:00:00,12.49,16.72,422.89,5.02,62.74,1.59,2,Fair
Surabaya,2026-03-09 10:00:00,10.76,14.18,368.38,4.57,58.47,1.36,2,Fair
Surabaya,2026-03-09 11:00:00,8.98,11.95,315.08,3.88,53.11,1.14,1,Good
Surabaya,2026-03-09 12:00:00,6.99,9.48,244.36,2.39,49.44,0.81,1,Good
Surabaya,2026-03-09 13:00:00,4.61,6.45,180.43,1.19,45.65,0.5,1,Good
Surabaya,2026-03-09 14:00:00,3.24,4.9,157.49,0.91,42.78,0.39,1,Good
Surabaya,2026-03-09 15:00:00,2.38,3.93,146.1,0.8,40.91,0.33,1,Good
Surabaya,2026-03-09 16:00:00,1.87,3.24,139.9,0.75,39.71,0.29,1,Good
Surabaya,2026-03-09 17:00:00,1.54,2.65,134.16,0.67,39.28,0.24,1,Good
Surabaya,2026-03-09 18:00:00,1.37,2.3,129.22,0.59,39.18,0.21,1,Good
Surabaya,2026-03-09 19:00:00,1.29,2.1,125.82,0.54,38.97,0.18,1,Good
Surabaya,2026-03-09 20:00:00,1.32,2.04,123.98,0.53,38.63,0.18,1,Good
Surabaya,2026-03-09 21:00:00,1.39,2.07,122.41,0.53,37.84,0.18,1,Good
Surabaya,2026-03-09 22:00:00,1.52,2.28,122.39,0.61,36.93,0.21,1,Good
Surabaya,2026-03-09 23:00:00,1.71,2.7,125.78,0.77,35.9,0.26,1,Good
Surabaya,2026-03-10 00:00:00,1.88,3.25,133.66,1.05,34.64,0.35,1,Good
Surabaya,2026-03-10 01:00:00,2.27,4.33,167.38,2.05,33.04,0.6,1,Good
Surabaya,2026-03-10 02:00:00,2.92,5.87,217.38,3.22,32.11,0.92,1,Good
Surabaya,2026-03-10 03:00:00,3.44,7.0,238.84,3.32,34.01,1.05,1,Good
Surabaya,2026-03-10 04:00:00,3.57,7.41,225.96,2.79,37.13,1.01,1,Good
Surabaya,2026-03-10 05:00:00,3.16,6.77,190.95,2.07,38.44,0.81,1,Good
Surabaya,2026-03-10 06:00:00,2.66,6.0,155.5,1.45,37.71,0.6,1,Good
Surabaya,2026-03-10 07:00:00,2.23,5.43,125.97,0.89,36.11,0.41,1,Good
Surabaya,2026-03-10 08:00:00,2.08,5.39,120.67,0.83,34.85,0.37,1,Good
Surabaya,2026-03-10 09:00:00,1.89,5.12,118.78,0.83,33.71,0.34,1,Good
Surabaya,2026-03-10 10:00:00,1.52,4.06,116.43,0.87,32.25,0.3,1,Good
Surabaya,2026-03-10 11:00:00,1.17,3.16,115.19,0.85,30.92,0.26,1,Good
Surabaya,2026-03-10 12:00:00,0.98,2.83,112.11,0.71,30.04,0.23,1,Good
Surabaya,2026-03-10 13:00:00,0.87,2.57,109.33,0.59,29.06,0.2,1,Good
Surabaya,2026-03-10 14:00:00,0.84,2.36,108.18,0.5,27.98,0.17,1,Good
Surabaya,2026-03-10 15:00:00,0.84,2.21,108.07,0.45,26.89,0.16,1,Good
Surabaya,2026-03-10 16:00:00,0.9,2.15,108.99,0.45,25.79,0.15,1,Good
Surabaya,2026-03-10 17:00:00,1.0,2.08,110.14,0.47,25.02,0.15,1,Good
Surabaya,2026-03-10 18:00:00,1.08,1.91,109.96,0.45,24.3,0.13,1,Good
Surabaya,2026-03-10 19:00:00,1.19,1.8,109.49,0.44,23.69,0.12,1,Good
Surabaya,2026-03-10 20:00:00,1.35,1.84,109.76,0.47,23.35,0.12,1,Good
Surabaya,2026-03-10 21:00:00,1.46,1.9,110.3,0.48,23.13,0.12,1,Good
Surabaya,2026-03-10 22:00:00,1.48,1.91,110.88,0.51,22.57,0.13,1,Good
Surabaya,2026-03-10 23:00:00,1.5,1.96,112.03,0.58,21.62,0.15,1,Good
Surabaya,2026-03-11 00:00:00,1.54,2.21,118.74,0.84,20.33,0.22,1,Good
Surabaya,2026-03-11 01:00:00,1.69,2.77,136.61,1.29,18.89,0.37,1,Good
Surabaya,2026-03-11 02:00:00,1.98,3.58,156.79,1.46,19.68,0.54,1,Good
Surabaya,2026-03-11 03:00:00,2.42,4.43,163.15,1.34,24.59,0.61,1,Good
Surabaya,2026-03-11 04:00:00,2.87,4.98,154.94,1.1,30.27,0.58,1,Good
Surabaya,2026-03-11 05:00:00,2.39,4.07,131.68,0.8,29.34,0.45,1,Good
Surabaya,2026-03-11 06:00:00,1.76,3.11,113.72,0.61,26.22,0.35,1,Good
Surabaya,2026-03-11 07:00:00,1.32,2.53,101.62,0.49,23.01,0.27,1,Good
Surabaya,2026-03-11 08:00:00,1.06,2.24,96.4,0.47,20.6,0.24,1,Good
Surabaya,2026-03-11 09:00:00,0.85,1.93,93.27,0.47,18.81,0.2,1,Good
Surabaya,2026-03-11 10:00:00,0.7,1.66,94.12,0.54,17.47,0.2,1,Good
Surabaya,2026-03-11 11:00:00,0.72,1.85,97.38,0.68,16.76,0.21,1,Good
Surabaya,2026-03-11 12:00:00,0.77,2.14,97.75,0.66,16.5,0.2,1,Good
Surabaya,2026-03-11 13:00:00,0.85,2.42,99.23,0.69,16.36,0.22,1,Good
Surabaya,2026-03-11 14:00:00,0.97,2.64,101.8,0.76,16.28,0.24,1,Good
Surabaya,2026-03-11 15:00:00,1.06,2.78,102.8,0.78,16.37,0.25,1,Good
Surabaya,2026-03-11 16:00:00,1.1,2.75,101.33,0.75,16.38,0.24,1,Good
Surabaya,2026-03-11 17:00:00,1.11,2.64,96.59,0.65,16.56,0.2,1,Good
Surabaya,2026-03-11 18:00:00,1.16,2.71,92.12,0.53,16.9,0.17,1,Good
Surabaya,2026-03-11 19:00:00,1.11,2.6,86.55,0.37,17.64,0.13,1,Good
Surabaya,2026-03-11 20:00:00,1.09,2.47,84.65,0.32,18.31,0.12,1,Good
Surabaya,2026-03-11 21:00:00,1.1,2.33,84.88,0.33,18.7,0.12,1,Good
Surabaya,2026-03-11 22:00:00,1.15,2.27,87.49,0.38,18.69,0.13,1,Good
Surabaya,2026-03-11 23:00:00,1.27,2.35,94.09,0.52,18.29,0.17,1,Good
Surabaya,2026-03-12 00:00:00,1.46,2.7,109.15,0.73,17.84,0.26,1,Good
Surabaya,2026-03-12 01:00:00,1.87,3.53,140.48,1.04,18.56,0.45,1,Good
Surabaya,2026-03-12 02:00:00,2.62,4.85,175.59,1.44,22.77,0.66,1,Good
Surabaya,2026-03-12 03:00:00,3.69,6.28,192.17,1.5,30.35,0.74,1,Good
Surabaya,2026-03-12 04:00:00,4.5,7.01,189.31,1.27,36.17,0.7,1,Good
Surabaya,2026-03-12 05:00:00,4.32,6.4,172.86,0.98,37.6,0.58,1,Good
Surabaya,2026-03-12 06:00:00,4.26,6.04,159.06,0.81,38.25,0.51,1,Good
Surabaya,2026-03-12 07:00:00,4.49,6.28,150.58,0.72,38.56,0.47,1,Good
Surabaya,2026-03-12 08:00:00,4.71,6.8,152.65,0.78,39.34,0.49,1,Good
Surabaya,2026-03-12 09:00:00,4.07,6.45,154.71,0.91,37.08,0.51,1,Good
Surabaya,2026-03-12 10:00:00,2.86,5.26,155.74,1.15,30.68,0.51,1,Good
Surabaya,2026-03-12 11:00:00,1.69,3.81,146.31,1.34,22.08,0.43,1,Good
Surabaya,2026-03-12 12:00:00,1.12,3.04,132.68,0.99,17.53,0.33,1,Good
Surabaya,2026-03-12 13:00:00,0.86,2.53,121.56,0.62,16.26,0.22,1,Good
Surabaya,2026-03-12 14:00:00,0.8,2.35,120.27,0.53,15.96,0.19,1,Good
Surabaya,2026-03-12 15:00:00,0.82,2.29,122.67,0.53,15.94,0.19,1,Good
Surabaya,2026-03-12 16:00:00,0.84,2.18,125.5,0.57,15.8,0.19,1,Good
Surabaya,2026-03-12 17:00:00,0.89,2.07,129.02,0.63,15.81,0.19,1,Good
Surabaya,2026-03-12 18:00:00,0.95,2.05,130.69,0.63,15.87,0.19,1,Good
Surabaya,2026-03-12 19:00:00,1.02,2.09,130.97,0.61,15.99,0.19,1,Good
Surabaya,2026-03-12 20:00:00,1.08,2.16,129.87,0.57,16.21,0.18,1,Good
Surabaya,2026-03-12 21:00:00,1.14,2.24,128.51,0.54,16.32,0.18,1,Good
Surabaya,2026-03-12 22:00:00,1.17,2.25,127.43,0.5,16.43,0.18,1,Good
Surabaya,2026-03-12 23:00:00,1.19,2.23,127.69,0.52,16.37,0.19,1,Good
Surabaya,2026-03-13 00:00:00,1.25,2.35,132.97,0.61,16.37,0.23,1,Good
Surabaya,2026-03-13 01:00:00,1.4,2.73,146.29,0.74,17.26,0.34,1,Good
Surabaya,2026-03-13 02:00:00,1.68,3.39,160.19,0.87,20.61,0.45,1,Good
Surabaya,2026-03-13 03:00:00,2.13,4.14,164.56,0.82,26.25,0.49,1,Good
Surabaya,2026-03-13 04:00:00,2.64,4.8,161.61,0.7,31.26,0.48,1,Good
Surabaya,2026-03-13 05:00:00,2.81,4.86,153.48,0.58,32.66,0.44,1,Good
Surabaya,2026-03-13 06:00:00,2.64,4.56,145.9,0.51,31.71,0.39,1,Good
Surabaya,2026-03-13 07:00:00,2.3,4.11,139.53,0.46,29.12,0.35,1,Good
Surabaya,2026-03-13 08:00:00,2.02,3.83,135.39,0.46,26.49,0.32,1,Good
Surabaya,2026-03-13 09:00:00,1.76,3.61,133.86,0.49,24.03,0.3,1,Good
Surabaya,2026-03-13 10:00:00,1.49,3.21,135.52,0.66,21.08,0.3,1,Good
Surabaya,2026-03-13 11:00:00,1.33,2.93,138.82,0.99,18.13,0.31,1,Good
Surabaya,2026-03-13 12:00:00,1.27,2.9,139.5,1.04,16.35,0.31,1,Good
Surabaya,2026-03-13 13:00:00,1.26,2.89,136.54,0.97,15.53,0.29,1,Good
Surabaya,2026-03-13 14:00:00,1.23,2.72,132.04,0.86,15.39,0.26,1,Good
Surabaya,2026-03-13 15:00:00,1.18,2.49,128.58,0.77,15.53,0.23,1,Good
Surabaya,2026-03-13 16:00:00,1.19,2.48,130.93,0.88,15.5,0.25,1,Good
Surabaya,2026-03-13 17:00:00,1.24,2.46,135.96,1.07,15.47,0.28,1,Good
Surabaya,2026-03-13 18:00:00,1.24,2.27,135.7,1.07,15.5,0.25,1,Good
Surabaya,2026-03-13 19:00:00,1.22,2.14,132.06,0.96,15.51,0.22,1,Good
Surabaya,2026-03-13 20:00:00,1.24,2.08,129.01,0.87,15.44,0.2,1,Good
Surabaya,2026-03-13 21:00:00,1.31,2.11,127.82,0.83,15.2,0.19,1,Good
Surabaya,2026-03-13 22:00:00,1.4,2.12,127.52,0.77,15.14,0.18,1,Good
Surabaya,2026-03-13 23:00:00,1.55,2.3,132.07,0.87,14.97,0.21,1,Good
Surabaya,2026-03-14 00:00:00,1.8,2.77,144.03,0.97,15.03,0.29,1,Good
Surabaya,2026-03-14 01:00:00,2.3,3.83,175.63,1.39,15.98,0.5,1,Good
Surabaya,2026-03-14 02:00:00,3.12,5.43,220.59,2.24,18.66,0.77,1,Good
Surabaya,2026-03-14 03:00:00,4.02,6.9,247.96,2.82,23.24,0.94,1,Good
Surabaya,2026-03-14 04:00:00,5.08,8.29,251.23,2.64,30.41,1.01,1,Good
Surabaya,2026-03-14 05:00:00,5.61,8.49,226.34,2.0,35.45,0.92,1,Good
Surabaya,2026-03-14 06:00:00,5.42,7.66,196.24,1.43,36.77,0.77,1,Good
Surabaya,2026-03-14 07:00:00,4.9,6.37,171.49,1.14,35.63,0.64,1,Good
Surabaya,2026-03-14 08:00:00,5.13,6.37,170.43,1.3,35.4,0.65,1,Good
Surabaya,2026-03-14 09:00:00,5.4,6.63,175.13,1.55,35.17,0.68,1,Good
Surabaya,2026-03-14 10:00:00,5.2,6.4,181.11,1.81,34.09,0.7,1,Good
Surabaya,2026-03-14 11:00:00,4.74,5.93,183.14,1.91,32.82,0.68,1,Good
Surabaya,2026-03-14 12:00:00,4.22,5.46,181.49,1.87,31.43,0.64,1,Good
Surabaya,2026-03-14 13:00:00,3.84,5.2,182.36,1.91,29.56,0.6,1,Good
Surabaya,2026-03-14 14:00:00,3.65,5.14,186.82,2.02,28.07,0.58,1,Good
Surabaya,2026-03-14 15:00:00,3.62,5.22,192.89,2.18,27.03,0.58,1,Good
Surabaya,2026-03-14 16:00:00,3.77,5.5,201.49,2.38,26.13,0.58,1,Good
Surabaya,2026-03-14 17:00:00,3.84,5.52,204.65,2.44,25.51,0.57,1,Good
Surabaya,2026-03-14 18:00:00,3.94,5.55,206.23,2.45,25.05,0.56,1,Good
Surabaya,2026-03-14 19:00:00,3.41,4.72,195.61,2.16,24.14,0.47,1,Good
Surabaya,2026-03-14 20:00:00,3.02,4.13,189.76,2.03,22.89,0.41,1,Good
Surabaya,2026-03-14 21:00:00,2.85,3.87,188.68,2.03,21.58,0.38,1,Good
Surabaya,2026-03-14 22:00:00,2.58,3.5,183.35,1.95,20.44,0.36,1,Good
Surabaya,2026-03-14 23:00:00,2.22,3.07,175.37,1.8,19.47,0.35,1,Good
Surabaya,2026-03-15 00:00:00,1.94,2.85,168.98,1.7,18.56,0.38,1,Good
Surabaya,2026-03-15 01:00:00,2.34,3.97,200.08,2.57,17.3,0.62,1,Good
Surabaya,2026-03-15 02:00:00,3.45,6.29,265.9,4.1,16.31,1.02,1,Good
Surabaya,2026-03-15 03:00:00,4.53,8.14,305.15,4.74,17.82,1.24,1,Good
Surabaya,2026-03-15 04:00:00,5.38,8.95,314.31,4.72,21.98,1.28,1,Good
Surabaya,2026-03-15 05:00:00,6.09,9.2,305.61,4.36,26.93,1.21,1,Good
Surabaya,2026-03-15 06:00:00,6.91,9.64,301.14,4.12,30.8,1.14,1,Good
Surabaya,2026-03-15 07:00:00,7.46,9.75,291.65,3.99,32.38,1.02,1,Good
Surabaya,2026-03-15 08:00:00,7.43,9.29,270.78,3.61,32.4,0.85,1,Good
Surabaya,2026-03-15 09:00:00,6.84,8.28,239.87,3.04,32.08,0.68,1,Good
Surabaya,2026-03-15 10:00:00,5.7,6.64,201.64,2.3,31.11,0.5,1,Good
Surabaya,2026-03-15 11:00:00,4.91,5.74,190.89,2.24,29.46,0.45,1,Good
Surabaya,2026-03-15 12:00:00,4.4,5.23,183.81,2.16,28.09,0.42,1,Good
Surabaya,2026-03-15 13:00:00,3.93,4.81,177.04,2.0,26.75,0.39,1,Good
Surabaya,2026-03-15 14:00:00,3.61,4.57,173.26,1.89,25.55,0.37,1,Good
Surabaya,2026-03-15 15:00:00,3.48,4.52,174.24,1.86,24.51,0.38,1,Good
Surabaya,2026-03-15 16:00:00,3.48,4.57,181.1,1.9,23.55,0.39,1,Good
Surabaya,2026-03-15 17:00:00,3.31,4.28,183.24,1.83,22.7,0.36,1,Good
Surabaya,2026-03-15 18:00:00,3.01,3.87,177.97,1.67,21.79,0.33,1,Good
Surabaya,2026-03-15 19:00:00,2.62,3.45,166.34,1.45,20.72,0.31,1,Good
Surabaya,2026-03-15 20:00:00,2.39,3.27,160.54,1.33,19.93,0.31,1,Good
Surabaya,2026-03-15 21:00:00,2.23,3.13,156.33,1.28,19.36,0.32,1,Good
Surabaya,2026-03-15 22:00:00,2.04,2.85,151.06,1.25,18.85,0.32,1,Good
Surabaya,2026-03-15 23:00:00,1.9,2.63,146.85,1.29,18.29,0.32,1,Good
Surabaya,2026-03-16 00:00:00,1.92,2.82,148.47,1.34,17.9,0.38,1,Good
Surabaya,2026-03-16 01:00:00,2.18,3.38,160.6,1.46,18.91,0.53,1,Good
Surabaya,2026-03-16 02:00:00,2.97,4.54,181.09,1.81,22.58,0.68,1,Good
Surabaya,2026-03-16 03:00:00,4.74,6.52,199.42,1.94,29.81,0.77,1,Good
Surabaya,2026-03-16 04:00:00,8.57,10.57,222.43,1.82,40.19,0.83,1,Good
Surabaya,2026-03-16 05:00:00,13.92,15.98,245.89,1.67,49.86,0.86,2,Fair
Surabaya,2026-03-16 06:00:00,18.46,20.48,261.91,1.54,56.35,0.86,2,Fair
Surabaya,2026-03-16 07:00:00,21.37,23.1,272.83,1.63,59.59,0.8,2,Fair
Surabaya,2026-03-16 08:00:00,21.36,22.78,272.91,1.81,58.71,0.71,2,Fair
Surabaya,2026-03-16 09:00:00,19.88,21.11,258.22,1.94,55.79,0.65,2,Fair
Surabaya,2026-03-16 10:00:00,17.23,18.29,240.04,2.1,51.1,0.62,2,Fair
Surabaya,2026-03-16 11:00:00,14.55,15.58,225.7,2.24,46.44,0.6,2,Fair
Surabaya,2026-03-16 12:00:00,12.36,13.51,211.83,2.24,42.55,0.58,2,Fair
Surabaya,2026-03-16 13:00:00,10.36,11.64,198.78,2.19,38.85,0.55,2,Fair
Surabaya,2026-03-16 14:00:00,8.49,9.78,185.54,2.07,35.44,0.5,1,Good
Surabaya,2026-03-16 15:00:00,6.81,8.03,171.77,1.93,32.38,0.45,1,Good
Surabaya,2026-03-16 16:00:00,5.43,6.65,158.48,1.8,29.53,0.41,1,Good
Surabaya,2026-03-16 17:00:00,4.16,5.24,143.57,1.62,26.85,0.37,1,Good
Surabaya,2026-03-16 18:00:00,3.06,3.95,128.93,1.41,24.45,0.3,1,Good
Surabaya,2026-03-16 19:00:00,2.14,2.84,115.71,1.19,22.3,0.24,1,Good
Surabaya,2026-03-16 20:00:00,1.49,2.05,105.19,1.01,20.5,0.2,1,Good
Surabaya,2026-03-16 21:00:00,1.17,1.65,99.7,0.94,19.09,0.17,1,Good
Surabaya,2026-03-16 22:00:00,1.07,1.53,98.66,0.96,17.96,0.17,1,Good
Surabaya,2026-03-16 23:00:00,1.1,1.63,101.81,1.08,17.1,0.2,1,Good
Surabaya,2026-03-17 00:00:00,1.29,2.13,113.71,1.26,16.47,0.28,1,Good
Surabaya,2026-03-17 01:00:00,2.32,4.68,187.06,2.42,16.3,0.77,1,Good
Surabaya,2026-03-17 02:00:00,4.27,8.84,306.17,4.42,18.16,1.47,1,Good
Surabaya,2026-03-17 03:00:00,6.03,11.78,369.6,5.52,24.06,1.8,1,Good
Surabaya,2026-03-17 04:00:00,7.02,12.55,371.38,5.4,31.63,1.77,1,Good
Surabaya,2026-03-17 05:00:00,6.67,11.06,327.53,4.42,35.55,1.43,1,Good
Surabaya,2026-03-17 06:00:00,5.03,7.97,256.9,3.2,34.02,1.03,1,Good
Surabaya,2026-03-17 07:00:00,2.35,3.71,153.34,1.52,27.83,0.53,1,Good
Surabaya,2026-03-17 08:00:00,1.45,2.5,130.07,1.28,23.92,0.43,1,Good
Surabaya,2026-03-17 09:00:00,1.04,1.93,119.46,1.23,21.59,0.38,1,Good
Surabaya,2026-03-17 10:00:00,0.72,1.4,110.78,1.16,20.24,0.32,1,Good
Surabaya,2026-03-17 11:00:00,0.57,1.18,107.18,1.16,19.64,0.29,1,Good
Surabaya,2026-03-17 12:00:00,0.55,1.25,104.36,1.1,19.65,0.28,1,Good
Surabaya,2026-03-17 13:00:00,0.58,1.38,101.3,1.01,19.95,0.27,1,Good
Surabaya,2026-03-17 14:00:00,0.63,1.51,100.1,0.98,20.32,0.27,1,Good
Surabaya,2026-03-17 15:00:00,0.68,1.67,99.69,0.97,20.63,0.28,1,Good
Surabaya,2026-03-17 16:00:00,0.7,1.64,99.54,0.98,20.71,0.27,1,Good
Surabaya,2026-03-17 17:00:00,0.68,1.44,97.77,0.97,20.78,0.25,1,Good
Surabaya,2026-03-17 18:00:00,0.66,1.31,94.94,0.9,20.86,0.22,1,Good
Surabaya,2026-03-17 19:00:00,0.64,1.22,91.79,0.83,20.75,0.2,1,Good
Surabaya,2026-03-17 20:00:00,0.64,1.17,90.19,0.8,20.52,0.19,1,Good
Surabaya,2026-03-17 21:00:00,0.63,1.13,88.59,0.77,20.23,0.18,1,Good
Surabaya,2026-03-17 22:00:00,0.62,1.09,87.8,0.75,20.01,0.17,1,Good
Surabaya,2026-03-17 23:00:00,0.62,1.15,88.88,0.78,19.67,0.18,1,Good
Surabaya,2026-03-18 00:00:00,0.72,1.52,97.92,1.01,19.22,0.25,1,Good
Surabaya,2026-03-18 01:00:00,1.82,4.58,191.04,3.38,16.77,0.88,1,Good
Surabaya,2026-03-18 02:00:00,4.15,9.96,357.5,6.66,14.61,1.96,1,Good
Surabaya,2026-03-18 03:00:00,6.52,14.39,477.16,8.14,17.1,2.74,1,Good
Surabaya,2026-03-18 04:00:00,9.28,18.41,544.48,8.4,31.21,3.27,1,Good
Surabaya,2026-03-18 05:00:00,13.07,22.11,556.33,7.76,52.58,3.36,2,Fair
Surabaya,2026-03-18 06:00:00,16.62,24.74,534.35,6.07,68.11,3.15,2,Fair
Surabaya,2026-03-18 07:00:00,19.24,26.44,502.15,4.78,76.86,2.76,2,Fair
Surabaya,2026-03-18 08:00:00,16.38,22.62,450.22,4.89,67.1,2.3,2,Fair
Surabaya,2026-03-18 09:00:00,10.23,14.87,353.03,4.52,48.66,1.71,2,Fair
Surabaya,2026-03-18 10:00:00,3.34,5.33,191.31,2.55,26.93,0.8,1,Good
Surabaya,2026-03-18 11:00:00,1.96,3.41,164.58,2.36,19.56,0.61,1,Good
Surabaya,2026-03-18 12:00:00,1.44,2.69,144.14,1.89,16.41,0.47,1,Good
Surabaya,2026-03-18 13:00:00,1.0,2.05,113.34,1.2,14.83,0.31,1,Good
Surabaya,2026-03-18 14:00:00,0.78,1.78,98.35,0.84,14.28,0.23,1,Good
Surabaya,2026-03-18 15:00:00,0.72,1.73,93.12,0.72,14.09,0.21,1,Good
Surabaya,2026-03-18 16:00:00,0.67,1.61,90.5,0.67,14.01,0.19,1,Good
Surabaya,2026-03-18 17:00:00,0.58,1.35,86.53,0.59,14.06,0.15,1,Good
Surabaya,2026-03-18 18:00:00,0.52,1.18,82.56,0.49,14.12,0.12,1,Good
Surabaya,2026-03-18 19:00:00,0.5,1.1,79.92,0.42,14.23,0.1,1,Good
Surabaya,2026-03-18 20:00:00,0.5,1.08,78.36,0.38,14.24,0.1,1,Good
Surabaya,2026-03-18 21:00:00,0.5,1.09,77.59,0.36,14.19,0.09,1,Good
Surabaya,2026-03-18 22:00:00,0.5,1.13,77.88,0.37,14.08,0.1,1,Good
Surabaya,2026-03-18 23:00:00,0.5,1.26,79.23,0.42,13.97,0.12,1,Good
Surabaya,2026-03-19 00:00:00,0.56,1.66,86.14,0.52,13.92,0.18,1,Good
Surabaya,2026-03-19 01:00:00,1.69,4.9,180.57,2.03,13.79,0.83,1,Good
Surabaya,2026-03-19 02:00:00,4.44,11.19,356.01,4.65,17.88,2.0,1,Good
Surabaya,2026-03-19 03:00:00,9.36,18.86,486.84,6.67,38.05,2.93,1,Good
Surabaya,2026-03-19 04:00:00,21.64,32.6,561.59,6.07,80.45,3.46,2,Fair
Surabaya,2026-03-19 05:00:00,31.49,42.16,562.85,4.6,102.83,3.39,3,Moderate
Surabaya,2026-03-19 06:00:00,32.67,42.2,526.36,3.88,103.58,3.01,3,Moderate
Surabaya,2026-03-19 07:00:00,24.88,32.46,460.17,4.55,80.86,2.36,2,Fair
Surabaya,2026-03-19 08:00:00,16.2,22.2,400.79,5.37,55.31,1.85,2,Fair
Surabaya,2026-03-19 09:00:00,9.74,13.96,313.99,4.81,38.03,1.34,1,Good
Surabaya,2026-03-19 10:00:00,2.51,4.17,146.62,1.74,21.28,0.49,1,Good
Surabaya,2026-03-19 11:00:00,1.28,2.54,124.39,1.45,16.79,0.38,1,Good
Surabaya,2026-03-19 12:00:00,1.06,2.32,121.08,1.4,15.51,0.37,1,Good
Surabaya,2026-03-19 13:00:00,0.98,2.27,119.11,1.34,14.96,0.36,1,Good
Surabaya,2026-03-19 14:00:00,1.0,2.3,119.81,1.34,14.65,0.36,1,Good
Surabaya,2026-03-19 15:00:00,1.03,2.33,121.04,1.34,14.41,0.35,1,Good
Surabaya,2026-03-19 16:00:00,1.07,2.34,123.32,1.39,14.06,0.35,1,Good
Surabaya,2026-03-19 17:00:00,1.1,2.26,125.06,1.45,13.82,0.35,1,Good
Surabaya,2026-03-19 18:00:00,1.1,2.13,123.35,1.4,13.76,0.32,1,Good
Surabaya,2026-03-19 19:00:00,1.1,2.05,119.72,1.34,13.71,0.29,1,Good
Surabaya,2026-03-19 20:00:00,1.12,2.1,116.82,1.33,13.71,0.28,1,Good
Surabaya,2026-03-19 21:00:00,1.13,2.11,113.66,1.29,13.83,0.27,1,Good
Surabaya,2026-03-19 22:00:00,1.14,2.11,111.56,1.29,14.03,0.27,1,Good
Surabaya,2026-03-19 23:00:00,1.19,2.25,112.9,1.36,14.2,0.3,1,Good
Surabaya,2026-03-20 00:00:00,1.39,2.9,128.07,1.56,14.4,0.43,1,Good
Surabaya,2026-03-20 01:00:00,1.79,3.85,163.05,1.93,15.31,0.68,1,Good
Surabaya,2026-03-20 02:00:00,2.3,4.86,196.26,2.41,18.07,0.9,1,Good
Surabaya,2026-03-20 03:00:00,2.98,5.92,215.62,2.52,24.07,1.01,1,Good
Surabaya,2026-03-20 04:00:00,6.99,11.49,275.05,2.53,44.54,1.39,1,Good
Surabaya,2026-03-20 05:00:00,16.9,23.54,379.07,3.06,74.67,2.03,2,Fair
Surabaya,2026-03-20 06:00:00,27.21,34.98,477.43,3.52,100.95,2.66,3,Moderate
Surabaya,2026-03-20 07:00:00,32.11,40.08,535.81,4.0,113.69,3.05,3,Moderate
Surabaya,2026-03-20 08:00:00,29.27,36.59,521.88,4.51,105.74,2.86,3,Moderate
Surabaya,2026-03-20 09:00:00,21.01,26.91,440.65,4.76,82.71,2.29,2,Fair
Surabaya,2026-03-20 10:00:00,9.33,12.85,269.29,3.35,50.15,1.3,1,Good
Surabaya,2026-03-20 11:00:00,5.99,9.39,231.12,3.36,37.45,1.07,1,Good
Surabaya,2026-03-20 12:00:00,4.55,8.13,201.3,2.77,31.73,0.87,1,Good
Surabaya,2026-03-20 13:00:00,3.41,6.98,157.18,1.88,28.43,0.6,1,Good
Surabaya,2026-03-20 14:00:00,2.77,6.13,138.83,1.5,27.15,0.47,1,Good
Surabaya,2026-03-20 15:00:00,2.46,5.64,131.81,1.32,26.43,0.41,1,Good
Surabaya,2026-03-20 16:00:00,3.48,8.19,192.44,3.04,23.62,0.77,1,Good
Surabaya,2026-03-20 17:00:00,4.83,10.74,268.23,5.41,20.18,1.03,1,Good
Surabaya,2026-03-20 18:00:00,5.57,11.4,297.55,6.46,18.27,0.96,1,Good
Surabaya,2026-03-20 19:00:00,5.61,10.37,299.94,6.53,17.32,0.8,1,Good
Surabaya,2026-03-20 20:00:00,5.39,9.38,291.78,6.28,17.17,0.68,1,Good
Surabaya,2026-03-20 21:00:00,5.22,8.8,283.61,6.04,17.41,0.6,1,Good
Surabaya,2026-03-20 22:00:00,4.89,8.19,267.84,5.65,17.99,0.53,1,Good
Surabaya,2026-03-20 23:00:00,4.65,8.07,255.64,5.33,18.68,0.52,1,Good
Surabaya,2026-03-21 00:00:00,4.64,8.87,257.79,4.63,20.33,0.65,1,Good
Surabaya,2026-03-21 01:00:00,4.79,10.18,270.03,3.85,25.18,0.97,1,Good
Surabaya,2026-03-21 02:00:00,7.08,14.91,365.67,5.43,33.63,1.69,1,Good
Surabaya,2026-03-21 03:00:00,11.34,21.44,437.91,6.15,52.45,2.3,2,Fair
Surabaya,2026-03-21 04:00:00,17.28,29.02,474.64,5.59,76.28,2.69,2,Fair
Surabaya,2026-03-21 05:00:00,19.78,31.88,463.71,4.93,85.2,2.66,2,Fair
Surabaya,2026-03-21 06:00:00,18.52,30.22,433.92,4.72,81.31,2.42,2,Fair
Surabaya,2026-03-21 07:00:00,15.25,26.23,388.52,4.41,72.48,2.06,2,Fair
Surabaya,2026-03-21 08:00:00,11.58,21.66,332.74,4.07,61.21,1.64,2,Fair
Surabaya,2026-03-21 09:00:00,7.74,16.46,251.45,3.29,48.51,1.15,1,Good
Surabaya,2026-03-21 10:00:00,3.92,10.67,135.41,1.45,35.51,0.46,1,Good
Surabaya,2026-03-21 11:00:00,3.25,9.45,118.28,1.24,32.41,0.35,1,Good
Surabaya,2026-03-21 12:00:00,3.06,9.0,112.63,1.09,31.88,0.31,1,Good
Surabaya,2026-03-21 13:00:00,3.9,11.45,169.43,2.79,29.34,0.69,1,Good
Surabaya,2026-03-21 14:00:00,5.66,15.97,260.06,5.42,25.61,1.18,1,Good
Surabaya,2026-03-21 15:00:00,7.78,20.73,349.39,7.78,22.21,1.56,2,Fair
Surabaya,2026-03-21 16:00:00,10.64,25.85,464.57,10.52,18.12,2.01,2,Fair
Surabaya,2026-03-21 17:00:00,12.95,28.85,552.25,12.66,15.13,2.2,2,Fair
Surabaya,2026-03-21 18:00:00,14.48,30.22,596.77,13.67,13.7,2.13,2,Fair
Surabaya,2026-03-21 19:00:00,14.9,29.96,592.79,13.48,13.79,1.87,2,Fair
Surabaya,2026-03-21 20:00:00,14.95,29.22,578.22,13.0,14.22,1.58,2,Fair
Surabaya,2026-03-21 21:00:00,15.13,28.85,569.98,12.71,14.31,1.35,2,Fair
Surabaya,2026-03-21 22:00:00,15.04,28.31,559.5,12.41,14.25,1.21,2,Fair
Surabaya,2026-03-21 23:00:00,14.23,26.95,534.13,11.76,14.93,1.15,2,Fair
Surabaya,2026-03-22 00:00:00,13.09,25.49,508.76,9.02,19.28,1.29,2,Fair
Surabaya,2026-03-22 01:00:00,5.15,11.84,219.29,2.54,32.76,0.64,1,Good
Surabaya,2026-03-22 02:00:00,3.87,9.17,157.26,1.28,40.35,0.5,1,Good
Surabaya,2026-03-22 03:00:00,3.73,8.43,137.48,0.83,44.08,0.45,1,Good
Surabaya,2026-03-22 04:00:00,3.48,7.78,126.79,0.66,44.01,0.41,1,Good
Surabaya,2026-03-22 05:00:00,3.16,7.26,123.04,0.68,41.62,0.41,1,Good
Surabaya,2026-03-22 06:00:00,2.89,6.9,122.95,0.76,38.79,0.41,1,Good
Surabaya,2026-03-22 07:00:00,2.56,6.44,120.81,0.85,35.3,0.39,1,Good
Surabaya,2026-03-22 08:00:00,2.18,5.79,113.23,0.85,31.49,0.33,1,Good
Surabaya,2026-03-22 09:00:00,1.88,5.12,104.86,0.78,28.91,0.27,1,Good
Surabaya,2026-03-22 10:00:00,1.56,4.28,99.68,0.74,27.47,0.22,1,Good
Surabaya,2026-03-22 11:00:00,1.3,3.57,98.99,0.75,27.11,0.21,1,Good
Surabaya,2026-03-22 12:00:00,1.14,3.2,97.52,0.69,27.25,0.19,1,Good
Surabaya,2026-03-22 13:00:00,1.06,3.02,95.78,0.62,27.39,0.18,1,Good
Surabaya,2026-03-22 14:00:00,1.06,3.07,95.62,0.61,27.58,0.18,1,Good
Surabaya,2026-03-22 15:00:00,1.1,3.16,97.3,0.63,27.72,0.19,1,Good
Surabaya,2026-03-22 16:00:00,1.14,3.19,101.33,0.68,27.75,0.21,1,Good
Surabaya,2026-03-22 17:00:00,1.1,3.0,100.09,0.66,28.11,0.18,1,Good
Surabaya,2026-03-22 18:00:00,1.07,2.85,97.27,0.6,28.58,0.16,1,Good
Surabaya,2026-03-22 19:00:00,1.03,2.7,92.83,0.51,29.39,0.14,1,Good
Surabaya,2026-03-22 20:00:00,0.99,2.54,89.16,0.45,30.41,0.12,1,Good
Surabaya,2026-03-22 21:00:00,1.03,2.56,86.81,0.41,30.98,0.11,1,Good
Surabaya,2026-03-22 22:00:00,1.07,2.61,85.77,0.41,31.44,0.11,1,Good
Surabaya,2026-03-22 23:00:00,1.17,2.82,86.84,0.46,31.67,0.13,1,Good
Surabaya,2026-03-23 00:00:00,1.35,3.35,94.52,0.65,31.68,0.19,1,Good
Surabaya,2026-03-23 01:00:00,1.58,4.2,108.95,0.89,32.33,0.31,1,Good
Surabaya,2026-03-23 02:00:00,1.83,5.07,120.07,0.9,35.21,0.41,1,Good
Surabaya,2026-03-23 03:00:00,2.21,5.92,124.05,0.76,39.87,0.45,1,Good
Surabaya,2026-03-23 04:00:00,3.58,8.33,154.28,1.07,46.67,0.67,1,Good
Surabaya,2026-03-23 05:00:00,6.4,12.57,207.5,1.66,56.37,1.02,1,Good
Surabaya,2026-03-23 06:00:00,9.28,16.43,253.76,2.16,64.36,1.3,2,Fair
Surabaya,2026-03-23 07:00:00,10.37,17.94,277.02,2.56,65.86,1.43,2,Fair
Surabaya,2026-03-23 08:00:00,8.62,15.72,256.48,2.76,56.64,1.26,1,Good
Surabaya,2026-03-23 09:00:00,6.04,12.12,205.69,2.49,45.08,0.96,1,Good
Surabaya,2026-03-23 10:00:00,3.78,8.46,134.2,1.37,36.7,0.51,1,Good
Surabaya,2026-03-23 11:00:00,3.3,7.69,126.24,1.33,33.94,0.45,1,Good
Surabaya,2026-03-23 12:00:00,3.16,7.44,123.24,1.27,32.86,0.44,1,Good
Surabaya,2026-03-23 13:00:00,3.14,7.33,121.3,1.21,32.45,0.43,1,Good
Surabaya,2026-03-23 14:00:00,3.29,7.47,122.51,1.22,32.72,0.44,1,Good
Surabaya,2026-03-23 15:00:00,3.6,7.86,127.93,1.3,33.44,0.47,1,Good
Surabaya,2026-03-23 16:00:00,4.0,7.75,138.83,1.47,34.48,0.51,1,Good
Surabaya,2026-03-23 17:00:00,4.05,6.71,142.58,1.46,36.53,0.46,1,Good
Surabaya,2026-03-23 18:00:00,3.74,5.56,142.12,1.33,38.46,0.39,1,Good
Surabaya,2026-03-23 19:00:00,3.12,4.38,138.47,1.15,39.38,0.32,1,Good
Surabaya,2026-03-23 20:00:00,2.49,3.46,131.63,1.05,37.91,0.28,1,Good
Surabaya,2026-03-23 21:00:00,1.95,2.79,122.68,0.96,35.2,0.25,1,Good
Surabaya,2026-03-23 22:00:00,1.41,2.13,110.04,0.81,32.38,0.22,1,Good
Surabaya,2026-03-23 23:00:00,1.06,1.73,100.82,0.71,30.35,0.2,1,Good
Surabaya,2026-03-24 00:00:00,0.93,1.7,99.5,0.77,29.11,0.22,1,Good
Surabaya,2026-03-24 01:00:00,1.22,2.73,128.61,1.42,28.52,0.45,1,Good
Surabaya,2026-03-24 02:00:00,2.12,5.0,183.79,2.16,31.62,0.85,1,Good
Surabaya,2026-03-24 03:00:00,3.9,7.93,218.09,2.17,43.25,1.09,1,Good
Surabaya,2026-03-24 04:00:00,6.5,10.85,221.99,1.77,54.75,1.12,1,Good
Surabaya,2026-03-24 05:00:00,6.75,10.51,195.62,1.43,54.14,0.94,1,Good
Surabaya,2026-03-24 06:00:00,5.36,8.39,161.47,1.16,47.7,0.73,1,Good
Surabaya,2026-03-24 07:00:00,3.73,6.16,127.45,0.87,40.18,0.49,1,Good
Surabaya,2026-03-24 08:00:00,3.14,5.47,118.32,0.86,37.05,0.41,1,Good
Surabaya,2026-03-24 09:00:00,2.79,5.14,115.2,0.92,35.6,0.37,1,Good
Surabaya,2026-03-24 10:00:00,2.51,4.64,118.75,1.14,34.19,0.39,1,Good
Surabaya,2026-03-24 11:00:00,2.44,4.5,129.27,1.51,33.04,0.44,1,Good
Surabaya,2026-03-24 12:00:00,2.53,4.78,139.83,1.72,32.1,0.5,1,Good
Surabaya,2026-03-24 13:00:00,2.67,5.21,147.42,1.8,31.14,0.54,1,Good
Surabaya,2026-03-24 14:00:00,2.83,5.69,152.79,1.78,30.48,0.56,1,Good
Surabaya,2026-03-24 15:00:00,3.0,6.15,157.65,1.77,29.94,0.57,1,Good
Surabaya,2026-03-24 16:00:00,3.32,6.64,169.32,1.89,29.28,0.62,1,Good
Surabaya,2026-03-24 17:00:00,3.92,7.27,189.92,2.22,28.66,0.7,1,Good
Surabaya,2026-03-24 18:00:00,4.91,8.19,214.21,2.59,28.66,0.79,1,Good
Surabaya,2026-03-24 19:00:00,6.47,9.65,242.77,3.01,29.4,0.88,1,Good
Surabaya,2026-03-24 20:00:00,8.46,11.68,271.36,3.46,30.54,0.99,1,Good
Surabaya,2026-03-24 21:00:00,10.42,13.72,296.8,3.81,32.03,1.09,2,Fair
Surabaya,2026-03-24 22:00:00,13.18,16.93,335.99,4.5,32.72,1.23,2,Fair
Surabaya,2026-03-24 23:00:00,16.67,21.21,391.04,5.49,32.73,1.41,2,Fair
Surabaya,2026-03-25 00:00:00,19.97,25.69,454.59,6.8,32.74,1.72,2,Fair
Surabaya,2026-03-25 01:00:00,24.34,32.57,589.09,9.67,32.58,2.45,2,Fair
Surabaya,2026-03-25 02:00:00,29.11,40.62,755.68,12.7,36.09,3.37,3,Moderate
Surabaya,2026-03-25 03:00:00,32.82,46.7,841.5,13.17,49.8,3.94,3,Moderate
Surabaya,2026-03-25 04:00:00,33.75,47.82,818.88,12.04,65.75,4.01,3,Moderate
Surabaya,2026-03-25 05:00:00,27.08,38.77,686.32,9.91,64.12,3.37,3,Moderate
Surabaya,2026-03-25 06:00:00,19.22,27.86,537.27,7.65,58.01,2.64,2,Fair
Surabaya,2026-03-25 07:00:00,13.79,18.87,394.06,5.19,53.76,1.94,2,Fair
Surabaya,2026-03-25 08:00:00,12.66,15.9,328.48,3.97,53.02,1.55,2,Fair
Surabaya,2026-03-25 09:00:00,11.76,13.8,279.55,3.01,52.5,1.19,2,Fair
Surabaya,2026-03-25 10:00:00,9.52,10.65,225.03,2.02,50.36,0.76,1,Good
Surabaya,2026-03-25 11:00:00,8.69,9.9,235.74,2.51,46.68,0.78,1,Good
Surabaya,2026-03-25 12:00:00,8.6,10.24,265.52,3.31,42.76,0.94,1,Good
Surabaya,2026-03-25 13:00:00,9.38,11.74,316.17,4.55,38.63,1.21,1,Good
Surabaya,2026-03-25 14:00:00,11.13,14.36,390.22,6.22,34.9,1.55,2,Fair
Surabaya,2026-03-25 15:00:00,13.25,17.17,466.4,7.85,31.5,1.78,2,Fair
Surabaya,2026-03-25 16:00:00,16.34,21.15,562.66,9.85,27.88,2.04,2,Fair
Surabaya,2026-03-25 17:00:00,20.7,26.2,676.87,12.27,23.74,2.26,2,Fair
Surabaya,2026-03-25 18:00:00,26.24,31.85,782.61,14.66,19.94,2.35,3,Moderate
Surabaya,2026-03-25 19:00:00,31.78,36.98,847.98,16.07,17.84,2.31,3,Moderate
Surabaya,2026-03-25 20:00:00,36.38,41.23,879.32,16.39,17.38,2.26,3,Moderate
Surabaya,2026-03-25 21:00:00,39.68,44.35,887.4,16.16,18.39,2.24,3,Moderate
Surabaya,2026-03-25 22:00:00,41.68,46.35,880.51,15.61,20.02,2.28,3,Moderate
Surabaya,2026-03-25 23:00:00,41.97,46.7,854.47,14.73,21.59,2.39,3,Moderate
Surabaya,2026-03-26 00:00:00,40.22,45.31,805.29,13.69,24.0,2.64,3,Moderate
Surabaya,2026-03-26 01:00:00,34.51,38.99,717.48,12.53,31.0,2.79,3,Moderate
Surabaya,2026-03-26 02:00:00,31.44,35.55,679.64,12.49,34.27,2.77,3,Moderate
Surabaya,2026-03-26 03:00:00,29.24,33.21,646.2,12.19,37.53,2.74,3,Moderate
Surabaya,2026-03-26 04:00:00,18.4,20.79,477.4,8.34,43.65,1.87,2,Fair
Surabaya,2026-03-26 05:00:00,14.56,16.3,418.35,6.9,46.84,1.5,2,Fair
Surabaya,2026-03-26 06:00:00,14.7,16.26,411.5,6.57,50.37,1.4,2,Fair
Surabaya,2026-03-26 07:00:00,17.19,18.88,430.43,7.18,52.51,1.42,2,Fair
Surabaya,2026-03-26 08:00:00,19.88,21.8,467.78,8.92,50.79,1.6,2,Fair
Surabaya,2026-03-26 09:00:00,19.65,21.63,484.17,10.68,45.71,1.71,2,Fair
Surabaya,2026-03-26 10:00:00,17.59,19.69,487.39,11.97,39.89,1.83,2,Fair
Surabaya,2026-03-26 11:00:00,15.14,17.41,477.47,12.26,35.56,1.93,2,Fair
Surabaya,2026-03-26 12:00:00,12.74,15.14,452.86,11.65,33.7,1.88,2,Fair
Surabaya,2026-03-26 13:00:00,12.23,15.33,465.93,11.99,31.93,2.01,2,Fair
Surabaya,2026-03-26 14:00:00,14.03,18.53,530.44,13.67,29.15,2.39,2,Fair
Surabaya,2026-03-26 15:00:00,15.71,21.37,576.16,14.57,27.15,2.61,2,Fair
Surabaya,2026-03-26 16:00:00,16.93,23.14,601.85,14.85,25.82,2.71,2,Fair
Surabaya,2026-03-26 17:00:00,17.33,22.93,600.08,14.21,25.89,2.55,2,Fair
Surabaya,2026-03-26 18:00:00,17.56,22.26,587.78,13.25,27.09,2.26,2,Fair
Surabaya,2026-03-26 19:00:00,16.13,19.01,537.68,11.34,29.93,1.84,2,Fair
Surabaya,2026-03-26 20:00:00,16.22,18.16,526.69,10.89,30.2,1.64,2,Fair
Surabaya,2026-03-26 21:00:00,16.62,18.25,516.72,10.66,30.12,1.57,2,Fair
Surabaya,2026-03-26 22:00:00,17.23,18.96,507.41,10.39,30.01,1.58,2,Fair
Surabaya,2026-03-26 23:00:00,17.95,20.02,499.82,10.17,29.89,1.71,2,Fair
Surabaya,2026-03-27 00:00:00,18.39,21.18,504.91,10.33,30.33,1.93,2,Fair
Surabaya,2026-03-27 01:00:00,19.51,22.83,546.4,10.13,34.58,2.18,2,Fair
Surabaya,2026-03-27 02:00:00,21.86,25.38,585.08,9.62,46.9,2.34,2,Fair
Surabaya,2026-03-27 03:00:00,28.1,31.74,613.08,8.35,71.31,2.47,3,Moderate
Surabaya,2026-03-27 04:00:00,33.92,38.96,706.81,10.5,79.55,2.86,3,Moderate
Surabaya,2026-03-27 05:00:00,34.52,41.58,814.01,14.06,69.23,3.52,3,Moderate
Surabaya,2026-03-27 06:00:00,36.31,44.87,927.56,17.62,61.38,4.29,3,Moderate
Surabaya,2026-03-27 07:00:00,39.23,49.12,1051.11,21.06,56.42,5.08,3,Moderate
Surabaya,2026-03-27 08:00:00,42.4,53.16,1169.75,23.84,52.9,5.67,3,Moderate
Surabaya,2026-03-27 09:00:00,45.93,57.1,1281.92,26.29,50.95,6.1,3,Moderate
Surabaya,2026-03-27 10:00:00,49.98,60.58,1379.64,28.2,52.46,6.31,3,Moderate
Surabaya,2026-03-27 11:00:00,52.36,62.1,1438.16,28.82,50.91,5.97,4,Poor
Surabaya,2026-03-27 12:00:00,51.74,60.74,1404.21,26.63,49.59,4.93,4,Poor
Surabaya,2026-03-27 13:00:00,49.37,57.41,1326.67,23.1,49.91,3.86,3,Moderate
Surabaya,2026-03-27 14:00:00,50.01,58.18,1332.39,21.72,49.51,3.33,4,Poor
Surabaya,2026-03-27 15:00:00,51.82,60.09,1355.05,20.76,48.55,2.99,4,Poor
Surabaya,2026-03-27 16:00:00,44.05,48.78,1054.55,14.3,53.43,2.23,3,Moderate
Surabaya,2026-03-27 17:00:00,42.56,46.58,975.37,13.01,52.14,2.03,3,Moderate
Surabaya,2026-03-27 18:00:00,42.33,46.01,936.49,12.18,50.85,1.85,3,Moderate
Surabaya,2026-03-27 19:00:00,36.87,39.77,800.89,9.79,49.92,1.51,3,Moderate
Surabaya,2026-03-27 20:00:00,31.53,34.12,701.62,8.6,46.87,1.42,3,Moderate
Surabaya,2026-03-27 21:00:00,27.37,29.81,638.27,8.25,43.25,1.46,3,Moderate
Surabaya,2026-03-27 22:00:00,24.52,26.92,589.75,8.14,40.54,1.54,2,Fair
Surabaya,2026-03-27 23:00:00,24.74,27.45,587.77,8.71,37.6,1.72,2,Fair
Surabaya,2026-03-28 00:00:00,25.73,29.07,600.59,8.71,38.52,1.95,3,Moderate
Surabaya,2026-03-28 01:00:00,30.35,34.72,651.07,8.25,51.18,2.28,3,Moderate
Surabaya,2026-03-28 02:00:00,41.88,47.45,730.61,7.91,79.18,2.62,3,Moderate
Surabaya,2026-03-28 03:00:00,58.66,65.01,780.44,5.97,113.45,2.77,4,Poor
Surabaya,2026-03-28 04:00:00,74.3,81.57,826.02,4.95,136.37,2.95,4,Poor
Surabaya,2026-03-28 05:00:00,86.7,94.99,873.68,5.23,146.62,3.19,5,Very Poor
Surabaya,2026-03-28 06:00:00,92.44,101.05,896.01,6.17,146.48,3.32,5,Very Poor
Surabaya,2026-03-28 07:00:00,89.28,97.1,915.12,7.83,137.04,3.26,5,Very Poor
Surabaya,2026-03-28 08:00:00,83.69,90.78,926.85,8.89,125.49,2.98,5,Very Poor
Surabaya,2026-03-28 09:00:00,79.89,85.58,904.86,8.64,120.23,2.57,5,Very Poor
Surabaya,2026-03-28 10:00:00,72.47,75.46,762.23,6.12,119.45,1.9,4,Poor
Surabaya,2026-03-28 11:00:00,67.67,69.98,729.03,5.8,115.92,1.67,4,Poor
Surabaya,2026-03-28 12:00:00,61.31,63.39,691.55,5.25,111.71,1.45,4,Poor
Surabaya,2026-03-28 13:00:00,52.61,54.68,626.33,4.44,106.1,1.27,4,Poor
Surabaya,2026-03-28 14:00:00,47.67,50.04,590.51,3.95,101.82,1.2,3,Moderate
Surabaya,2026-03-28 15:00:00,45.72,48.48,571.61,3.61,98.67,1.16,3,Moderate
Surabaya,2026-03-28 16:00:00,45.41,48.41,565.13,3.35,96.38,1.13,3,Moderate
Surabaya,2026-03-28 17:00:00,46.4,49.28,560.49,2.99,94.72,1.05,3,Moderate
Surabaya,2026-03-28 18:00:00,47.0,49.55,551.63,2.5,93.3,0.93,3,Moderate
Surabaya,2026-03-28 19:00:00,41.25,42.87,486.93,1.71,92.12,0.63,3,Moderate
Surabaya,2026-03-28 20:00:00,37.42,38.58,450.91,1.36,90.97,0.47,3,Moderate
Surabaya,2026-03-28 21:00:00,34.79,35.81,432.86,1.25,89.14,0.43,3,Moderate
Surabaya,2026-03-28 22:00:00,32.27,33.36,421.44,1.33,86.69,0.45,3,Moderate
Surabaya,2026-03-28 23:00:00,30.22,31.53,416.63,1.58,83.84,0.48,3,Moderate
Surabaya,2026-03-29 00:00:00,28.75,30.56,425.58,2.18,80.76,0.58,3,Moderate
Surabaya,2026-03-29 01:00:00,28.32,31.62,483.31,3.98,76.37,0.95,3,Moderate
Surabaya,2026-03-29 02:00:00,29.31,34.71,569.28,5.44,79.52,1.46,3,Moderate
Surabaya,2026-03-29 03:00:00,32.91,39.77,613.71,4.64,98.18,1.81,3,Moderate
Surabaya,2026-03-29 04:00:00,39.96,47.66,646.18,3.58,121.39,2.14,3,Moderate
Surabaya,2026-03-29 05:00:00,43.91,51.73,652.22,3.39,129.43,2.27,3,Moderate
Surabaya,2026-03-29 06:00:00,44.07,51.62,641.49,3.57,127.13,2.26,3,Moderate
Surabaya,2026-03-29 07:00:00,41.89,49.14,628.59,3.78,122.58,2.2,3,Moderate
Surabaya,2026-03-29 08:00:00,36.62,43.12,586.33,3.92,111.96,1.87,3,Moderate
Surabaya,2026-03-29 09:00:00,28.58,33.62,495.98,3.51,95.97,1.39,3,Moderate
Surabaya,2026-03-29 10:00:00,15.29,17.33,315.01,1.44,75.13,0.58,2,Fair
Surabaya,2026-03-29 11:00:00,9.31,10.75,273.4,1.31,66.22,0.44,2,Fair
Surabaya,2026-03-29 12:00:00,6.72,8.0,255.3,1.22,61.56,0.38,2,Fair
Surabaya,2026-03-29 13:00:00,4.92,6.09,240.9,1.07,57.81,0.32,1,Good
Surabaya,2026-03-29 14:00:00,3.58,4.61,231.77,0.94,54.96,0.27,1,Good
Surabaya,2026-03-29 15:00:00,2.6,3.53,224.73,0.86,52.33,0.23,1,Good
Surabaya,2026-03-29 16:00:00,1.97,2.84,219.68,0.83,49.56,0.24,1,Good
Surabaya,2026-03-29 17:00:00,1.72,2.56,216.64,0.81,47.55,0.27,1,Good
Surabaya,2026-03-29 18:00:00,1.67,2.56,213.6,0.79,45.66,0.31,1,Good
Surabaya,2026-03-29 19:00:00,1.87,2.84,215.37,0.85,44.34,0.38,1,Good
Surabaya,2026-03-29 20:00:00,2.47,3.63,228.31,1.07,43.6,0.47,1,Good
Surabaya,2026-03-29 21:00:00,3.12,4.49,241.8,1.31,42.63,0.53,1,Good
Surabaya,2026-03-29 22:00:00,3.82,5.39,256.88,1.66,41.09,0.6,1,Good
Surabaya,2026-03-29 23:00:00,4.69,6.6,280.95,2.16,39.64,0.69,1,Good
Surabaya,2026-03-30 00:00:00,5.77,8.32,314.08,2.68,39.45,0.87,1,Good
Surabaya,2026-03-30 01:00:00,7.47,11.11,370.14,3.39,42.95,1.22,1,Good
Surabaya,2026-03-30 02:00:00,9.74,14.55,428.74,4.46,49.34,1.52,1,Good
Surabaya,2026-03-30 03:00:00,11.8,17.26,458.59,4.84,54.91,1.63,2,Fair
Surabaya,2026-03-30 04:00:00,12.4,17.65,452.6,4.83,55.28,1.55,2,Fair
Surabaya,2026-03-30 05:00:00,10.79,15.02,399.34,4.11,50.46,1.26,2,Fair
Surabaya,2026-03-30 06:00:00,7.95,10.95,315.69,2.94,43.3,0.91,1,Good
Surabaya,2026-03-30 07:00:00,4.92,6.73,226.74,1.79,35.4,0.56,1,Good
Surabaya,2026-03-30 08:00:00,4.0,5.67,200.64,1.87,30.47,0.53,1,Good
Surabaya,2026-03-30 09:00:00,3.49,5.13,188.19,2.12,27.45,0.55,1,Good
Surabaya,2026-03-30 10:00:00,3.16,4.79,185.69,2.51,25.6,0.58,1,Good
Surabaya,2026-03-30 11:00:00,3.02,4.65,187.89,2.84,25.16,0.61,1,Good
Surabaya,2026-03-30 12:00:00,3.01,4.72,189.57,2.94,25.63,0.62,1,Good
Surabaya,2026-03-30 13:00:00,3.02,4.97,186.53,2.81,26.61,0.61,1,Good
Surabaya,2026-03-30 14:00:00,2.91,5.05,177.71,2.53,27.65,0.58,1,Good
Surabaya,2026-03-30 15:00:00,2.78,5.04,169.93,2.3,28.3,0.56,1,Good
Surabaya,2026-03-30 16:00:00,2.59,4.66,163.63,2.15,28.54,0.54,1,Good
Surabaya,2026-03-30 17:00:00,2.22,3.84,154.58,1.94,28.81,0.48,1,Good
Surabaya,2026-03-30 18:00:00,1.86,3.13,143.42,1.69,29.15,0.43,1,Good
Surabaya,2026-03-30 19:00:00,1.92,3.31,150.32,1.93,28.69,0.45,1,Good
Surabaya,2026-03-30 20:00:00,2.51,4.38,180.57,2.67,26.89,0.52,1,Good
Surabaya,2026-03-30 21:00:00,3.38,5.77,223.57,3.62,24.52,0.61,1,Good
Surabaya,2026-03-30 22:00:00,4.28,7.32,263.47,4.42,22.44,0.72,1,Good
Surabaya,2026-03-30 23:00:00,5.14,8.97,294.98,5.16,20.98,0.88,1,Good
Surabaya,2026-03-31 00:00:00,6.32,11.48,340.87,6.45,19.51,1.26,1,Good
Surabaya,2026-03-31 01:00:00,6.92,12.91,369.04,7.21,19.94,1.7,1,Good
Surabaya,2026-03-31 02:00:00,6.76,12.94,362.46,6.81,23.32,1.83,1,Good
Surabaya,2026-03-31 03:00:00,5.96,11.58,311.7,5.0,31.82,1.58,1,Good
Surabaya,2026-03-31 04:00:00,4.54,8.14,213.8,2.51,42.21,1.04,1,Good
Surabaya,2026-03-31 05:00:00,4.29,7.45,193.62,2.02,45.88,0.88,1,Good
Surabaya,2026-03-31 06:00:00,3.83,6.76,187.64,1.94,45.6,0.81,1,Good
Surabaya,2026-03-31 07:00:00,3.14,5.47,183.4,2.08,43.01,0.76,1,Good
Surabaya,2026-03-31 08:00:00,2.4,4.1,170.42,2.01,39.44,0.68,1,Good
Surabaya,2026-03-31 09:00:00,1.95,3.2,156.36,1.83,36.77,0.59,1,Good
Surabaya,2026-03-31 10:00:00,1.71,2.55,144.98,1.71,35.01,0.48,1,Good
Surabaya,2026-03-31 11:00:00,1.86,2.7,155.75,2.11,33.71,0.54,1,Good
Surabaya,2026-03-31 12:00:00,2.32,3.31,174.45,2.57,32.53,0.78,1,Good
Surabaya,2026-03-31 13:00:00,3.12,4.4,198.97,3.34,30.76,1.28,1,Good
Surabaya,2026-03-31 14:00:00,4.12,5.74,228.26,4.37,29.21,1.78,1,Good
Surabaya,2026-03-31 15:00:00,5.02,6.79,248.61,5.12,28.34,2.04,1,Good
Surabaya,2026-03-31 16:00:00,6.11,8.17,269.45,5.88,27.51,2.2,1,Good
Surabaya,2026-03-31 17:00:00,7.07,9.15,278.56,6.38,27.24,2.46,1,Good
Surabaya,2026-03-31 18:00:00,7.83,9.82,277.62,6.58,27.3,2.66,1,Good
Surabaya,2026-03-31 19:00:00,8.12,10.0,265.49,6.35,27.82,2.73,1,Good
Surabaya,2026-03-31 20:00:00,7.62,9.32,248.53,5.56,28.79,2.52,1,Good
Surabaya,2026-03-31 21:00:00,6.76,8.25,228.93,4.57,29.87,2.11,1,Good
Surabaya,2026-03-31 22:00:00,5.49,6.72,202.42,3.38,31.91,1.51,1,Good
Surabaya,2026-03-31 23:00:00,4.58,5.71,187.02,2.71,32.92,1.07,1,Good
Surabaya,2026-04-01 00:00:00,4.15,5.4,186.46,2.35,33.6,0.83,1,Good
Surabaya,2026-04-01 01:00:00,4.25,5.84,198.9,2.06,37.07,0.77,1,Good
Surabaya,2026-04-01 02:00:00,5.12,7.22,212.64,1.89,45.0,0.8,1,Good
Surabaya,2026-04-01 03:00:00,7.08,9.65,218.4,1.53,55.26,0.82,1,Good
Surabaya,2026-04-01 04:00:00,10.08,12.97,221.18,1.22,64.62,0.84,2,Fair
Surabaya,2026-04-01 05:00:00,12.61,15.52,213.66,1.0,69.07,0.83,2,Fair
Surabaya,2026-04-01 06:00:00,13.71,16.52,201.42,0.89,70.14,0.83,2,Fair
Surabaya,2026-04-01 07:00:00,13.62,16.37,190.28,0.89,68.97,0.82,2,Fair
Surabaya,2026-04-01 08:00:00,12.62,15.29,179.71,0.96,66.02,0.79,2,Fair
Surabaya,2026-04-01 09:00:00,10.79,13.32,169.15,1.1,60.6,0.74,2,Fair
Surabaya,2026-04-01 10:00:00,8.06,10.07,155.7,1.3,52.57,0.67,1,Good
Surabaya,2026-04-01 11:00:00,5.9,7.6,144.54,1.44,45.17,0.57,1,Good
Surabaya,2026-04-01 12:00:00,4.74,6.38,134.12,1.33,40.43,0.49,1,Good
Surabaya,2026-04-01 13:00:00,4.35,6.48,132.23,1.43,36.54,0.46,1,Good
Surabaya,2026-04-01 14:00:00,4.54,7.4,141.57,1.78,33.96,0.54,1,Good
Surabaya,2026-04-01 15:00:00,4.72,8.0,151.19,2.1,32.29,0.61,1,Good
Surabaya,2026-04-01 16:00:00,4.91,8.28,161.79,2.44,31.5,0.68,1,Good
Surabaya,2026-04-01 17:00:00,5.01,8.25,165.94,2.61,31.26,0.73,1,Good
Surabaya,2026-04-01 18:00:00,4.84,7.93,160.59,2.45,31.02,0.7,1,Good
Surabaya,2026-04-01 19:00:00,4.43,6.98,149.48,2.09,30.56,0.58,1,Good
Surabaya,2026-04-01 20:00:00,4.07,6.09,140.53,1.82,29.89,0.45,1,Good
Surabaya,2026-04-01 21:00:00,3.82,5.58,133.95,1.64,29.44,0.37,1,Good
Surabaya,2026-04-01 22:00:00,3.52,5.06,128.44,1.49,29.0,0.32,1,Good
Surabaya,2026-04-01 23:00:00,3.1,4.46,122.95,1.34,28.67,0.29,1,Good
Surabaya,2026-04-02 00:00:00,2.87,4.29,126.45,1.35,28.23,0.33,1,Good
Surabaya,2026-04-02 01:00:00,3.02,5.07,151.74,1.7,28.78,0.53,1,Good
Surabaya,2026-04-02 02:00:00,3.77,6.96,195.81,2.26,33.14,0.84,1,Good
Surabaya,2026-04-02 03:00:00,5.25,9.5,227.61,2.33,43.13,1.05,1,Good
Surabaya,2026-04-02 04:00:00,7.55,12.11,243.65,2.13,54.47,1.11,1,Good
Surabaya,2026-04-02 05:00:00,9.03,12.98,230.87,1.84,58.15,0.99,1,Good
Surabaya,2026-04-02 06:00:00,9.13,12.23,203.39,1.53,55.52,0.82,1,Good
Surabaya,2026-04-02 07:00:00,7.88,9.91,174.06,1.28,49.81,0.66,1,Good
Surabaya,2026-04-02 08:00:00,7.47,9.16,175.42,1.51,46.73,0.65,1,Good
Surabaya,2026-04-02 09:00:00,7.06,8.61,182.06,1.86,43.99,0.7,1,Good
Surabaya,2026-04-02 10:00:00,6.55,8.03,191.29,2.32,40.42,0.8,1,Good
Surabaya,2026-04-02 11:00:00,6.03,7.53,200.98,2.82,36.83,0.89,1,Good
Surabaya,2026-04-02 12:00:00,5.59,7.22,204.86,3.1,33.58,0.91,1,Good
Surabaya,2026-04-02 13:00:00,5.22,6.99,203.48,3.17,30.89,0.88,1,Good
Surabaya,2026-04-02 14:00:00,4.83,6.6,197.86,3.1,28.53,0.81,1,Good
Surabaya,2026-04-02 15:00:00,4.39,6.09,191.18,3.0,26.69,0.72,1,Good
Surabaya,2026-04-02 16:00:00,3.94,5.43,184.94,2.91,25.28,0.63,1,Good
Surabaya,2026-04-02 17:00:00,3.48,4.64,177.03,2.77,24.49,0.53,1,Good
Surabaya,2026-04-02 18:00:00,3.1,4.04,168.05,2.55,24.1,0.44,1,Good
Surabaya,2026-04-02 19:00:00,2.92,3.84,162.7,2.44,23.58,0.4,1,Good
Surabaya,2026-04-02 20:00:00,3.05,4.06,165.23,2.56,22.83,0.42,1,Good
Surabaya,2026-04-02 21:00:00,3.27,4.38,172.01,2.75,22.18,0.44,1,Good
Surabaya,2026-04-02 22:00:00,3.51,4.77,180.45,2.97,21.61,0.48,1,Good
Surabaya,2026-04-02 23:00:00,3.73,5.19,188.97,3.2,20.99,0.53,1,Good
Surabaya,2026-04-03 00:00:00,4.11,6.01,206.52,3.09,21.56,0.67,1,Good
Surabaya,2026-04-03 01:00:00,6.11,10.11,304.33,4.11,25.62,1.26,1,Good
Surabaya,2026-04-03 02:00:00,10.35,17.75,461.03,6.89,36.37,2.17,2,Fair
Surabaya,2026-04-03 03:00:00,15.9,25.73,554.63,8.31,54.12,2.74,2,Fair
Surabaya,2026-04-03 04:00:00,21.79,32.81,599.86,8.02,72.16,3.09,2,Fair
Surabaya,2026-04-03 05:00:00,25.89,36.25,569.78,6.26,85.15,2.87,3,Moderate
Surabaya,2026-04-03 06:00:00,27.11,35.99,501.96,4.64,90.01,2.41,3,Moderate
Surabaya,2026-04-03 07:00:00,26.38,33.37,435.7,3.89,88.19,1.96,3,Moderate
Surabaya,2026-04-03 08:00:00,25.17,30.78,402.34,3.98,83.07,1.69,3,Moderate
Surabaya,2026-04-03 09:00:00,22.83,27.15,362.64,3.71,77.03,1.5,2,Fair
Surabaya,2026-04-03 10:00:00,14.17,16.42,257.68,2.25,64.01,1.05,2,Fair
Surabaya,2026-04-03 11:00:00,9.96,11.74,231.52,2.21,57.39,0.94,1,Good
Surabaya,2026-04-03 12:00:00,8.05,9.79,223.75,2.29,53.36,0.88,1,Good
Surabaya,2026-04-03 13:00:00,6.8,8.78,218.62,2.35,49.67,0.83,1,Good
Surabaya,2026-04-03 14:00:00,5.77,7.91,215.6,2.35,46.88,0.78,1,Good
Surabaya,2026-04-03 15:00:00,4.85,6.96,214.16,2.32,45.1,0.69,1,Good
Surabaya,2026-04-03 16:00:00,5.27,7.46,236.93,2.83,42.97,0.78,1,Good
Surabaya,2026-04-03 17:00:00,6.66,8.95,273.34,3.74,39.8,0.97,1,Good
Surabaya,2026-04-03 18:00:00,7.33,9.44,292.35,4.17,37.32,1.07,1,Good
Surabaya,2026-04-03 19:00:00,7.32,9.17,294.52,4.19,36.08,1.08,1,Good
Surabaya,2026-04-03 20:00:00,7.34,9.03,296.76,4.17,35.53,1.09,1,Good
Surabaya,2026-04-03 21:00:00,7.61,9.23,302.16,4.22,35.66,1.16,1,Good
Surabaya,2026-04-03 22:00:00,8.78,10.97,332.99,4.86,34.66,1.29,1,Good
Surabaya,2026-04-03 23:00:00,11.34,14.84,403.04,6.25,32.3,1.52,2,Fair
Surabaya,2026-04-04 00:00:00,15.27,20.7,502.83,7.17,32.89,1.98,2,Fair
Surabaya,2026-04-04 01:00:00,20.74,28.05,604.68,7.33,46.1,2.61,2,Fair
Surabaya,2026-04-04 02:00:00,25.68,33.21,594.14,6.41,72.01,2.76,3,Moderate
Surabaya,2026-04-04 03:00:00,26.95,33.45,492.33,3.91,90.43,2.35,3,Moderate
Surabaya,2026-04-04 04:00:00,17.98,21.7,313.27,1.82,81.72,1.56,2,Fair
Surabaya,2026-04-04 05:00:00,14.57,17.99,270.22,1.71,74.29,1.26,2,Fair
Surabaya,2026-04-04 06:00:00,11.57,14.98,250.76,2.0,65.29,1.13,2,Fair
Surabaya,2026-04-04 07:00:00,8.92,11.7,235.7,2.32,56.01,1.05,1,Good
Surabaya,2026-04-04 08:00:00,7.09,9.25,215.57,2.32,49.23,0.9,1,Good
Surabaya,2026-04-04 09:00:00,5.74,7.68,193.8,2.16,44.23,0.77,1,Good
Surabaya,2026-04-04 10:00:00,4.77,6.92,172.93,2.02,39.53,0.67,1,Good
Surabaya,2026-04-04 11:00:00,4.22,6.84,161.92,2.11,35.37,0.65,1,Good
Surabaya,2026-04-04 12:00:00,3.8,6.67,152.49,2.07,32.23,0.6,1,Good
Surabaya,2026-04-04 13:00:00,3.15,5.93,134.17,1.64,30.55,0.47,1,Good
Surabaya,2026-04-04 14:00:00,2.51,4.98,122.47,1.33,29.46,0.38,1,Good
Surabaya,2026-04-04 15:00:00,2.05,4.22,119.71,1.25,28.53,0.33,1,Good
Surabaya,2026-04-04 16:00:00,2.03,4.24,130.06,1.5,27.81,0.38,1,Good
Surabaya,2026-04-04 17:00:00,2.21,4.6,139.3,1.84,27.36,0.48,1,Good
Surabaya,2026-04-04 18:00:00,2.34,4.71,141.95,1.98,27.19,0.55,1,Good
Surabaya,2026-04-04 19:00:00,2.72,5.25,151.48,2.26,26.58,0.6,1,Good
Surabaya,2026-04-04 20:00:00,3.39,6.27,170.03,2.73,25.52,0.65,1,Good
Surabaya,2026-04-04 21:00:00,4.19,7.37,189.66,3.19,24.45,0.69,1,Good
Surabaya,2026-04-04 22:00:00,4.95,8.32,206.11,3.58,23.5,0.73,1,Good
Surabaya,2026-04-04 23:00:00,5.58,9.16,219.9,3.94,22.66,0.8,1,Good
Surabaya,2026-04-05 00:00:00,6.2,10.3,240.05,4.38,21.98,0.94,1,Good
Surabaya,2026-04-05 01:00:00,5.5,9.43,229.26,3.88,24.11,1.07,1,Good
Surabaya,2026-04-05 02:00:00,5.84,10.21,249.35,3.63,28.69,1.2,1,Good
Surabaya,2026-04-05 03:00:00,7.52,12.27,259.89,3.06,40.92,1.21,1,Good
Surabaya,2026-04-05 04:00:00,10.97,15.67,256.35,2.29,55.27,1.12,2,Fair
Surabaya,2026-04-05 05:00:00,12.59,16.73,233.54,1.84,58.48,0.97,2,Fair
Surabaya,2026-04-05 06:00:00,11.89,15.21,201.87,1.53,55.84,0.83,2,Fair
Surabaya,2026-04-05 07:00:00,8.11,9.9,154.09,1.02,47.85,0.62,1,Good
Surabaya,2026-04-05 08:00:00,6.0,7.18,139.44,1.01,43.25,0.56,1,Good
Surabaya,2026-04-05 09:00:00,4.92,5.9,135.27,1.13,40.11,0.54,1,Good
Surabaya,2026-04-05 10:00:00,4.04,5.04,134.32,1.27,36.65,0.49,1,Good
Surabaya,2026-04-05 11:00:00,3.42,4.53,133.46,1.36,34.12,0.46,1,Good
Surabaya,2026-04-05 12:00:00,3.02,4.2,131.28,1.33,32.58,0.43,1,Good
Surabaya,2026-04-05 13:00:00,3.09,4.31,134.6,1.44,31.95,0.45,1,Good
Surabaya,2026-04-05 14:00:00,3.61,4.92,145.55,1.72,31.75,0.49,1,Good
Surabaya,2026-04-05 15:00:00,3.83,5.18,153.62,1.91,31.56,0.47,1,Good
Surabaya,2026-04-05 16:00:00,3.82,5.09,159.55,2.08,31.02,0.45,1,Good
Surabaya,2026-04-05 17:00:00,3.71,4.8,163.35,2.19,30.59,0.42,1,Good
Surabaya,2026-04-05 18:00:00,3.56,4.54,163.44,2.21,30.26,0.38,1,Good
Surabaya,2026-04-05 19:00:00,3.5,4.48,164.03,2.22,29.71,0.36,1,Good
Surabaya,2026-04-05 20:00:00,3.64,4.72,169.33,2.36,29.03,0.38,1,Good
Surabaya,2026-04-05 21:00:00,3.8,4.98,176.75,2.52,28.24,0.4,1,Good
Surabaya,2026-04-05 22:00:00,3.88,5.23,180.49,2.62,27.62,0.44,1,Good
Surabaya,2026-04-05 23:00:00,3.81,5.38,180.56,2.64,27.23,0.49,1,Good
Surabaya,2026-04-06 00:00:00,3.81,5.85,188.04,2.82,26.96,0.6,1,Good
Surabaya,2026-04-06 01:00:00,4.04,6.98,226.53,3.72,26.54,0.87,1,Good
Surabaya,2026-04-06 02:00:00,4.8,9.21,299.0,5.44,25.58,1.33,1,Good
Surabaya,2026-04-06 03:00:00,5.48,11.01,346.93,6.31,25.93,1.61,1,Good
Surabaya,2026-04-06 04:00:00,5.95,11.92,367.54,6.34,28.21,1.76,1,Good
Surabaya,2026-04-06 05:00:00,5.94,11.45,352.56,5.61,32.25,1.67,1,Good
Surabaya,2026-04-06 06:00:00,5.63,10.36,327.08,4.86,35.38,1.53,1,Good
Surabaya,2026-04-06 07:00:00,5.21,8.99,301.9,4.54,36.07,1.38,1,Good
Surabaya,2026-04-06 08:00:00,4.38,7.27,266.41,4.34,32.49,1.19,1,Good
Surabaya,2026-04-06 09:00:00,3.42,5.51,220.84,3.71,29.03,0.97,1,Good
Surabaya,2026-04-06 10:00:00,2.58,4.04,176.67,2.89,26.78,0.75,1,Good
Surabaya,2026-04-06 11:00:00,2.39,3.83,168.78,2.82,25.6,0.72,1,Good
Surabaya,2026-04-06 12:00:00,2.35,3.9,164.05,2.68,25.09,0.68,1,Good
Surabaya,2026-04-06 13:00:00,2.38,4.04,161.02,2.54,25.0,0.66,1,Good
Surabaya,2026-04-06 14:00:00,2.51,4.35,163.38,2.57,24.81,0.66,1,Good
Surabaya,2026-04-06 15:00:00,2.63,4.63,166.27,2.62,24.45,0.66,1,Good
Surabaya,2026-04-06 16:00:00,2.82,4.95,174.37,2.79,23.79,0.69,1,Good
Surabaya,2026-04-06 17:00:00,3.04,5.14,182.9,2.97,23.46,0.71,1,Good
Surabaya,2026-04-06 18:00:00,3.36,5.49,193.02,3.13,23.18,0.73,1,Good
Surabaya,2026-04-06 19:00:00,4.46,7.22,231.25,4.0,21.71,0.85,1,Good
Surabaya,2026-04-06 20:00:00,5.94,9.5,280.08,5.22,19.67,0.93,1,Good
Surabaya,2026-04-06 21:00:00,7.16,10.88,316.19,6.1,18.08,0.94,1,Good
Surabaya,2026-04-06 22:00:00,7.73,11.5,328.88,6.47,17.22,0.93,1,Good
Surabaya,2026-04-06 23:00:00,8.07,11.99,336.17,6.7,16.7,0.98,1,Good
Surabaya,2026-04-07 00:00:00,9.03,14.24,373.14,6.44,17.78,1.26,1,Good
Surabaya,2026-04-07 01:00:00,8.47,13.73,348.13,4.75,25.45,1.49,1,Good
Surabaya,2026-04-07 02:00:00,12.08,19.49,436.65,6.31,36.28,2.2,2,Fair
Surabaya,2026-04-07 03:00:00,18.39,28.24,527.75,7.56,52.83,2.88,2,Fair
Surabaya,2026-04-07 04:00:00,25.74,36.3,604.7,8.35,68.17,3.37,3,Moderate
Surabaya,2026-04-07 05:00:00,28.26,36.98,583.98,7.74,74.5,3.2,3,Moderate
Surabaya,2026-04-07 06:00:00,25.8,31.84,486.53,6.12,73.41,2.65,3,Moderate
Surabaya,2026-04-07 07:00:00,21.07,24.82,384.91,4.59,67.38,2.05,2,Fair
Surabaya,2026-04-07 08:00:00,18.9,22.07,367.44,4.55,62.27,1.83,2,Fair
Surabaya,2026-04-07 09:00:00,17.95,20.87,367.84,4.73,59.17,1.73,2,Fair
Surabaya,2026-04-07 10:00:00,17.06,19.69,356.58,4.59,56.4,1.53,2,Fair
Surabaya,2026-04-07 11:00:00,16.72,19.39,358.94,4.66,54.18,1.47,2,Fair
Surabaya,2026-04-07 12:00:00,16.54,19.39,360.26,4.58,52.07,1.43,2,Fair
Surabaya,2026-04-07 13:00:00,16.71,19.72,357.4,4.21,50.3,1.41,2,Fair
Surabaya,2026-04-07 14:00:00,17.17,20.27,357.76,3.91,48.88,1.37,2,Fair
Surabaya,2026-04-07 15:00:00,17.69,20.91,364.47,3.82,47.34,1.36,2,Fair
Surabaya,2026-04-07 16:00:00,18.74,21.97,381.69,3.99,46.01,1.42,2,Fair
Surabaya,2026-04-07 17:00:00,19.94,22.87,392.43,4.1,45.11,1.47,2,Fair
Surabaya,2026-04-07 18:00:00,21.35,23.99,404.25,4.21,44.22,1.54,2,Fair
Surabaya,2026-04-07 19:00:00,22.94,25.62,419.1,4.37,43.43,1.62,2,Fair
Surabaya,2026-04-07 20:00:00,25.4,28.55,450.76,4.76,42.73,1.82,3,Moderate
Surabaya,2026-04-07 21:00:00,29.09,32.87,502.53,5.42,42.26,2.16,3,Moderate
Surabaya,2026-04-07 22:00:00,33.43,37.77,555.57,6.11,42.26,2.57,3,Moderate
Surabaya,2026-04-07 23:00:00,37.79,42.5,600.39,6.58,43.76,2.98,3,Moderate
Surabaya,2026-04-08 00:00:00,42.16,47.24,641.0,6.97,48.44,3.34,3,Moderate
Surabaya,2026-04-08 01:00:00,41.26,45.82,612.4,6.12,62.21,3.19,3,Moderate
Surabaya,2026-04-08 02:00:00,42.74,47.57,624.86,6.04,74.64,3.26,3,Moderate
Surabaya,2026-04-08 03:00:00,47.5,53.05,656.13,6.07,86.97,3.52,3,Moderate
Surabaya,2026-04-08 04:00:00,54.07,61.75,772.33,8.35,91.07,4.0,4,Poor
Surabaya,2026-04-08 05:00:00,57.59,67.58,900.13,11.31,84.98,4.53,4,Poor
Surabaya,2026-04-08 06:00:00,58.9,70.02,998.5,13.78,77.77,5.06,4,Poor
Surabaya,2026-04-08 07:00:00,57.28,68.38,1068.66,15.68,70.86,5.51,4,Poor
Surabaya,2026-04-08 08:00:00,56.25,67.0,1119.16,16.47,65.59,5.69,4,Poor
Surabaya,2026-04-08 09:00:00,55.78,64.95,1104.52,15.31,65.27,5.25,4,Poor
Surabaya,2026-04-08 10:00:00,50.99,55.65,835.77,9.72,78.24,3.56,4,Poor
Surabaya,2026-04-08 11:00:00,50.61,55.11,819.32,9.7,78.96,3.39,4,Poor
Surabaya,2026-04-08 12:00:00,50.4,55.37,826.09,9.57,77.64,3.37,4,Poor
Surabaya,2026-04-08 13:00:00,52.87,60.15,900.68,11.02,72.72,3.5,4,Poor
Surabaya,2026-04-08 14:00:00,58.51,69.44,1041.18,13.63,65.53,3.82,4,Poor
Surabaya,2026-04-08 15:00:00,66.12,80.57,1194.65,15.99,59.01,4.19,4,Poor
Surabaya,2026-04-08 16:00:00,77.21,94.31,1360.43,18.17,52.34,4.54,5,Very Poor
Surabaya,2026-04-08 17:00:00,86.79,104.41,1474.72,18.93,47.56,4.46,5,Very Poor
Surabaya,2026-04-08 18:00:00,93.29,110.21,1508.48,17.89,45.18,4.06,5,Very Poor
Surabaya,2026-04-08 19:00:00,53.09,59.0,839.22,6.77,62.67,2.7,4,Poor
Surabaya,2026-04-08 20:00:00,44.18,48.27,699.78,4.69,64.3,2.14,3,Moderate
Surabaya,2026-04-08 21:00:00,45.15,48.83,679.0,4.23,63.2,1.99,3,Moderate
Surabaya,2026-04-08 22:00:00,45.1,48.42,666.44,4.0,61.63,1.9,3,Moderate
Surabaya,2026-04-08 23:00:00,44.31,47.6,664.26,3.91,60.26,1.83,3,Moderate
Surabaya,2026-04-09 00:00:00,42.78,46.38,666.32,4.17,59.8,1.8,3,Moderate
Surabaya,2026-04-09 01:00:00,43.17,47.56,690.77,5.03,61.53,1.91,3,Moderate
Surabaya,2026-04-09 02:00:00,45.08,50.69,733.19,5.98,66.78,2.15,3,Moderate
Surabaya,2026-04-09 03:00:00,49.37,56.27,766.92,5.98,78.78,2.36,3,Moderate
Surabaya,2026-04-09 04:00:00,56.35,64.72,816.15,6.07,93.76,2.65,4,Poor
Surabaya,2026-04-09 05:00:00,63.13,72.8,870.49,6.57,105.88,2.92,4,Poor
Surabaya,2026-04-09 06:00:00,65.86,75.9,897.46,7.07,111.47,3.03,4,Poor
Surabaya,2026-04-09 07:00:00,62.58,71.24,902.75,7.97,107.32,2.93,4,Poor
Surabaya,2026-04-09 08:00:00,56.56,63.39,871.51,8.15,99.48,2.56,4,Poor
Surabaya,2026-04-09 09:00:00,49.59,54.61,780.84,6.84,93.41,2.03,3,Moderate
Surabaya,2026-04-09 10:00:00,40.74,43.86,633.84,4.37,88.13,1.42,3,Moderate
Surabaya,2026-04-09 11:00:00,35.31,38.13,594.01,4.17,82.06,1.32,3,Moderate
Surabaya,2026-04-09 12:00:00,31.04,33.81,562.62,3.96,77.11,1.22,3,Moderate
Surabaya,2026-04-09 13:00:00,27.4,30.12,526.69,3.52,73.04,1.09,3,Moderate
Surabaya,2026-04-09 14:00:00,24.71,27.4,501.14,3.19,69.85,1.0,2,Fair
Surabaya,2026-04-09 15:00:00,22.7,25.29,481.97,2.96,67.79,0.91,2,Fair
Surabaya,2026-04-09 16:00:00,21.02,23.35,465.87,2.83,66.4,0.81,2,Fair
Surabaya,2026-04-09 17:00:00,19.11,21.03,448.61,2.63,64.77,0.67,2,Fair
Surabaya,2026-04-09 18:00:00,16.86,18.45,425.01,2.32,63.14,0.56,2,Fair
Surabaya,2026-04-09 19:00:00,14.41,15.83,388.82,1.94,61.52,0.48,2,Fair
Surabaya,2026-04-09 20:00:00,13.03,14.42,362.28,1.74,60.15,0.46,2,Fair
Surabaya,2026-04-09 21:00:00,12.43,13.79,347.39,1.64,59.24,0.44,2,Fair
Surabaya,2026-04-09 22:00:00,12.01,13.35,338.95,1.58,58.79,0.46,2,Fair
Surabaya,2026-04-09 23:00:00,11.61,13.03,334.84,1.64,58.13,0.5,2,Fair
Surabaya,2026-04-10 00:00:00,11.53,13.36,343.44,1.95,57.69,0.63,2,Fair
Surabaya,2026-04-10 01:00:00,13.15,16.62,415.03,3.53,58.76,1.14,2,Fair
Surabaya,2026-04-10 02:00:00,18.08,24.37,546.94,5.41,69.91,1.98,2,Fair
Surabaya,2026-04-10 03:00:00,27.33,35.9,636.01,5.11,97.25,2.5,3,Moderate
Surabaya,2026-04-10 04:00:00,39.29,49.34,698.23,4.49,124.83,2.84,3,Moderate
Surabaya,2026-04-10 05:00:00,44.88,54.99,729.77,4.83,132.04,2.93,3,Moderate
Surabaya,2026-04-10 06:00:00,43.44,52.71,738.18,5.92,123.48,2.9,3,Moderate
Surabaya,2026-04-10 07:00:00,39.24,47.41,755.77,7.89,107.82,2.8,3,Moderate
Surabaya,2026-04-10 08:00:00,36.51,43.74,769.97,9.1,96.96,2.47,3,Moderate
Surabaya,2026-04-10 09:00:00,32.68,38.37,706.01,8.52,89.91,1.97,3,Moderate
Surabaya,2026-04-10 10:00:00,22.41,24.61,431.68,3.44,79.81,0.92,2,Fair
Surabaya,2026-04-10 11:00:00,19.82,21.8,405.28,3.3,73.92,0.84,2,Fair
Surabaya,2026-04-10 12:00:00,18.24,20.38,400.04,3.33,69.4,0.84,2,Fair
Surabaya,2026-04-10 13:00:00,16.87,19.32,387.46,3.07,65.79,0.83,2,Fair
Surabaya,2026-04-10 14:00:00,15.76,18.49,370.69,2.69,63.09,0.82,2,Fair
Surabaya,2026-04-10 15:00:00,14.97,17.91,358.15,2.43,61.76,0.8,2,Fair
Surabaya,2026-04-10 16:00:00,14.51,17.47,354.01,2.38,61.1,0.8,2,Fair
Surabaya,2026-04-10 17:00:00,14.01,16.77,350.88,2.35,60.2,0.77,2,Fair
Surabaya,2026-04-10 18:00:00,12.9,15.26,337.14,2.08,58.61,0.7,2,Fair
Surabaya,2026-04-10 19:00:00,11.48,13.52,316.94,1.77,56.1,0.62,2,Fair
Surabaya,2026-04-10 20:00:00,9.93,11.74,294.53,1.53,53.58,0.56,1,Good
Surabaya,2026-04-10 21:00:00,8.38,9.94,270.56,1.36,50.94,0.53,1,Good
Surabaya,2026-04-10 22:00:00,7.11,8.33,249.95,1.3,48.34,0.54,1,Good
Surabaya,2026-04-10 23:00:00,6.53,7.61,239.0,1.42,45.99,0.58,1,Good
Surabaya,2026-04-11 00:00:00,6.56,7.87,242.89,1.8,43.75,0.67,1,Good
Surabaya,2026-04-11 01:00:00,7.55,10.46,303.04,3.67,40.53,1.05,1,Good
Surabaya,2026-04-11 02:00:00,9.5,14.97,408.93,6.13,39.29,1.65,1,Good
Surabaya,2026-04-11 03:00:00,12.24,19.61,476.29,6.37,49.34,2.07,2,Fair
Surabaya,2026-04-11 04:00:00,20.98,29.34,509.1,4.24,84.52,2.33,2,Fair
Surabaya,2026-04-11 05:00:00,26.82,34.54,478.21,3.02,97.52,2.12,3,Moderate
Surabaya,2026-04-11 06:00:00,23.97,30.19,403.27,2.57,88.21,1.68,2,Fair
Surabaya,2026-04-11 07:00:00,18.1,22.86,324.3,2.26,73.54,1.27,2,Fair
Surabaya,2026-04-11 08:00:00,13.32,17.19,270.65,2.14,61.59,1.01,2,Fair
Surabaya,2026-04-11 09:00:00,9.15,12.16,219.14,1.92,51.23,0.77,1,Good
Surabaya,2026-04-11 10:00:00,5.31,7.4,164.64,1.5,41.8,0.5,1,Good
Surabaya,2026-04-11 11:00:00,3.23,5.1,140.11,1.34,35.65,0.4,1,Good
Surabaya,2026-04-11 12:00:00,2.16,4.09,121.31,1.03,32.07,0.32,1,Good
Surabaya,2026-04-11 13:00:00,1.42,3.23,104.37,0.69,29.52,0.23,1,Good
Surabaya,2026-04-11 14:00:00,1.05,2.72,98.21,0.57,28.1,0.19,1,Good
Surabaya,2026-04-11 15:00:00,0.97,2.58,98.63,0.6,27.52,0.19,1,Good
Surabaya,2026-04-11 16:00:00,0.94,2.46,100.56,0.68,26.98,0.21,1,Good
Surabaya,2026-04-11 17:00:00,0.97,2.43,100.3,0.7,26.41,0.23,1,Good
Surabaya,2026-04-11 18:00:00,1.0,2.51,97.13,0.65,25.79,0.22,1,Good
Surabaya,2026-04-11 19:00:00,1.01,2.57,92.41,0.58,25.29,0.19,1,Good
Surabaya,2026-04-11 20:00:00,0.99,2.53,89.04,0.53,25.02,0.17,1,Good
Surabaya,2026-04-11 21:00:00,1.0,2.5,86.72,0.49,24.98,0.15,1,Good
Surabaya,2026-04-11 22:00:00,1.04,2.56,85.71,0.47,24.94,0.14,1,Good
Surabaya,2026-04-11 23:00:00,1.09,2.64,86.55,0.49,25.07,0.15,1,Good
Surabaya,2026-04-12 00:00:00,1.18,2.83,92.16,0.55,25.42,0.18,1,Good
Surabaya,2026-04-12 01:00:00,1.58,3.8,118.49,0.95,26.86,0.37,1,Good
Surabaya,2026-04-12 02:00:00,2.59,5.91,164.51,1.57,32.77,0.67,1,Good
Surabaya,2026-04-12 03:00:00,4.39,8.67,195.52,1.71,44.04,0.87,1,Good
Surabaya,2026-04-12 04:00:00,7.04,11.93,212.45,1.57,55.19,0.97,1,Good
Surabaya,2026-04-12 05:00:00,8.62,13.4,203.38,1.28,58.86,0.9,1,Good
Surabaya,2026-04-12 06:00:00,8.92,13.43,187.51,1.09,56.91,0.78,1,Good
Surabaya,2026-04-12 07:00:00,8.34,12.58,173.32,1.07,52.85,0.69,1,Good
Surabaya,2026-04-12 08:00:00,7.02,10.8,156.58,1.11,47.02,0.58,1,Good
Surabaya,2026-04-12 09:00:00,5.44,8.63,134.6,1.04,40.85,0.45,1,Good
Surabaya,2026-04-12 10:00:00,3.62,6.07,110.09,0.78,35.28,0.3,1,Good
Surabaya,2026-04-12 11:00:00,2.6,4.71,104.26,0.8,31.85,0.26,1,Good
Surabaya,2026-04-12 12:00:00,2.12,4.06,101.04,0.78,29.55,0.24,1,Good
Surabaya,2026-04-12 13:00:00,1.85,3.69,97.77,0.72,27.78,0.21,1,Good
Surabaya,2026-04-12 14:00:00,1.65,3.37,94.98,0.65,26.8,0.19,1,Good
Surabaya,2026-04-12 15:00:00,1.5,3.07,92.71,0.59,26.21,0.17,1,Good
Surabaya,2026-04-12 16:00:00,1.59,3.31,95.15,0.69,25.49,0.2,1,Good
Surabaya,2026-04-12 17:00:00,1.92,3.98,101.5,0.89,24.64,0.25,1,Good
Surabaya,2026-04-12 18:00:00,2.17,4.37,106.8,1.06,24.08,0.3,1,Good
Surabaya,2026-04-12 19:00:00,2.3,4.47,110.24,1.16,23.74,0.33,1,Good
Surabaya,2026-04-12 20:00:00,2.33,4.4,112.35,1.24,23.68,0.33,1,Good
Surabaya,2026-04-12 21:00:00,2.37,4.36,114.99,1.33,23.73,0.34,1,Good
Surabaya,2026-04-12 22:00:00,2.35,4.25,115.49,1.39,23.95,0.34,1,Good
Surabaya,2026-04-12 23:00:00,2.28,4.13,116.23,1.45,23.89,0.34,1,Good
Surabaya,2026-04-13 00:00:00,2.31,4.3,123.83,1.35,24.1,0.42,1,Good
Surabaya,2026-04-13 01:00:00,2.46,4.68,138.71,1.24,27.35,0.62,1,Good
Surabaya,2026-04-13 02:00:00,3.34,6.05,157.9,1.36,36.2,0.92,1,Good
Surabaya,2026-04-13 03:00:00,5.85,9.14,174.38,1.3,48.62,1.15,1,Good
Surabaya,2026-04-13 04:00:00,10.2,14.03,191.41,1.22,60.23,1.34,2,Fair
Surabaya,2026-04-13 05:00:00,14.96,19.22,204.8,1.18,68.47,1.55,2,Fair
Surabaya,2026-04-13 06:00:00,18.54,23.22,218.15,1.24,73.99,1.74,2,Fair
Surabaya,2026-04-13 07:00:00,20.1,25.08,226.91,1.34,76.86,1.81,2,Fair
Surabaya,2026-04-13 08:00:00,18.81,23.75,218.55,1.36,74.84,1.65,2,Fair
Surabaya,2026-04-13 09:00:00,15.46,20.18,199.74,1.4,67.9,1.36,2,Fair
Surabaya,2026-04-13 10:00:00,11.2,15.63,177.39,1.57,57.63,1.05,2,Fair
Surabaya,2026-04-13 11:00:00,8.2,12.46,164.56,1.84,49.07,0.84,1,Good
Surabaya,2026-04-13 12:00:00,6.38,10.4,153.26,1.81,44.09,0.73,1,Good
Surabaya,2026-04-13 13:00:00,5.71,10.19,160.33,2.31,40.33,0.88,1,Good
Surabaya,2026-04-13 14:00:00,5.84,11.21,180.61,3.1,37.69,1.14,1,Good
Surabaya,2026-04-13 15:00:00,6.01,11.87,194.1,3.55,36.85,1.28,1,Good
Surabaya,2026-04-13 16:00:00,6.39,12.31,210.65,3.96,36.77,1.42,1,Good
Surabaya,2026-04-13 17:00:00,6.6,12.22,219.15,4.17,37.34,1.5,1,Good
Surabaya,2026-04-13 18:00:00,6.72,12.13,220.78,4.18,37.92,1.57,1,Good
Surabaya,2026-04-13 19:00:00,7.03,12.83,229.34,4.33,37.48,1.51,1,Good
Surabaya,2026-04-13 20:00:00,7.75,14.26,250.14,4.71,36.04,1.39,1,Good
Surabaya,2026-04-13 21:00:00,8.55,15.52,272.03,5.05,34.7,1.29,1,Good
Surabaya,2026-04-13 22:00:00,8.78,15.74,280.52,5.19,33.46,1.2,1,Good
Surabaya,2026-04-13 23:00:00,8.49,15.39,276.13,5.12,32.76,1.16,1,Good
Surabaya,2026-04-14 00:00:00,8.21,15.41,274.91,4.55,34.21,1.29,1,Good
Surabaya,2026-04-14 01:00:00,5.27,10.52,181.59,1.93,43.1,0.98,1,Good
Surabaya,2026-04-14 02:00:00,5.56,10.52,177.98,1.53,52.24,1.0,1,Good
Surabaya,2026-04-14 03:00:00,7.89,13.3,190.15,1.36,62.81,1.13,2,Fair
Surabaya,2026-04-14 04:00:00,11.46,17.33,201.88,1.23,72.14,1.25,2,Fair
Surabaya,2026-04-14 05:00:00,15.68,21.97,212.15,1.17,79.7,1.39,2,Fair
Surabaya,2026-04-14 06:00:00,19.9,26.7,226.07,1.22,86.12,1.56,2,Fair
Surabaya,2026-04-14 07:00:00,22.18,29.28,232.76,1.32,89.89,1.64,2,Fair
Surabaya,2026-04-14 08:00:00,21.68,28.7,224.93,1.37,89.0,1.58,2,Fair
Surabaya,2026-04-14 09:00:00,18.91,25.69,209.24,1.46,83.85,1.42,2,Fair
Surabaya,2026-04-14 10:00:00,15.66,22.62,250.54,3.35,73.23,1.5,2,Fair
Surabaya,2026-04-14 11:00:00,13.8,21.54,347.29,6.51,60.21,1.92,2,Fair
Surabaya,2026-04-14 12:00:00,13.0,21.89,409.93,8.11,51.73,2.3,2,Fair
Surabaya,2026-04-14 13:00:00,12.56,22.4,418.25,8.13,46.52,2.42,2,Fair
Surabaya,2026-04-14 14:00:00,12.14,22.05,391.98,7.37,45.06,2.18,2,Fair
Surabaya,2026-04-14 15:00:00,11.45,20.42,345.55,6.33,45.88,1.9,2,Fair
Surabaya,2026-04-14 16:00:00,10.16,17.21,274.52,4.8,48.83,1.65,2,Fair
Surabaya,2026-04-14 17:00:00,10.2,16.91,264.28,4.69,49.82,1.71,2,Fair
Surabaya,2026-04-14 18:00:00,9.93,16.33,246.12,4.29,50.59,1.73,1,Good
Surabaya,2026-04-14 19:00:00,9.85,16.32,237.61,4.05,50.69,1.67,1,Good
Surabaya,2026-04-14 20:00:00,10.56,17.5,253.01,4.38,49.68,1.64,2,Fair
Surabaya,2026-04-14 21:00:00,11.26,18.5,268.96,4.62,48.44,1.6,2,Fair
Surabaya,2026-04-14 22:00:00,11.71,19.05,280.54,4.69,46.85,1.54,2,Fair
Surabaya,2026-04-14 23:00:00,11.79,19.32,287.75,4.66,44.77,1.53,2,Fair
Surabaya,2026-04-15 00:00:00,11.67,19.8,299.18,4.8,43.27,1.65,2,Fair
Surabaya,2026-04-15 01:00:00,8.16,14.39,226.44,2.87,46.6,1.35,1,Good
Surabaya,2026-04-15 02:00:00,7.71,13.28,216.47,2.06,51.8,1.21,1,Good
Surabaya,2026-04-15 03:00:00,9.18,14.39,211.8,1.42,59.24,1.07,1,Good
Surabaya,2026-04-15 04:00:00,10.39,14.86,194.69,1.01,61.62,0.86,2,Fair
Surabaya,2026-04-15 05:00:00,10.49,14.3,173.56,0.85,59.33,0.72,2,Fair
Surabaya,2026-04-15 06:00:00,10.17,13.64,160.85,0.86,56.47,0.72,2,Fair
Surabaya,2026-04-15 07:00:00,8.63,11.33,149.8,0.99,52.42,0.77,1,Good
Surabaya,2026-04-15 08:00:00,7.12,9.21,140.93,1.06,49.17,0.78,1,Good
Surabaya,2026-04-15 09:00:00,6.06,7.86,134.68,1.14,46.49,0.75,1,Good
Surabaya,2026-04-15 10:00:00,5.24,7.01,130.87,1.33,42.37,0.66,1,Good
Surabaya,2026-04-15 11:00:00,4.76,6.68,131.6,1.58,38.16,0.59,1,Good
Surabaya,2026-04-15 12:00:00,4.49,6.53,134.17,1.67,36.42,0.55,1,Good
Surabaya,2026-04-15 13:00:00,4.43,6.64,139.09,1.75,36.24,0.55,1,Good
Surabaya,2026-04-15 14:00:00,4.5,6.74,145.57,1.85,37.41,0.61,1,Good
Surabaya,2026-04-15 15:00:00,4.66,6.82,154.18,2.03,39.26,0.75,1,Good
Surabaya,2026-04-15 16:00:00,5.24,7.56,172.26,2.5,41.1,1.01,1,Good
Surabaya,2026-04-15 17:00:00,6.19,8.82,196.11,3.15,42.14,1.38,1,Good
Surabaya,2026-04-15 18:00:00,7.07,9.87,215.22,3.5,42.83,1.67,1,Good
Surabaya,2026-04-15 19:00:00,8.66,12.16,266.64,4.36,40.93,1.73,1,Good
Surabaya,2026-04-15 20:00:00,10.93,15.43,340.91,5.65,37.43,1.67,2,Fair
Surabaya,2026-04-15 21:00:00,13.19,18.46,409.97,6.81,34.17,1.62,2,Fair
Surabaya,2026-04-15 22:00:00,14.59,20.11,456.57,7.64,31.67,1.56,2,Fair
Surabaya,2026-04-15 23:00:00,14.87,20.42,475.33,8.04,30.17,1.53,2,Fair
Surabaya,2026-04-16 00:00:00,15.24,21.57,498.3,7.6,32.31,1.72,2,Fair
Surabaya,2026-04-16 01:00:00,8.5,12.25,265.13,2.73,49.12,1.35,1,Good
Surabaya,2026-04-16 02:00:00,8.5,12.77,242.86,1.96,58.93,1.15,1,Good
Surabaya,2026-04-16 03:00:00,10.96,16.58,241.72,1.57,67.79,1.1,2,Fair
Surabaya,2026-04-16 04:00:00,13.86,20.86,235.57,1.28,72.85,1.06,2,Fair
Surabaya,2026-04-16 05:00:00,15.53,23.61,216.55,1.01,72.13,0.95,2,Fair
Surabaya,2026-04-16 06:00:00,15.6,24.64,193.37,0.83,67.82,0.84,2,Fair
Surabaya,2026-04-16 07:00:00,14.72,24.43,175.47,0.79,63.31,0.75,2,Fair
Surabaya,2026-04-16 08:00:00,13.25,22.99,164.95,0.88,59.47,0.7,2,Fair
Surabaya,2026-04-16 09:00:00,11.27,20.57,157.05,1.08,54.86,0.66,2,Fair
Surabaya,2026-04-16 10:00:00,9.19,17.95,151.88,1.47,49.04,0.64,1,Good
Surabaya,2026-04-16 11:00:00,7.48,15.74,143.13,1.7,43.59,0.6,1,Good
Surabaya,2026-04-16 12:00:00,6.2,13.87,131.48,1.49,40.71,0.53,1,Good
Surabaya,2026-04-16 13:00:00,5.12,11.88,122.16,1.29,39.07,0.49,1,Good
Surabaya,2026-04-16 14:00:00,4.41,10.27,119.14,1.23,38.44,0.52,1,Good
Surabaya,2026-04-16 15:00:00,4.11,9.44,119.53,1.26,38.48,0.59,1,Good
Surabaya,2026-04-16 16:00:00,3.95,8.74,121.72,1.31,39.75,0.65,1,Good
Surabaya,2026-04-16 17:00:00,4.0,8.47,124.13,1.34,41.34,0.71,1,Good
Surabaya,2026-04-16 18:00:00,4.21,8.76,125.48,1.31,42.14,0.72,1,Good
Surabaya,2026-04-16 19:00:00,4.22,8.71,123.68,1.16,42.61,0.63,1,Good
Surabaya,2026-04-16 20:00:00,4.08,8.39,121.35,1.01,43.3,0.52,1,Good
Surabaya,2026-04-16 21:00:00,3.93,8.07,119.82,0.9,43.89,0.44,1,Good
Surabaya,2026-04-16 22:00:00,3.75,7.72,118.79,0.83,44.24,0.38,1,Good
Surabaya,2026-04-16 23:00:00,3.59,7.43,118.28,0.83,44.24,0.35,1,Good
Surabaya,2026-04-17 00:00:00,3.47,7.26,122.25,0.91,44.25,0.37,1,Good
Surabaya,2026-04-17 01:00:00,3.79,8.09,146.67,1.39,44.54,0.55,1,Good
Surabaya,2026-04-17 02:00:00,4.86,10.4,192.18,2.15,47.5,0.88,1,Good
Surabaya,2026-04-17 03:00:00,6.43,13.13,223.32,2.41,53.6,1.1,1,Good
Surabaya,2026-04-17 04:00:00,8.5,15.8,237.72,2.25,60.72,1.19,2,Fair
Surabaya,2026-04-17 05:00:00,10.96,18.04,229.71,1.7,67.21,1.11,2,Fair
Surabaya,2026-04-17 06:00:00,12.79,19.33,215.95,1.36,69.86,1.01,2,Fair
Surabaya,2026-04-17 07:00:00,12.75,18.63,201.71,1.24,68.26,0.91,2,Fair
Surabaya,2026-04-17 08:00:00,10.77,15.86,181.75,1.22,62.41,0.8,2,Fair
Surabaya,2026-04-17 09:00:00,7.86,12.14,158.67,1.24,53.97,0.67,1,Good
Surabaya,2026-04-17 10:00:00,4.92,8.46,136.22,1.35,44.57,0.54,1,Good
Surabaya,2026-04-17 11:00:00,3.43,6.89,126.16,1.46,38.56,0.48,1,Good
Surabaya,2026-04-17 12:00:00,3.04,6.99,116.33,1.31,35.45,0.42,1,Good
Surabaya,2026-04-17 13:00:00,3.1,7.77,107.54,1.13,33.36,0.38,1,Good
Surabaya,2026-04-17 14:00:00,3.4,8.74,102.68,1.04,32.16,0.35,1,Good
Surabaya,2026-04-17 15:00:00,3.7,9.46,100.97,1.0,31.52,0.33,1,Good
Surabaya,2026-04-17 16:00:00,3.75,9.03,101.05,1.02,31.32,0.33,1,Good
Surabaya,2026-04-17 17:00:00,3.72,8.52,101.1,1.01,31.45,0.33,1,Good
Surabaya,2026-04-17 18:00:00,3.79,8.56,98.5,0.91,31.8,0.31,1,Good
Surabaya,2026-04-17 19:00:00,3.89,8.71,94.86,0.79,32.16,0.27,1,Good
Surabaya,2026-04-17 20:00:00,3.95,8.64,91.23,0.7,32.41,0.23,1,Good
Surabaya,2026-04-17 21:00:00,3.94,8.34,88.38,0.63,32.66,0.2,1,Good
Surabaya,2026-04-17 22:00:00,3.89,7.94,86.02,0.59,32.78,0.18,1,Good
Surabaya,2026-04-17 23:00:00,3.88,7.63,85.22,0.58,32.89,0.17,1,Good
Surabaya,2026-04-18 00:00:00,3.95,7.57,88.92,0.59,33.12,0.19,1,Good
Surabaya,2026-04-18 01:00:00,4.19,7.9,104.17,0.77,34.45,0.3,1,Good
Surabaya,2026-04-18 02:00:00,4.79,8.84,131.42,1.14,38.0,0.48,1,Good
Surabaya,2026-04-18 03:00:00,5.68,9.98,150.68,1.25,43.92,0.6,1,Good
Surabaya,2026-04-18 04:00:00,6.76,10.99,161.5,1.24,49.49,0.65,1,Good
Surabaya,2026-04-18 05:00:00,7.17,10.99,159.22,1.2,50.67,0.63,1,Good
Surabaya,2026-04-18 06:00:00,6.77,10.24,153.26,1.27,48.59,0.6,1,Good
Surabaya,2026-04-18 07:00:00,6.09,9.44,145.78,1.33,46.07,0.57,1,Good
Surabaya,2026-04-18 08:00:00,5.47,8.92,133.61,1.18,44.58,0.51,1,Good
Surabaya,2026-04-18 09:00:00,4.83,8.55,118.07,1.01,42.63,0.41,1,Good
Surabaya,2026-04-18 10:00:00,4.05,8.0,103.91,0.94,39.6,0.31,1,Good
Surabaya,2026-04-18 11:00:00,3.71,7.99,100.81,1.02,37.37,0.29,1,Good
Surabaya,2026-04-18 12:00:00,3.54,8.16,97.71,0.94,36.37,0.27,1,Good
Surabaya,2026-04-18 13:00:00,3.4,8.26,94.93,0.85,36.19,0.26,1,Good
Surabaya,2026-04-18 14:00:00,3.29,8.35,93.79,0.81,36.48,0.25,1,Good
Surabaya,2026-04-18 15:00:00,3.25,8.48,94.22,0.8,37.11,0.25,1,Good
Surabaya,2026-04-18 16:00:00,3.18,8.35,95.38,0.83,37.6,0.28,1,Good
Surabaya,2026-04-18 17:00:00,3.18,8.2,95.95,0.84,38.18,0.3,1,Good
Surabaya,2026-04-18 18:00:00,3.17,8.03,94.68,0.8,38.99,0.29,1,Good
Surabaya,2026-04-18 19:00:00,3.11,7.74,91.31,0.71,39.81,0.24,1,Good
Surabaya,2026-04-18 20:00:00,2.93,6.92,87.69,0.61,40.75,0.19,1,Good
Surabaya,2026-04-18 21:00:00,2.68,5.92,84.33,0.53,41.58,0.15,1,Good
Surabaya,2026-04-18 22:00:00,2.47,5.18,81.7,0.48,42.15,0.13,1,Good
Surabaya,2026-04-18 23:00:00,2.44,5.12,81.14,0.47,42.7,0.13,1,Good
Surabaya,2026-04-19 00:00:00,2.6,5.67,85.33,0.55,43.25,0.17,1,Good
Surabaya,2026-04-19 01:00:00,2.88,6.62,93.46,0.62,44.58,0.23,1,Good
Surabaya,2026-04-19 02:00:00,3.15,7.41,96.28,0.53,46.92,0.26,1,Good
Surabaya,2026-04-19 03:00:00,3.51,8.13,94.61,0.39,48.91,0.25,1,Good
Surabaya,2026-04-19 04:00:00,4.26,9.58,102.1,0.44,50.86,0.31,1,Good
Surabaya,2026-04-19 05:00:00,5.4,11.69,117.39,0.63,53.24,0.42,1,Good
Surabaya,2026-04-19 06:00:00,6.2,13.22,127.62,0.82,53.57,0.49,1,Good
Surabaya,2026-04-19 07:00:00,6.39,13.81,132.69,0.98,52.61,0.52,1,Good
Surabaya,2026-04-19 08:00:00,6.04,13.35,125.3,0.99,50.11,0.49,1,Good
Surabaya,2026-04-19 09:00:00,5.51,12.42,112.95,0.88,47.85,0.41,1,Good
Surabaya,2026-04-19 10:00:00,4.86,11.06,100.19,0.71,46.53,0.31,1,Good
Surabaya,2026-04-19 11:00:00,4.38,9.96,100.35,0.77,45.93,0.3,1,Good
Surabaya,2026-04-19 12:00:00,4.01,9.15,100.51,0.79,45.78,0.3,1,Good
Surabaya,2026-04-19 13:00:00,4.51,10.75,146.15,2.09,43.49,0.61,1,Good
Surabaya,2026-04-19 14:00:00,5.83,14.27,214.87,3.84,40.06,0.96,1,Good
Surabaya,2026-04-19 15:00:00,7.17,17.51,263.78,4.97,37.19,1.13,1,Good
Surabaya,2026-04-19 16:00:00,8.23,19.71,297.9,5.8,34.52,1.18,1,Good
Surabaya,2026-04-19 17:00:00,8.64,19.69,302.32,5.83,32.96,1.02,1,Good
Surabaya,2026-04-19 18:00:00,8.75,19.05,284.53,5.2,32.41,0.84,1,Good
Surabaya,2026-04-19 19:00:00,8.91,18.67,267.75,4.66,31.75,0.71,1,Good
Surabaya,2026-04-19 20:00:00,9.63,19.62,277.4,4.88,30.06,0.7,1,Good
Surabaya,2026-04-19 21:00:00,10.48,20.93,295.54,5.29,28.32,0.75,2,Fair
Surabaya,2026-04-19 22:00:00,11.22,22.08,313.62,5.74,26.74,0.83,2,Fair
Surabaya,2026-04-19 23:00:00,11.93,23.37,339.06,6.43,25.26,0.95,2,Fair
Surabaya,2026-04-20 00:00:00,13.4,26.82,406.88,7.18,25.26,1.36,2,Fair
Surabaya,2026-04-20 01:00:00,15.13,30.26,490.96,7.03,32.88,1.92,2,Fair
Surabaya,2026-04-20 02:00:00,19.55,35.23,544.42,7.18,55.05,2.33,2,Fair
Surabaya,2026-04-20 03:00:00,29.16,44.18,531.28,5.16,88.37,2.35,3,Moderate
Surabaya,2026-04-20 04:00:00,33.66,46.95,467.32,3.21,103.52,2.12,3,Moderate
Surabaya,2026-04-20 05:00:00,30.33,41.69,399.82,2.43,100.97,1.85,3,Moderate
Surabaya,2026-04-20 06:00:00,26.32,36.27,358.63,2.23,95.5,1.69,3,Moderate
Surabaya,2026-04-20 07:00:00,23.78,32.87,344.83,2.42,90.96,1.65,2,Fair
Surabaya,2026-04-20 08:00:00,21.09,29.43,334.27,2.83,83.75,1.6,2,Fair
Surabaya,2026-04-20 09:00:00,17.74,25.22,321.61,3.38,72.51,1.52,2,Fair
Surabaya,2026-04-20 10:00:00,14.0,20.36,305.98,3.95,59.5,1.43,2,Fair
Surabaya,2026-04-20 11:00:00,10.93,16.35,282.09,3.82,50.0,1.26,2,Fair
Surabaya,2026-04-20 12:00:00,8.73,13.43,238.22,2.84,45.65,1.01,1,Good
Surabaya,2026-04-20 13:00:00,6.0,9.4,179.05,1.56,43.66,0.62,1,Good
Surabaya,2026-04-20 14:00:00,4.52,7.51,160.77,1.3,42.22,0.47,1,Good
Surabaya,2026-04-20 15:00:00,3.97,6.92,153.51,1.22,41.34,0.41,1,Good
Surabaya,2026-04-20 16:00:00,3.7,6.65,149.91,1.2,40.58,0.41,1,Good
Surabaya,2026-04-20 17:00:00,3.73,6.78,146.81,1.16,40.03,0.44,1,Good
Surabaya,2026-04-20 18:00:00,3.93,7.28,141.6,1.05,39.71,0.42,1,Good
Surabaya,2026-04-20 19:00:00,4.02,7.59,133.75,0.89,39.61,0.35,1,Good
Surabaya,2026-04-20 20:00:00,4.0,7.71,126.68,0.76,39.28,0.27,1,Good
Surabaya,2026-04-20 21:00:00,3.96,7.82,121.18,0.68,38.84,0.22,1,Good
Surabaya,2026-04-20 22:00:00,4.78,9.62,137.6,1.19,37.17,0.29,1,Good
Surabaya,2026-04-20 23:00:00,6.15,12.49,172.04,2.19,34.94,0.45,1,Good
Surabaya,2026-04-21 00:00:00,7.64,15.99,231.37,3.77,32.6,0.8,1,Good
Surabaya,2026-04-21 01:00:00,9.04,18.58,317.94,6.1,30.22,1.3,1,Good
Surabaya,2026-04-21 02:00:00,9.38,18.29,363.89,7.09,30.06,1.52,1,Good
Surabaya,2026-04-21 03:00:00,8.63,15.92,344.41,6.18,32.05,1.4,1,Good
Surabaya,2026-04-21 04:00:00,6.82,11.77,267.8,4.16,34.61,1.03,1,Good
Surabaya,2026-04-21 05:00:00,5.13,8.36,206.17,2.65,34.83,0.73,1,Good
Surabaya,2026-04-21 06:00:00,3.68,5.71,160.36,1.61,32.79,0.5,1,Good
Surabaya,2026-04-21 07:00:00,2.39,3.58,125.37,0.85,28.84,0.3,1,Good
Surabaya,2026-04-21 08:00:00,1.91,2.96,120.36,0.79,25.51,0.29,1,Good
Surabaya,2026-04-21 09:00:00,1.73,2.8,121.67,0.87,23.03,0.3,1,Good
Surabaya,2026-04-21 10:00:00,1.66,2.78,127.48,1.18,20.73,0.34,1,Good
Surabaya,2026-04-21 11:00:00,1.67,2.89,136.22,1.6,18.82,0.4,1,Good
Surabaya,2026-04-21 12:00:00,1.73,3.15,142.61,1.78,17.76,0.44,1,Good
Surabaya,2026-04-21 13:00:00,1.81,3.55,147.46,1.88,17.15,0.47,1,Good
Surabaya,2026-04-21 14:00:00,1.98,4.07,159.21,2.04,16.61,0.52,1,Good
Surabaya,2026-04-21 15:00:00,2.34,4.82,182.06,2.39,15.83,0.62,1,Good
Surabaya,2026-04-21 16:00:00,3.48,6.9,233.34,3.54,14.37,0.92,1,Good
Surabaya,2026-04-21 17:00:00,6.05,11.0,327.24,5.96,12.67,1.46,1,Good
Surabaya,2026-04-21 18:00:00,10.3,16.72,437.98,9.54,11.65,2.24,2,Fair
Surabaya,2026-04-21 19:00:00,16.35,23.7,544.47,13.73,11.73,3.24,2,Fair
Surabaya,2026-04-21 20:00:00,22.68,30.07,637.26,17.82,12.97,4.25,2,Fair
Surabaya,2026-04-21 21:00:00,28.08,34.84,715.25,21.45,14.52,5.12,3,Moderate
Surabaya,2026-04-21 22:00:00,31.95,37.87,770.2,24.37,15.54,5.78,3,Moderate
Surabaya,2026-04-21 23:00:00,32.24,37.3,793.7,25.96,15.89,5.9,3,Moderate
Surabaya,2026-04-22 00:00:00,30.13,34.86,804.55,25.59,18.78,5.66,3,Moderate
Surabaya,2026-04-22 01:00:00,29.21,34.2,833.52,24.32,24.59,5.63,3,Moderate
Surabaya,2026-04-22 02:00:00,31.25,36.6,859.42,22.66,34.42,5.79,3,Moderate
Surabaya,2026-04-22 03:00:00,35.51,41.16,868.4,21.05,50.01,5.78,3,Moderate
Surabaya,2026-04-22 04:00:00,35.75,40.52,796.24,19.68,62.13,5.12,3,Moderate
Surabaya,2026-04-22 05:00:00,33.48,37.33,722.79,18.34,63.94,4.42,3,Moderate
Surabaya,2026-04-22 06:00:00,32.75,36.09,687.15,17.91,62.82,4.1,3,Moderate
Surabaya,2026-04-22 07:00:00,30.04,32.87,647.52,17.54,59.24,3.91,3,Moderate
Surabaya,2026-04-22 08:00:00,28.13,30.74,654.36,18.47,53.54,3.94,3,Moderate
Surabaya,2026-04-22 09:00:00,26.36,28.8,665.43,19.68,47.38,4.0,3,Moderate
Surabaya,2026-04-22 10:00:00,25.11,27.57,680.56,20.82,41.54,4.02,3,Moderate
Surabaya,2026-04-22 11:00:00,25.24,28.16,720.83,22.02,35.91,4.22,3,Moderate
Surabaya,2026-04-22 12:00:00,26.32,30.0,765.34,22.84,31.97,4.41,3,Moderate
Surabaya,2026-04-22 13:00:00,28.68,33.49,784.69,22.47,31.64,4.57,3,Moderate
Surabaya,2026-04-22 14:00:00,31.47,37.34,774.63,20.81,34.49,4.71,3,Moderate
Surabaya,2026-04-22 15:00:00,33.39,39.95,745.54,18.54,38.13,4.74,3,Moderate
Surabaya,2026-04-22 16:00:00,35.7,43.5,764.85,18.11,37.92,4.76,3,Moderate
Surabaya,2026-04-22 17:00:00,38.54,47.74,830.48,20.12,32.72,4.87,3,Moderate
Surabaya,2026-04-22 18:00:00,40.88,50.82,896.12,23.11,25.81,5.06,3,Moderate
Surabaya,2026-04-22 19:00:00,43.99,54.59,976.88,27.74,18.41,5.32,3,Moderate
Surabaya,2026-04-22 20:00:00,48.33,59.48,1079.17,33.79,11.39,5.61,3,Moderate
Surabaya,2026-04-22 21:00:00,53.05,64.25,1168.92,40.01,5.81,5.97,4,Poor
Surabaya,2026-04-22 22:00:00,56.5,67.01,1199.06,44.7,2.27,6.43,4,Poor
Surabaya,2026-04-22 23:00:00,57.83,67.47,1173.72,47.2,0.7,7.06,4,Poor
Surabaya,2026-04-23 00:00:00,59.62,69.25,1156.85,42.97,5.79,7.91,4,Poor
Surabaya,2026-04-23 01:00:00,62.76,73.11,1159.16,32.14,22.32,8.9,4,Poor
Surabaya,2026-04-23 02:00:00,67.01,78.07,1142.64,32.79,43.26,9.47,4,Poor
Surabaya,2026-04-23 03:00:00,77.58,88.85,1071.57,31.39,91.85,9.61,5,Very Poor
Surabaya,2026-04-23 04:00:00,81.59,91.14,832.52,23.04,125.37,8.99,5,Very Poor
Surabaya,2026-04-23 05:00:00,84.5,94.15,760.84,17.49,139.68,8.22,5,Very Poor
Surabaya,2026-04-23 06:00:00,81.91,91.68,726.93,14.47,140.96,7.35,5,Very Poor
Surabaya,2026-04-23 07:00:00,72.78,82.16,686.84,12.69,131.03,6.47,4,Poor
Surabaya,2026-04-23 08:00:00,63.74,72.28,636.36,11.34,120.67,5.76,4,Poor
Surabaya,2026-04-23 09:00:00,54.19,61.54,577.56,10.53,107.84,5.34,4,Poor
Surabaya,2026-04-23 10:00:00,39.58,44.69,453.2,8.76,88.82,4.63,3,Moderate
Surabaya,2026-04-23 11:00:00,32.18,36.8,426.41,8.58,76.56,4.37,3,Moderate
Surabaya,2026-04-23 12:00:00,27.86,32.55,416.35,8.24,68.99,4.21,3,Moderate
Surabaya,2026-04-23 13:00:00,24.1,29.03,404.26,7.84,62.78,4.04,2,Fair
Surabaya,2026-04-23 14:00:00,22.27,27.89,416.41,8.18,57.35,4.16,2,Fair
Surabaya,2026-04-23 15:00:00,22.21,28.8,448.6,9.16,52.35,4.59,2,Fair
Surabaya,2026-04-23 16:00:00,27.88,37.97,630.34,13.91,43.03,5.2,3,Moderate
Surabaya,2026-04-23 17:00:00,36.83,50.99,885.87,20.03,32.32,5.39,3,Moderate
Surabaya,2026-04-23 18:00:00,44.89,61.58,1078.37,24.16,24.19,5.18,3,Moderate
Surabaya,2026-04-23 19:00:00,52.38,70.77,1224.57,26.99,18.32,4.86,4,Poor
Surabaya,2026-04-23 20:00:00,58.72,78.33,1339.17,29.17,13.75,4.57,4,Poor
Surabaya,2026-04-23 21:00:00,63.8,84.0,1411.61,30.7,10.16,4.35,4,Poor
Surabaya,2026-04-23 22:00:00,65.42,84.81,1403.56,30.82,8.01,4.27,4,Poor
Surabaya,2026-04-23 23:00:00,64.17,82.01,1319.22,30.06,7.31,4.57,4,Poor
Surabaya,2026-04-24 00:00:00,62.87,79.76,1222.16,24.86,15.46,5.44,4,Poor
Surabaya,2026-04-24 01:00:00,63.44,80.7,1194.84,22.43,32.23,6.58,4,Poor
Surabaya,2026-04-24 02:00:00,72.9,93.14,1304.35,23.98,66.72,7.89,4,Poor
Surabaya,2026-04-24 03:00:00,102.87,126.04,1396.3,20.13,146.46,9.08,5,Very Poor
Surabaya,2026-04-24 04:00:00,156.94,182.25,1477.01,11.79,242.98,10.09,5,Very Poor
Surabaya,2026-04-24 05:00:00,182.41,207.34,1467.44,8.0,286.68,10.41,5,Very Poor
Surabaya,2026-04-24 06:00:00,175.28,198.06,1370.16,7.24,290.02,10.07,5,Very Poor
Surabaya,2026-04-24 07:00:00,151.64,171.94,1248.77,7.8,270.28,9.12,5,Very Poor
Surabaya,2026-04-24 08:00:00,123.74,141.39,1103.06,8.71,233.68,7.65,5,Very Poor
Surabaya,2026-04-24 09:00:00,96.82,110.83,886.17,8.45,193.03,6.25,5,Very Poor
Surabaya,2026-04-24 10:00:00,63.33,71.36,524.87,5.07,146.98,4.99,4,Poor
Surabaya,2026-04-24 11:00:00,51.83,58.7,436.29,4.47,126.45,4.55,4,Poor
Surabaya,2026-04-24 12:00:00,46.15,52.67,389.46,3.88,114.86,4.37,3,Moderate
Surabaya,2026-04-24 13:00:00,36.58,41.81,313.32,2.89,102.62,4.02,3,Moderate
Surabaya,2026-04-24 14:00:00,30.34,35.14,283.26,2.67,93.97,3.9,3,Moderate
Surabaya,2026-04-24 15:00:00,27.74,32.8,287.79,2.89,87.78,4.04,3,Moderate
Surabaya,2026-04-24 16:00:00,29.82,37.45,401.65,5.17,77.73,4.17,3,Moderate
Surabaya,2026-04-24 17:00:00,34.55,45.06,557.83,8.02,67.21,4.05,3,Moderate
Surabaya,2026-04-24 18:00:00,38.28,50.22,659.53,9.47,59.15,3.69,3,Moderate
Surabaya,2026-04-24 19:00:00,40.45,52.48,710.79,9.69,54.35,3.22,3,Moderate
Surabaya,2026-04-24 20:00:00,41.13,52.58,730.44,9.43,51.12,2.78,3,Moderate
Surabaya,2026-04-24 21:00:00,40.17,50.35,722.67,8.95,48.57,2.38,3,Moderate
Surabaya,2026-04-24 22:00:00,37.61,45.83,689.09,8.46,46.2,2.07,3,Moderate
Surabaya,2026-04-24 23:00:00,34.78,42.27,653.0,8.14,44.83,1.92,3,Moderate
Surabaya,2026-04-25 00:00:00,32.4,39.71,625.37,8.13,45.39,2.01,3,Moderate
Surabaya,2026-04-25 01:00:00,26.5,32.55,485.28,6.09,54.93,2.46,3,Moderate
Surabaya,2026-04-25 02:00:00,27.43,34.42,499.87,6.09,66.07,2.88,3,Moderate
Surabaya,2026-04-25 03:00:00,34.6,42.89,539.58,5.16,90.66,3.17,3,Moderate
Surabaya,2026-04-25 04:00:00,44.65,53.44,547.08,3.91,115.44,3.28,3,Moderate
Surabaya,2026-04-25 05:00:00,47.85,55.98,506.85,3.32,121.63,3.03,3,Moderate
Surabaya,2026-04-25 06:00:00,46.31,53.69,465.63,3.12,117.49,2.65,3,Moderate
Surabaya,2026-04-25 07:00:00,43.07,49.96,437.18,3.09,109.6,2.3,3,Moderate
Surabaya,2026-04-25 08:00:00,40.59,47.51,429.82,3.3,103.31,2.08,3,Moderate
Surabaya,2026-04-25 09:00:00,38.4,45.52,430.81,3.74,97.7,1.98,3,Moderate
Surabaya,2026-04-25 10:00:00,35.02,41.81,424.77,4.43,90.13,1.92,3,Moderate
Surabaya,2026-04-25 11:00:00,31.12,37.17,402.23,4.46,82.6,1.81,3,Moderate
Surabaya,2026-04-25 12:00:00,28.05,33.36,367.06,3.82,78.21,1.71,3,Moderate
Surabaya,2026-04-25 13:00:00,25.28,30.31,343.36,3.58,73.35,1.79,3,Moderate
Surabaya,2026-04-25 14:00:00,24.07,29.87,361.68,4.29,66.69,2.05,2,Fair
Surabaya,2026-04-25 15:00:00,23.32,29.93,388.46,5.09,59.78,2.36,2,Fair
Surabaya,2026-04-25 16:00:00,23.0,30.12,416.18,6.06,52.83,2.74,2,Fair
Surabaya,2026-04-25 17:00:00,22.36,29.3,422.68,6.83,47.55,3.12,2,Fair
Surabaya,2026-04-25 18:00:00,21.94,28.63,420.74,7.52,43.16,3.47,2,Fair
Surabaya,2026-04-25 19:00:00,22.78,29.68,440.97,8.45,38.88,3.65,2,Fair
Surabaya,2026-04-25 20:00:00,24.87,32.04,486.58,9.83,34.27,3.72,2,Fair
Surabaya,2026-04-25 21:00:00,27.05,34.43,530.11,11.41,29.42,3.86,3,Moderate
Surabaya,2026-04-25 22:00:00,29.34,37.13,585.11,13.09,24.44,3.72,3,Moderate
Surabaya,2026-04-25 23:00:00,31.88,40.78,646.22,14.8,20.03,3.48,3,Moderate
Surabaya,2026-04-26 00:00:00,35.0,45.59,722.09,13.93,21.83,3.57,3,Moderate
Surabaya,2026-04-26 01:00:00,40.56,53.65,841.28,13.26,36.15,4.05,3,Moderate
Surabaya,2026-04-26 02:00:00,53.95,69.62,956.95,14.36,75.04,4.75,4,Poor
Surabaya,2026-04-26 03:00:00,82.65,100.38,1025.87,10.8,142.06,5.43,5,Very Poor
Surabaya,2026-04-26 04:00:00,115.69,134.57,1066.15,6.83,201.98,6.04,5,Very Poor
Surabaya,2026-04-26 05:00:00,132.06,149.79,1031.98,4.93,231.46,6.11,5,Very Poor
Surabaya,2026-04-26 06:00:00,126.76,141.68,926.74,4.13,234.9,5.62,5,Very Poor
Surabaya,2026-04-26 07:00:00,110.51,122.44,805.16,3.92,220.93,4.75,5,Very Poor
Surabaya,2026-04-26 08:00:00,91.07,100.62,675.51,3.97,194.05,3.71,5,Very Poor
Surabaya,2026-04-26 09:00:00,67.67,74.74,518.67,3.53,157.75,2.68,4,Poor
Surabaya,2026-04-26 10:00:00,31.83,34.98,289.92,1.68,100.7,1.24,3,Moderate
Surabaya,2026-04-26 11:00:00,18.5,20.48,233.28,1.34,78.86,0.76,2,Fair
Surabaya,2026-04-26 12:00:00,12.93,14.6,210.57,1.2,69.32,0.58,2,Fair
Surabaya,2026-04-26 13:00:00,10.56,12.4,202.08,1.29,62.7,0.57,2,Fair
Surabaya,2026-04-26 14:00:00,9.62,11.75,200.49,1.48,57.43,0.58,1,Good
Surabaya,2026-04-26 15:00:00,8.01,10.17,189.9,1.51,51.69,0.52,1,Good
Surabaya,2026-04-26 16:00:00,6.08,8.07,172.57,1.44,45.94,0.44,1,Good
Surabaya,2026-04-26 17:00:00,4.46,6.08,155.45,1.33,41.81,0.35,1,Good
Surabaya,2026-04-26 18:00:00,3.31,4.6,141.54,1.21,38.93,0.29,1,Good
Surabaya,2026-04-26 19:00:00,2.26,3.32,126.41,0.96,37.32,0.23,1,Good
Surabaya,2026-04-26 20:00:00,1.78,2.79,118.21,0.88,36.19,0.22,1,Good
Surabaya,2026-04-26 21:00:00,1.6,2.63,115.82,0.91,35.5,0.23,1,Good
Surabaya,2026-04-26 22:00:00,1.52,2.57,115.81,0.97,34.94,0.25,1,Good
Surabaya,2026-04-26 23:00:00,1.45,2.55,116.59,1.05,34.82,0.27,1,Good
Surabaya,2026-04-27 00:00:00,1.5,2.87,124.75,1.3,34.7,0.35,1,Good
Surabaya,2026-04-27 01:00:00,2.74,6.36,214.49,3.75,32.3,0.96,1,Good
Surabaya,2026-04-27 02:00:00,5.18,12.43,368.26,7.05,31.0,1.9,1,Good
Surabaya,2026-04-27 03:00:00,7.89,18.03,474.77,8.39,37.93,2.62,1,Good
Surabaya,2026-04-27 04:00:00,11.58,23.7,547.5,8.99,53.72,3.28,2,Fair
Surabaya,2026-04-27 05:00:00,17.16,29.69,576.18,7.61,77.9,3.56,2,Fair
Surabaya,2026-04-27 06:00:00,24.58,36.59,575.5,5.75,102.47,3.58,3,Moderate
Surabaya,2026-04-27 07:00:00,29.79,41.12,577.46,5.42,114.33,3.52,3,Moderate
Surabaya,2026-04-27 08:00:00,27.43,37.58,538.1,6.03,102.3,3.18,3,Moderate
Surabaya,2026-04-27 09:00:00,19.71,27.34,422.2,5.58,78.12,2.33,2,Fair
Surabaya,2026-04-27 10:00:00,7.18,9.5,165.19,1.58,48.88,0.7,1,Good
Surabaya,2026-04-27 11:00:00,4.8,6.43,140.22,1.42,40.96,0.52,1,Good
Surabaya,2026-04-27 12:00:00,3.57,5.01,129.91,1.38,36.29,0.45,1,Good
Surabaya,2026-04-27 13:00:00,2.65,4.02,119.01,1.27,32.95,0.4,1,Good
Surabaya,2026-04-27 14:00:00,2.19,3.59,114.93,1.27,31.18,0.38,1,Good
Surabaya,2026-04-27 15:00:00,2.1,3.54,118.23,1.43,30.31,0.4,1,Good
Surabaya,2026-04-27 16:00:00,2.22,3.81,126.96,1.73,29.86,0.43,1,Good
Surabaya,2026-04-27 17:00:00,2.41,3.96,136.64,1.99,29.73,0.44,1,Good
Surabaya,2026-04-27 18:00:00,2.64,4.05,146.03,2.13,29.82,0.41,1,Good
Surabaya,2026-04-27 19:00:00,2.86,4.08,157.05,2.25,30.27,0.37,1,Good
Surabaya,2026-04-27 20:00:00,3.22,4.33,174.97,2.46,30.27,0.36,1,Good
Surabaya,2026-04-27 21:00:00,3.61,4.68,190.78,2.65,30.27,0.39,1,Good
Surabaya,2026-04-27 22:00:00,4.01,5.2,202.91,2.82,30.49,0.53,1,Good
Surabaya,2026-04-27 23:00:00,4.37,5.8,212.42,2.94,30.27,0.74,1,Good
Surabaya,2026-04-28 00:00:00,4.85,6.79,224.57,3.28,29.82,1.04,1,Good
Surabaya,2026-04-28 01:00:00,5.32,7.67,230.65,3.42,31.71,1.34,1,Good
Surabaya,2026-04-28 02:00:00,6.74,9.61,248.02,3.35,38.85,1.64,1,Good
Surabaya,2026-04-28 03:00:00,10.5,13.97,263.73,2.85,55.05,1.86,2,Fair
Surabaya,2026-04-28 04:00:00,20.39,25.96,344.5,3.14,78.98,2.31,2,Fair
Surabaya,2026-04-28 05:00:00,31.86,39.91,447.85,3.77,101.13,2.71,3,Moderate
Surabaya,2026-04-28 06:00:00,36.93,46.02,500.87,4.15,111.36,2.83,3,Moderate
Surabaya,2026-04-28 07:00:00,36.58,45.96,531.11,4.91,110.45,2.82,3,Moderate
Surabaya,2026-04-28 08:00:00,32.1,40.68,519.8,5.8,97.72,2.44,3,Moderate
Surabaya,2026-04-28 09:00:00,25.22,32.04,443.61,5.69,80.26,2.03,3,Moderate
Surabaya,2026-04-28 10:00:00,12.13,14.37,218.37,2.02,61.94,1.16,2,Fair
Surabaya,2026-04-28 11:00:00,8.74,10.24,197.22,1.86,57.55,1.07,1,Good
Surabaya,2026-04-28 12:00:00,8.27,9.76,201.74,1.91,57.41,1.08,1,Good
Surabaya,2026-04-28 13:00:00,8.54,10.18,210.91,1.98,58.16,1.11,1,Good
Surabaya,2026-04-28 14:00:00,8.93,10.63,224.75,2.01,59.55,1.1,1,Good
Surabaya,2026-04-28 15:00:00,9.03,10.72,237.55,2.02,60.05,1.07,2,Fair
Surabaya,2026-04-28 16:00:00,13.69,16.89,325.68,3.38,59.63,1.56,2,Fair
Surabaya,2026-04-28 17:00:00,21.01,26.12,448.08,5.35,58.51,2.21,2,Fair
Surabaya,2026-04-28 18:00:00,26.83,33.05,534.7,6.56,57.4,2.56,3,Moderate
Surabaya,2026-04-28 19:00:00,31.12,38.03,588.69,7.07,56.18,2.68,3,Moderate
Surabaya,2026-04-28 20:00:00,35.55,43.11,643.81,7.37,54.85,2.76,3,Moderate
Surabaya,2026-04-28 21:00:00,41.17,49.4,701.09,7.64,53.51,2.82,3,Moderate
Surabaya,2026-04-28 22:00:00,45.82,54.42,741.36,7.78,52.16,2.84,3,Moderate
Surabaya,2026-04-28 23:00:00,47.19,56.1,766.71,7.97,50.92,2.86,3,Moderate
Surabaya,2026-04-29 00:00:00,49.62,59.63,813.17,8.65,52.05,3.08,3,Moderate
Surabaya,2026-04-29 01:00:00,54.31,66.51,907.1,10.02,63.74,3.89,4,Poor
Surabaya,2026-04-29 02:00:00,60.24,75.24,1022.71,12.21,84.33,5.05,4,Poor
Surabaya,2026-04-29 03:00:00,64.77,81.92,1087.36,13.23,103.46,5.81,4,Poor
Surabaya,2026-04-29 04:00:00,68.31,86.94,1127.68,13.56,116.33,6.31,4,Poor
Surabaya,2026-04-29 05:00:00,65.06,82.34,1053.82,12.1,119.87,5.99,4,Poor
Surabaya,2026-04-29 06:00:00,52.11,65.89,875.34,9.94,108.37,4.97,4,Poor
Surabaya,2026-04-29 07:00:00,37.91,47.17,693.48,8.17,90.47,3.64,3,Moderate
Surabaya,2026-04-29 08:00:00,28.1,34.29,564.39,7.0,77.56,2.81,3,Moderate
Surabaya,2026-04-29 09:00:00,20.48,24.47,440.18,5.54,69.11,2.25,2,Fair
Surabaya,2026-04-29 10:00:00,14.52,16.73,317.55,3.85,63.54,1.69,2,Fair
Surabaya,2026-04-29 11:00:00,14.1,16.41,309.25,4.04,60.86,1.74,2,Fair
Surabaya,2026-04-29 12:00:00,14.93,17.57,311.47,4.01,60.2,1.74,2,Fair
Surabaya,2026-04-29 13:00:00,16.15,19.16,313.73,3.78,61.14,1.69,2,Fair
Surabaya,2026-04-29 14:00:00,17.79,21.18,321.32,3.58,62.76,1.67,2,Fair
Surabaya,2026-04-29 15:00:00,20.04,23.97,343.67,3.61,64.83,1.74,2,Fair
Surabaya,2026-04-29 16:00:00,22.58,26.95,380.82,3.98,66.01,1.88,2,Fair
Surabaya,2026-04-29 17:00:00,23.87,28.01,400.06,4.0,66.5,1.87,2,Fair
Surabaya,2026-04-29 18:00:00,23.88,27.53,403.49,3.71,65.19,1.75,2,Fair
Surabaya,2026-04-29 19:00:00,22.6,25.44,401.55,3.55,62.27,1.55,2,Fair
Surabaya,2026-04-29 20:00:00,21.23,23.43,412.21,3.97,58.43,1.36,2,Fair
Surabaya,2026-04-29 21:00:00,20.98,22.83,429.22,4.88,53.58,1.33,2,Fair
Surabaya,2026-04-29 22:00:00,20.34,21.97,428.24,5.71,48.49,1.31,2,Fair
Surabaya,2026-04-29 23:00:00,18.42,19.92,407.13,5.84,44.3,1.21,2,Fair
Surabaya,2026-04-30 00:00:00,16.17,17.76,389.19,5.93,41.02,1.12,2,Fair
Surabaya,2026-04-30 01:00:00,13.02,14.9,366.62,5.64,38.94,1.04,2,Fair
Surabaya,2026-04-30 02:00:00,10.98,13.48,357.43,5.43,38.18,1.07,2,Fair
Surabaya,2026-04-30 03:00:00,10.6,13.77,356.69,4.92,41.37,1.13,2,Fair
Surabaya,2026-04-30 04:00:00,11.95,15.56,356.14,4.23,50.99,1.21,2,Fair
Surabaya,2026-04-30 05:00:00,13.26,16.76,333.76,3.57,58.48,1.3,2,Fair
Surabaya,2026-04-30 06:00:00,14.06,17.22,305.13,2.77,64.26,1.33,2,Fair
Surabaya,2026-04-30 07:00:00,13.21,15.64,281.02,2.25,64.94,1.22,2,Fair
Surabaya,2026-04-30 08:00:00,12.25,14.17,277.11,2.28,63.43,1.08,2,Fair
Surabaya,2026-04-30 09:00:00,12.11,13.85,295.25,2.81,61.92,1.06,2,Fair
Surabaya,2026-04-30 10:00:00,11.97,13.79,322.91,3.77,58.83,1.17,2,Fair
Surabaya,2026-04-30 11:00:00,11.27,13.23,340.09,4.5,54.6,1.26,2,Fair
Surabaya,2026-04-30 12:00:00,10.85,13.01,354.15,5.02,50.82,1.32,2,Fair
Surabaya,2026-04-30 13:00:00,10.63,12.78,366.13,5.48,47.25,1.35,2,Fair
Surabaya,2026-04-30 14:00:00,10.32,12.46,376.0,5.77,44.13,1.29,2,Fair
Surabaya,2026-04-30 15:00:00,9.5,11.61,368.98,5.56,41.91,1.17,1,Good
Surabaya,2026-04-30 16:00:00,8.71,10.62,357.55,5.31,39.9,1.05,1,Good
Surabaya,2026-04-30 17:00:00,7.66,9.12,334.3,4.78,38.43,0.88,1,Good
Surabaya,2026-04-30 18:00:00,6.56,7.66,304.7,4.09,37.29,0.69,1,Good
Surabaya,2026-04-30 19:00:00,5.34,6.18,270.47,3.35,36.52,0.51,1,Good
Surabaya,2026-04-30 20:00:00,4.2,4.89,235.77,2.71,36.22,0.37,1,Good
Surabaya,2026-04-30 21:00:00,3.27,3.87,204.18,2.19,36.03,0.27,1,Good
Surabaya,2026-04-30 22:00:00,2.68,3.29,179.87,1.85,35.7,0.23,1,Good
Surabaya,2026-04-30 23:00:00,2.52,3.24,169.78,1.82,35.13,0.25,1,Good
Surabaya,2026-05-01 00:00:00,2.61,3.71,175.08,2.14,34.22,0.35,1,Good
Surabaya,2026-05-01 01:00:00,2.94,4.59,196.68,2.67,33.74,0.54,1,Good
Surabaya,2026-05-01 02:00:00,3.3,5.29,210.13,2.75,35.05,0.65,1,Good
Surabaya,2026-05-01 03:00:00,3.55,5.5,203.47,2.27,38.5,0.63,1,Good
Surabaya,2026-05-01 04:00:00,3.66,5.33,176.3,1.63,42.76,0.55,1,Good
Surabaya,2026-05-01 05:00:00,3.33,4.65,149.25,1.31,43.17,0.46,1,Good
Surabaya,2026-05-01 06:00:00,2.65,3.68,128.31,1.13,41.33,0.39,1,Good
Surabaya,2026-05-01 07:00:00,1.86,2.74,111.12,0.95,38.71,0.34,1,Good
Surabaya,2026-05-01 08:00:00,1.48,2.35,105.04,0.88,37.23,0.33,1,Good
Surabaya,2026-05-01 09:00:00,1.32,2.22,104.75,0.93,36.43,0.34,1,Good
Surabaya,2026-05-01 10:00:00,1.25,2.23,111.35,1.27,35.31,0.38,1,Good
Surabaya,2026-05-01 11:00:00,1.27,2.43,122.74,1.69,34.32,0.46,1,Good
Surabaya,2026-05-01 12:00:00,1.33,2.77,129.15,1.81,34.11,0.5,1,Good
Surabaya,2026-05-01 13:00:00,1.41,3.08,129.2,1.76,34.24,0.51,1,Good
Surabaya,2026-05-01 14:00:00,1.47,3.12,125.81,1.65,34.36,0.47,1,Good
Surabaya,2026-05-01 15:00:00,1.58,3.17,124.0,1.59,34.15,0.44,1,Good
Surabaya,2026-05-01 16:00:00,1.71,3.17,123.2,1.57,33.8,0.43,1,Good
Surabaya,2026-05-01 17:00:00,1.83,3.07,118.39,1.49,33.56,0.42,1,Good
Surabaya,2026-05-01 18:00:00,1.91,2.97,110.17,1.3,33.89,0.36,1,Good
Surabaya,2026-05-01 19:00:00,1.74,2.48,96.72,0.93,35.24,0.24,1,Good
Surabaya,2026-05-01 20:00:00,1.63,2.21,89.37,0.71,36.27,0.17,1,Good
Surabaya,2026-05-01 21:00:00,1.64,2.21,88.34,0.64,36.73,0.14,1,Good
Surabaya,2026-05-01 22:00:00,1.74,2.4,90.73,0.65,36.73,0.14,1,Good
Surabaya,2026-05-01 23:00:00,1.98,2.85,96.27,0.76,36.29,0.16,1,Good
Surabaya,2026-05-02 00:00:00,2.29,3.59,106.3,0.89,35.84,0.22,1,Good
Surabaya,2026-05-02 01:00:00,2.69,4.62,120.7,0.96,36.93,0.31,1,Good
Surabaya,2026-05-02 02:00:00,3.34,5.96,134.67,0.97,41.03,0.41,1,Good
Surabaya,2026-05-02 03:00:00,4.63,7.9,144.39,0.85,47.48,0.48,1,Good
Surabaya,2026-05-02 04:00:00,6.84,10.71,153.62,0.79,53.93,0.59,1,Good
Surabaya,2026-05-02 05:00:00,8.73,13.2,157.66,0.84,57.24,0.74,1,Good
Surabaya,2026-05-02 06:00:00,9.44,14.52,156.99,0.98,57.86,0.84,1,Good
Surabaya,2026-05-02 07:00:00,9.0,14.16,152.76,1.12,56.61,0.83,1,Good
Surabaya,2026-05-02 08:00:00,8.02,12.74,142.35,1.07,54.95,0.73,1,Good
Surabaya,2026-05-02 09:00:00,6.98,11.23,134.02,1.04,53.4,0.66,1,Good
Surabaya,2026-05-02 10:00:00,5.7,9.4,126.04,1.12,50.54,0.6,1,Good
Surabaya,2026-05-02 11:00:00,4.49,7.59,118.65,1.16,46.57,0.51,1,Good
Surabaya,2026-05-02 12:00:00,3.71,6.28,110.18,1.0,43.61,0.41,1,Good
Surabaya,2026-05-02 13:00:00,3.21,5.47,102.66,0.83,41.07,0.32,1,Good
Surabaya,2026-05-02 14:00:00,2.89,5.07,98.76,0.77,39.39,0.28,1,Good
Surabaya,2026-05-02 15:00:00,2.64,4.76,96.7,0.76,38.17,0.25,1,Good
Surabaya,2026-05-02 16:00:00,2.68,4.79,102.83,0.96,37.29,0.3,1,Good
Surabaya,2026-05-02 17:00:00,2.88,4.84,112.71,1.24,36.76,0.37,1,Good
Surabaya,2026-05-02 18:00:00,2.92,4.56,117.05,1.35,36.35,0.37,1,Good
Surabaya,2026-05-02 19:00:00,2.79,4.11,116.05,1.32,35.8,0.33,1,Good
Surabaya,2026-05-02 20:00:00,2.53,3.57,113.68,1.25,35.24,0.28,1,Good
Surabaya,2026-05-02 21:00:00,2.23,3.06,111.31,1.16,34.79,0.24,1,Good
Surabaya,2026-05-02 22:00:00,1.66,2.39,97.54,0.84,34.78,0.16,1,Good
Surabaya,2026-05-02 23:00:00,1.58,2.43,93.01,0.76,34.31,0.15,1,Good
Surabaya,2026-05-03 00:00:00,1.69,2.79,97.45,0.81,33.84,0.19,1,Good
Surabaya,2026-05-03 01:00:00,2.02,3.64,113.92,1.01,34.58,0.33,1,Good
Surabaya,2026-05-03 02:00:00,2.61,4.97,137.83,1.41,36.86,0.53,1,Good
Surabaya,2026-05-03 03:00:00,3.08,6.06,150.08,1.57,39.36,0.66,1,Good
Surabaya,2026-05-03 04:00:00,3.53,6.91,156.62,1.54,42.09,0.74,1,Good
Surabaya,2026-05-03 05:00:00,4.46,8.07,159.59,1.35,46.31,0.8,1,Good
Surabaya,2026-05-03 06:00:00,5.96,9.85,164.65,1.26,50.51,0.84,1,Good
Surabaya,2026-05-03 07:00:00,7.49,11.75,172.4,1.34,53.51,0.88,1,Good
Surabaya,2026-05-03 08:00:00,8.14,12.8,179.22,1.58,53.29,0.92,1,Good
Surabaya,2026-05-03 09:00:00,7.63,12.67,183.94,2.01,49.27,0.95,1,Good
Surabaya,2026-05-03 10:00:00,6.06,11.29,181.98,2.56,41.69,0.94,1,Good
Surabaya,2026-05-03 11:00:00,4.44,9.65,169.14,2.6,35.12,0.86,1,Good
Surabaya,2026-05-03 12:00:00,3.5,8.69,153.64,2.12,31.91,0.79,1,Good
Surabaya,2026-05-03 13:00:00,2.85,7.72,135.49,1.62,30.83,0.73,1,Good
Surabaya,2026-05-03 14:00:00,2.69,7.44,132.27,1.6,30.88,0.75,1,Good
Surabaya,2026-05-03 15:00:00,2.66,7.31,131.94,1.66,31.26,0.78,1,Good
Surabaya,2026-05-03 16:00:00,2.75,7.21,137.07,1.77,31.75,0.83,1,Good
Surabaya,2026-05-03 17:00:00,2.71,6.61,138.17,1.77,33.0,0.82,1,Good
Surabaya,2026-05-03 18:00:00,2.6,5.85,136.11,1.66,34.59,0.75,1,Good
Surabaya,2026-05-03 19:00:00,2.35,4.99,130.08,1.44,36.19,0.63,1,Good
Surabaya,2026-05-03 20:00:00,2.03,4.17,123.26,1.22,37.44,0.5,1,Good
Surabaya,2026-05-03 21:00:00,1.72,3.44,117.49,1.05,38.02,0.39,1,Good
Surabaya,2026-05-03 22:00:00,1.47,2.91,113.29,0.96,37.8,0.32,1,Good
Surabaya,2026-05-03 23:00:00,1.32,2.66,110.93,0.95,37.01,0.28,1,Good
Surabaya,2026-05-04 00:00:00,1.31,2.83,115.97,1.11,36.0,0.32,1,Good
Surabaya,2026-05-04 01:00:00,1.46,3.38,132.48,1.48,35.63,0.44,1,Good
Surabaya,2026-05-04 02:00:00,1.73,4.14,150.09,1.74,36.79,0.57,1,Good
Surabaya,2026-05-04 03:00:00,2.07,4.9,155.54,1.56,40.2,0.63,1,Good
Surabaya,2026-05-04 04:00:00,2.98,6.06,156.88,1.1,48.34,0.65,1,Good
Surabaya,2026-05-04 05:00:00,4.48,7.83,158.31,0.97,53.92,0.67,1,Good
Surabaya,2026-05-04 06:00:00,6.4,10.22,164.46,0.99,57.46,0.72,1,Good
Surabaya,2026-05-04 07:00:00,8.05,12.37,172.21,1.11,60.35,0.79,2,Fair
Surabaya,2026-05-04 08:00:00,8.21,12.67,170.06,1.23,59.88,0.78,1,Good
Surabaya,2026-05-04 09:00:00,6.99,11.27,162.15,1.42,55.93,0.73,1,Good
Surabaya,2026-05-04 10:00:00,5.15,8.95,152.81,1.68,50.24,0.65,1,Good
Surabaya,2026-05-04 11:00:00,3.78,7.07,144.62,1.72,45.48,0.57,1,Good
Surabaya,2026-05-04 12:00:00,2.96,5.85,132.75,1.49,41.94,0.47,1,Good
Surabaya,2026-05-04 13:00:00,2.59,5.36,125.57,1.4,38.62,0.43,1,Good
Surabaya,2026-05-04 14:00:00,2.65,5.66,129.15,1.6,36.07,0.47,1,Good
Surabaya,2026-05-04 15:00:00,2.74,5.93,133.8,1.75,34.99,0.51,1,Good
Surabaya,2026-05-04 16:00:00,2.82,5.98,139.17,1.87,35.24,0.58,1,Good
Surabaya,2026-05-04 17:00:00,2.92,5.88,140.76,1.87,35.7,0.69,1,Good
Surabaya,2026-05-04 18:00:00,3.04,5.94,139.19,1.76,35.36,0.78,1,Good
Surabaya,2026-05-04 19:00:00,3.12,6.05,135.55,1.63,34.13,0.79,1,Good
Surabaya,2026-05-04 20:00:00,3.17,6.18,133.27,1.56,32.46,0.74,1,Good
Surabaya,2026-05-04 21:00:00,3.22,6.3,132.31,1.56,30.79,0.7,1,Good
Surabaya,2026-05-04 22:00:00,3.68,7.17,149.56,1.92,28.59,0.7,1,Good
Surabaya,2026-05-04 23:00:00,4.53,8.79,182.41,2.61,26.34,0.77,1,Good
Surabaya,2026-05-05 00:00:00,5.96,11.78,245.97,3.99,24.03,1.11,1,Good
Surabaya,2026-05-05 01:00:00,7.52,15.06,332.95,5.36,23.56,1.67,1,Good
Surabaya,2026-05-05 02:00:00,7.61,15.54,351.18,5.27,28.87,1.9,1,Good
Surabaya,2026-05-05 03:00:00,7.52,14.83,305.14,3.97,41.26,1.76,1,Good
Surabaya,2026-05-05 04:00:00,7.12,12.12,201.17,2.02,48.62,1.39,1,Good
Surabaya,2026-05-05 05:00:00,8.18,12.86,187.85,1.89,50.26,1.41,1,Good
Surabaya,2026-05-05 06:00:00,9.35,14.28,198.67,2.11,51.56,1.53,1,Good
Surabaya,2026-05-05 07:00:00,9.83,14.95,207.41,2.4,51.85,1.63,1,Good
Surabaya,2026-05-05 08:00:00,9.19,14.01,202.04,2.53,49.69,1.64,1,Good
Surabaya,2026-05-05 09:00:00,7.77,12.03,188.82,2.57,45.73,1.53,1,Good
Surabaya,2026-05-05 10:00:00,5.83,9.54,171.61,2.67,40.25,1.32,1,Good
Surabaya,2026-05-05 11:00:00,4.59,8.13,163.97,2.76,35.81,1.12,1,Good
Surabaya,2026-05-05 12:00:00,4.1,7.65,159.46,2.65,34.06,1.02,1,Good
Surabaya,2026-05-05 13:00:00,3.87,7.39,155.47,2.67,33.2,1.04,1,Good
Surabaya,2026-05-05 14:00:00,3.57,6.85,149.92,2.62,32.58,1.01,1,Good
Surabaya,2026-05-05 15:00:00,3.2,6.08,142.24,2.39,32.4,0.87,1,Good
Surabaya,2026-05-05 16:00:00,3.11,5.81,141.35,2.32,32.1,0.78,1,Good
Surabaya,2026-05-05 17:00:00,3.25,5.87,144.09,2.4,31.67,0.73,1,Good
Surabaya,2026-05-05 18:00:00,3.28,5.69,141.03,2.25,31.47,0.66,1,Good
Surabaya,2026-05-05 19:00:00,3.24,5.54,135.81,2.02,30.91,0.57,1,Good
Surabaya,2026-05-05 20:00:00,3.06,5.34,129.21,1.78,29.9,0.48,1,Good
Surabaya,2026-05-05 21:00:00,2.78,5.01,121.55,1.58,28.48,0.4,1,Good
Surabaya,2026-05-05 22:00:00,2.42,4.54,113.88,1.42,27.01,0.34,1,Good
Surabaya,2026-05-05 23:00:00,2.16,4.2,110.43,1.41,25.82,0.32,1,Good
Surabaya,2026-05-06 00:00:00,2.08,4.29,117.02,1.48,25.3,0.38,1,Good
Surabaya,2026-05-06 01:00:00,2.25,4.89,137.22,1.69,26.41,0.53,1,Good
Surabaya,2026-05-06 02:00:00,2.7,5.97,160.14,1.96,30.25,0.7,1,Good
Surabaya,2026-05-06 03:00:00,3.63,7.55,170.35,1.84,37.29,0.79,1,Good
Surabaya,2026-05-06 04:00:00,5.28,9.6,174.29,1.56,44.77,0.83,1,Good
Surabaya,2026-05-06 05:00:00,6.88,11.3,170.41,1.33,48.31,0.81,1,Good
Surabaya,2026-05-06 06:00:00,8.31,12.87,170.21,1.25,50.5,0.82,1,Good
Surabaya,2026-05-06 07:00:00,9.45,14.15,172.7,1.23,53.05,0.84,1,Good
Surabaya,2026-05-06 08:00:00,8.44,12.87,163.76,1.38,48.66,0.78,1,Good
Surabaya,2026-05-06 09:00:00,6.22,10.15,148.55,1.51,40.13,0.67,1,Good
Surabaya,2026-05-06 10:00:00,4.12,7.34,131.65,1.59,31.86,0.53,1,Good
Surabaya,2026-05-06 11:00:00,3.12,6.03,123.76,1.6,27.08,0.45,1,Good
Surabaya,2026-05-06 12:00:00,2.71,5.71,113.74,1.4,24.88,0.38,1,Good
Surabaya,2026-05-06 13:00:00,2.66,6.33,112.61,1.46,23.51,0.39,1,Good
Surabaya,2026-05-06 14:00:00,2.88,7.25,122.79,1.81,22.81,0.48,1,Good
Surabaya,2026-05-06 15:00:00,3.09,7.7,133.0,2.12,22.73,0.54,1,Good
Surabaya,2026-05-06 16:00:00,3.26,7.65,144.18,2.47,22.8,0.61,1,Good
Surabaya,2026-05-06 17:00:00,3.37,7.22,151.55,2.75,23.08,0.7,1,Good
Surabaya,2026-05-06 18:00:00,3.44,6.84,153.64,2.83,23.42,0.79,1,Good
Surabaya,2026-05-06 19:00:00,3.42,6.49,151.0,2.68,23.87,0.8,1,Good
Surabaya,2026-05-06 20:00:00,3.31,6.23,144.15,2.41,24.27,0.74,1,Good
Surabaya,2026-05-06 21:00:00,3.13,6.0,136.25,2.13,24.44,0.65,1,Good
Surabaya,2026-05-06 22:00:00,2.92,5.73,128.32,1.88,24.16,0.55,1,Good
Surabaya,2026-05-06 23:00:00,2.69,5.42,120.63,1.66,23.47,0.46,1,Good
Surabaya,2026-05-07 00:00:00,2.53,5.3,118.49,1.35,23.24,0.45,1,Good
Surabaya,2026-05-07 01:00:00,2.56,5.48,129.73,1.21,25.54,0.52,1,Good
Surabaya,2026-05-07 02:00:00,3.6,7.31,163.25,1.54,33.06,0.74,1,Good
Surabaya,2026-05-07 03:00:00,6.26,10.78,187.22,1.57,44.85,0.89,1,Good
Surabaya,2026-05-07 04:00:00,9.75,14.69,198.05,1.4,54.48,0.95,1,Good
Surabaya,2026-05-07 05:00:00,11.88,16.64,192.11,1.19,58.04,0.91,2,Fair
Surabaya,2026-05-07 06:00:00,12.04,16.49,181.99,1.1,57.32,0.85,2,Fair
Surabaya,2026-05-07 07:00:00,10.78,15.0,170.85,1.1,54.13,0.79,2,Fair
Surabaya,2026-05-07 08:00:00,8.77,12.76,155.57,1.09,48.6,0.7,1,Good
Surabaya,2026-05-07 09:00:00,6.56,10.33,138.73,1.09,41.73,0.59,1,Good
Surabaya,2026-05-07 10:00:00,4.63,8.24,125.69,1.25,34.9,0.5,1,Good
Surabaya,2026-05-07 11:00:00,3.57,7.24,121.91,1.47,30.56,0.47,1,Good
Surabaya,2026-05-07 12:00:00,3.05,6.84,117.33,1.39,28.91,0.45,1,Good
Surabaya,2026-05-07 13:00:00,2.74,6.62,112.98,1.3,28.21,0.43,1,Good
Surabaya,2026-05-07 14:00:00,2.54,6.5,111.5,1.3,28.01,0.43,1,Good
Surabaya,2026-05-07 15:00:00,2.43,6.47,111.59,1.32,28.42,0.44,1,Good
Surabaya,2026-05-07 16:00:00,2.37,6.36,111.9,1.36,29.34,0.46,1,Good
Surabaya,2026-05-07 17:00:00,2.26,5.91,107.94,1.26,30.58,0.44,1,Good
Surabaya,2026-05-07 18:00:00,2.07,5.39,100.57,1.03,31.59,0.36,1,Good
Surabaya,2026-05-07 19:00:00,1.85,4.95,92.41,0.8,31.93,0.27,1,Good
Surabaya,2026-05-07 20:00:00,1.66,4.61,86.63,0.65,31.82,0.22,1,Good
Surabaya,2026-05-07 21:00:00,1.52,4.33,83.21,0.57,31.26,0.19,1,Good
Surabaya,2026-05-07 22:00:00,1.45,4.19,81.64,0.55,30.13,0.18,1,Good
Surabaya,2026-05-07 23:00:00,1.48,4.33,82.95,0.61,28.72,0.2,1,Good
Surabaya,2026-05-08 00:00:00,1.61,4.7,91.36,0.74,27.42,0.28,1,Good
Surabaya,2026-05-08 01:00:00,1.86,5.26,111.31,1.02,27.24,0.43,1,Good
Surabaya,2026-05-08 02:00:00,2.2,5.8,133.54,1.37,28.62,0.58,1,Good
Surabaya,2026-05-08 03:00:00,2.66,6.31,144.96,1.37,32.3,0.64,1,Good
Surabaya,2026-05-08 04:00:00,3.57,7.2,151.62,1.14,39.46,0.67,1,Good
Surabaya,2026-05-08 05:00:00,4.61,8.4,152.5,1.06,43.91,0.69,1,Good
Surabaya,2026-05-08 06:00:00,5.64,9.88,153.9,1.05,47.11,0.71,1,Good
Surabaya,2026-05-08 07:00:00,6.42,11.2,153.79,1.08,49.66,0.72,1,Good
Surabaya,2026-05-08 08:00:00,6.45,11.54,146.95,1.09,49.75,0.67,1,Good
Surabaya,2026-05-08 09:00:00,5.97,11.23,136.98,1.12,47.28,0.59,1,Good
Surabaya,2026-05-08 10:00:00,5.24,10.62,128.14,1.29,42.48,0.51,1,Good
Surabaya,2026-05-08 11:00:00,4.89,10.72,126.98,1.54,38.37,0.49,1,Good
Surabaya,2026-05-08 12:00:00,4.79,11.23,124.77,1.54,36.17,0.48,1,Good
Surabaya,2026-05-08 13:00:00,4.81,11.87,123.07,1.53,34.75,0.48,1,Good
Surabaya,2026-05-08 14:00:00,4.97,12.88,123.47,1.56,34.0,0.49,1,Good
Surabaya,2026-05-08 15:00:00,5.17,13.91,124.13,1.57,33.81,0.5,1,Good
Surabaya,2026-05-08 16:00:00,5.24,14.3,123.43,1.54,33.95,0.5,1,Good
Surabaya,2026-05-08 17:00:00,5.07,14.07,118.47,1.38,34.41,0.5,1,Good
Surabaya,2026-05-08 18:00:00,5.0,14.3,113.25,1.21,34.54,0.49,1,Good
Surabaya,2026-05-08 19:00:00,5.1,15.0,110.92,1.14,34.44,0.46,1,Good
Surabaya,2026-05-08 20:00:00,5.29,15.87,112.27,1.19,34.34,0.45,1,Good
Surabaya,2026-05-08 21:00:00,5.38,16.2,116.53,1.29,34.12,0.48,1,Good
Surabaya,2026-05-08 22:00:00,5.23,15.74,119.18,1.39,34.24,0.53,1,Good
Surabaya,2026-05-08 23:00:00,5.09,15.47,119.43,1.43,34.69,0.55,1,Good
Surabaya,2026-05-09 00:00:00,5.24,16.12,123.91,1.55,35.25,0.58,1,Good
Surabaya,2026-05-09 01:00:00,5.65,17.35,134.58,1.69,36.46,0.65,1,Good
Surabaya,2026-05-09 02:00:00,6.26,18.79,146.15,1.64,39.88,0.72,1,Good
Surabaya,2026-05-09 03:00:00,7.21,20.42,153.21,1.31,46.66,0.74,2,Fair
Surabaya,2026-05-09 04:00:00,8.67,22.38,162.96,1.23,53.67,0.78,2,Fair
Surabaya,2026-05-09 05:00:00,9.85,23.75,175.4,1.48,56.1,0.84,2,Fair
Surabaya,2026-05-09 06:00:00,10.84,24.63,189.4,1.8,57.18,0.9,2,Fair
Surabaya,2026-05-09 07:00:00,11.16,24.32,198.29,2.18,56.39,0.97,2,Fair
Surabaya,2026-05-09 08:00:00,10.32,21.49,189.0,2.22,53.85,0.98,2,Fair
Surabaya,2026-05-09 09:00:00,8.85,17.6,168.69,2.03,50.29,0.9,1,Good
Surabaya,2026-05-09 10:00:00,7.17,13.18,144.28,1.68,46.66,0.8,1,Good
Surabaya,2026-05-09 11:00:00,6.29,11.54,135.66,1.61,43.83,0.67,1,Good
Surabaya,2026-05-09 12:00:00,5.87,11.48,127.52,1.46,41.89,0.55,1,Good
Surabaya,2026-05-09 13:00:00,5.86,13.23,120.86,1.35,39.92,0.44,1,Good
Surabaya,2026-05-09 14:00:00,6.11,14.77,117.0,1.31,38.6,0.4,1,Good
Surabaya,2026-05-09 15:00:00,6.13,13.96,115.25,1.27,38.06,0.37,1,Good
Surabaya,2026-05-09 16:00:00,5.94,12.0,114.48,1.23,38.19,0.35,1,Good
Surabaya,2026-05-09 17:00:00,5.79,10.85,114.96,1.19,38.39,0.33,1,Good
Surabaya,2026-05-09 18:00:00,5.55,10.19,112.79,1.09,38.49,0.29,1,Good
Surabaya,2026-05-09 19:00:00,5.58,10.41,110.37,1.03,38.25,0.27,1,Good
Surabaya,2026-05-09 20:00:00,5.8,10.89,108.75,1.03,37.67,0.27,1,Good
Surabaya,2026-05-09 21:00:00,5.84,10.93,106.33,1.01,37.09,0.26,1,Good
Surabaya,2026-05-09 22:00:00,5.7,10.67,102.89,0.95,36.75,0.25,1,Good
Surabaya,2026-05-09 23:00:00,5.57,10.55,100.79,0.93,36.41,0.25,1,Good
Surabaya,2026-05-10 00:00:00,5.54,10.71,103.97,0.99,36.3,0.31,1,Good
Surabaya,2026-05-10 01:00:00,5.53,10.88,116.54,1.15,37.52,0.44,1,Good
Surabaya,2026-05-10 02:00:00,5.99,11.95,137.42,1.5,40.73,0.63,1,Good
Surabaya,2026-05-10 03:00:00,6.85,13.71,150.86,1.52,45.84,0.73,1,Good
Surabaya,2026-05-10 04:00:00,8.73,16.43,160.08,1.16,54.89,0.77,1,Good
Surabaya,2026-05-10 05:00:00,11.29,19.47,163.0,0.97,61.77,0.76,2,Fair
Surabaya,2026-05-10 06:00:00,12.65,20.92,161.73,0.91,64.16,0.73,2,Fair
Surabaya,2026-05-10 07:00:00,12.28,20.56,161.1,1.04,63.89,0.72,2,Fair
Surabaya,2026-05-10 08:00:00,10.82,19.26,161.11,1.23,61.65,0.72,2,Fair
Surabaya,2026-05-10 09:00:00,9.49,18.44,164.78,1.54,59.19,0.76,1,Good
Surabaya,2026-05-10 10:00:00,8.51,18.07,170.09,2.14,55.62,0.82,1,Good
Surabaya,2026-05-10 11:00:00,8.06,17.99,167.08,2.31,53.2,0.83,1,Good
Surabaya,2026-05-10 12:00:00,7.94,17.86,154.11,1.9,53.02,0.83,1,Good
Surabaya,2026-05-10 13:00:00,7.63,16.83,143.25,1.61,53.18,0.96,1,Good
Surabaya,2026-05-10 14:00:00,7.3,15.44,145.0,1.7,52.91,1.14,1,Good
Surabaya,2026-05-10 15:00:00,6.98,14.24,148.85,1.82,52.52,1.3,1,Good
Surabaya,2026-05-10 16:00:00,6.57,13.04,155.8,1.89,52.34,1.45,1,Good
Surabaya,2026-05-10 17:00:00,6.43,12.8,156.36,1.86,51.9,1.52,1,Good
Surabaya,2026-05-10 18:00:00,6.44,13.36,152.71,1.72,50.89,1.37,1,Good
Surabaya,2026-05-10 19:00:00,6.45,13.95,146.96,1.47,49.89,1.06,1,Good
Surabaya,2026-05-10 20:00:00,6.41,14.33,143.86,1.3,48.9,0.78,1,Good
Surabaya,2026-05-10 21:00:00,6.2,14.14,142.87,1.24,48.01,0.61,1,Good
Surabaya,2026-05-10 22:00:00,5.89,13.6,142.89,1.28,47.12,0.56,1,Good
Surabaya,2026-05-10 23:00:00,5.84,13.57,144.45,1.4,46.21,0.6,1,Good
Surabaya,2026-05-11 00:00:00,5.78,13.58,148.65,1.61,45.52,0.66,1,Good
Surabaya,2026-05-12 01:00:00,3.26,7.1,128.34,1.65,28.69,0.54,1,Good
Surabaya,2026-05-12 02:00:00,3.72,8.11,158.89,1.99,31.0,0.75,1,Good
Surabaya,2026-05-12 03:00:00,4.61,9.64,176.45,1.84,38.26,0.88,1,Good
Surabaya,2026-05-12 04:00:00,7.01,12.47,186.73,1.39,50.92,0.94,1,Good
Surabaya,2026-05-12 05:00:00,9.71,15.28,188.19,1.21,57.74,0.94,1,Good
Surabaya,2026-05-12 06:00:00,11.48,17.37,190.17,1.2,59.72,0.95,2,Fair
Surabaya,2026-05-12 07:00:00,12.07,18.83,191.67,1.35,59.25,0.97,2,Fair
Surabaya,2026-05-12 08:00:00,11.04,19.08,184.32,1.54,54.2,0.93,2,Fair
Surabaya,2026-05-12 09:00:00,9.36,18.91,173.3,1.87,46.0,0.86,1,Good
Surabaya,2026-05-12 10:00:00,7.85,18.3,163.42,2.32,37.26,0.8,1,Good
Surabaya,2026-05-12 11:00:00,6.72,16.14,154.67,2.39,31.57,0.72,1,Good
Surabaya,2026-05-12 12:00:00,5.7,13.09,139.6,2.09,28.23,0.61,1,Good
Surabaya,2026-05-12 13:00:00,4.89,10.7,126.62,1.85,25.61,0.52,1,Good
Surabaya,2026-05-12 14:00:00,4.48,9.73,123.88,1.87,24.07,0.51,1,Good
Surabaya,2026-05-12 15:00:00,4.16,9.11,122.98,1.85,23.7,0.49,1,Good
Surabaya,2026-05-12 16:00:00,3.84,8.23,122.26,1.81,23.94,0.46,1,Good
Surabaya,2026-05-12 17:00:00,3.5,7.28,119.87,1.71,24.33,0.42,1,Good
Surabaya,2026-05-12 18:00:00,3.22,6.64,114.85,1.53,24.78,0.36,1,Good
Surabaya,2026-05-12 19:00:00,3.05,6.34,110.36,1.36,25.12,0.33,1,Good
Surabaya,2026-05-12 20:00:00,2.93,6.09,106.41,1.22,25.34,0.3,1,Good
Surabaya,2026-05-12 21:00:00,2.78,5.66,101.94,1.08,25.51,0.26,1,Good
Surabaya,2026-05-12 22:00:00,2.62,5.1,97.99,0.97,25.57,0.24,1,Good
Surabaya,2026-05-12 23:00:00,2.6,4.94,99.05,1.02,25.4,0.26,1,Good
Surabaya,2026-05-13 00:00:00,2.76,5.41,110.64,1.13,25.29,0.36,1,Good
Surabaya,2026-05-13 01:00:00,3.11,6.42,135.3,1.36,26.85,0.54,1,Good
Surabaya,2026-05-13 02:00:00,3.64,7.81,155.59,1.63,30.52,0.68,1,Good
Surabaya,2026-05-13 03:00:00,4.33,9.38,162.16,1.58,34.86,0.73,1,Good
Surabaya,2026-05-13 04:00:00,5.45,11.15,161.48,1.31,40.67,0.75,1,Good
Surabaya,2026-05-13 05:00:00,6.53,12.6,156.7,1.16,43.46,0.74,1,Good
Surabaya,2026-05-13 06:00:00,7.39,13.6,154.02,1.11,44.79,0.74,1,Good
Surabaya,2026-05-13 07:00:00,7.94,13.96,151.91,1.13,45.46,0.72,1,Good
Surabaya,2026-05-13 08:00:00,7.68,13.07,144.1,1.18,44.24,0.65,1,Good
Surabaya,2026-05-13 09:00:00,6.63,11.33,133.13,1.28,40.88,0.57,1,Good
Surabaya,2026-05-13 10:00:00,5.27,9.42,124.81,1.56,35.51,0.49,1,Good
Surabaya,2026-05-13 11:00:00,4.64,9.05,126.23,1.87,31.61,0.49,1,Good
Surabaya,2026-05-13 12:00:00,4.46,9.46,125.82,1.72,29.49,0.49,1,Good
Surabaya,2026-05-13 13:00:00,4.43,9.98,127.0,1.64,27.84,0.5,1,Good
Surabaya,2026-05-13 14:00:00,4.39,10.11,130.85,1.72,26.46,0.53,1,Good
Surabaya,2026-05-13 15:00:00,4.21,9.63,132.34,1.8,25.36,0.53,1,Good
Surabaya,2026-05-13 16:00:00,3.92,8.72,130.56,1.82,24.59,0.52,1,Good
Surabaya,2026-05-13 17:00:00,3.6,7.65,124.2,1.7,24.35,0.47,1,Good
Surabaya,2026-05-13 18:00:00,3.4,6.93,115.46,1.48,24.4,0.41,1,Good
Surabaya,2026-05-13 19:00:00,3.38,6.65,107.78,1.25,24.34,0.37,1,Good
Surabaya,2026-05-13 20:00:00,3.55,6.8,105.63,1.17,24.05,0.36,1,Good
Surabaya,2026-05-13 21:00:00,3.82,7.04,107.95,1.22,23.53,0.37,1,Good
Surabaya,2026-05-13 22:00:00,4.1,7.26,112.43,1.32,23.02,0.38,1,Good
Surabaya,2026-05-13 23:00:00,4.32,7.34,117.23,1.47,22.47,0.39,1,Good
Surabaya,2026-05-14 00:00:00,4.54,7.54,127.57,1.76,21.91,0.45,1,Good
Surabaya,2026-05-14 01:00:00,4.69,7.74,148.55,2.18,21.62,0.58,1,Good
Surabaya,2026-05-14 02:00:00,4.75,7.94,168.24,2.27,23.32,0.69,1,Good
Surabaya,2026-05-14 03:00:00,4.99,8.29,173.69,1.82,30.13,0.71,1,Good
Surabaya,2026-05-14 04:00:00,6.18,9.47,172.96,1.27,42.45,0.69,1,Good
Surabaya,2026-05-14 05:00:00,7.31,10.46,166.61,1.13,47.83,0.68,1,Good
Surabaya,2026-05-14 06:00:00,7.7,10.72,163.92,1.12,48.93,0.68,1,Good
Surabaya,2026-05-14 07:00:00,7.52,10.53,167.57,1.28,48.47,0.72,1,Good
Surabaya,2026-05-14 08:00:00,7.11,10.24,173.87,1.55,47.13,0.75,1,Good
Surabaya,2026-05-14 09:00:00,6.59,9.89,183.31,2.02,44.56,0.8,1,Good
Surabaya,2026-05-14 10:00:00,5.83,9.06,193.4,2.86,39.65,0.83,1,Good
Surabaya,2026-05-14 11:00:00,5.04,7.99,185.76,3.04,35.53,0.76,1,Good
Surabaya,2026-05-14 12:00:00,4.43,7.06,159.2,2.21,34.45,0.59,1,Good
Surabaya,2026-05-14 13:00:00,3.93,6.32,133.58,1.49,34.03,0.43,1,Good
Surabaya,2026-05-14 14:00:00,3.92,6.62,132.63,1.51,32.82,0.43,1,Good
Surabaya,2026-05-14 15:00:00,3.87,6.75,130.88,1.55,31.26,0.42,1,Good
Surabaya,2026-05-14 16:00:00,3.72,6.63,126.45,1.54,29.81,0.4,1,Good
Surabaya,2026-05-14 17:00:00,3.45,6.18,116.7,1.38,28.9,0.34,1,Good
Surabaya,2026-05-14 18:00:00,3.27,5.92,106.69,1.18,28.28,0.29,1,Good
Surabaya,2026-05-14 19:00:00,3.22,5.93,99.3,1.03,27.54,0.25,1,Good
Surabaya,2026-05-14 20:00:00,3.32,6.28,95.84,1.0,26.52,0.25,1,Good
Surabaya,2026-05-14 21:00:00,3.51,6.73,96.59,1.07,25.38,0.26,1,Good
Surabaya,2026-05-14 22:00:00,3.63,6.95,99.76,1.18,24.37,0.28,1,Good
Surabaya,2026-05-14 23:00:00,3.72,7.04,106.66,1.35,23.42,0.3,1,Good
Surabaya,2026-05-15 00:00:00,3.91,7.46,122.52,1.58,22.75,0.39,1,Good
Surabaya,2026-05-15 01:00:00,4.22,8.11,149.6,1.81,23.59,0.57,1,Good
Surabaya,2026-05-15 02:00:00,4.77,8.96,170.96,1.86,28.86,0.72,1,Good
Surabaya,2026-05-15 03:00:00,5.98,10.52,175.46,1.58,38.72,0.76,1,Good
Surabaya,2026-05-15 04:00:00,7.78,12.7,175.24,1.31,46.77,0.77,1,Good
Surabaya,2026-05-15 05:00:00,9.17,14.45,175.57,1.23,50.31,0.8,1,Good
Surabaya,2026-05-15 06:00:00,10.6,16.41,181.67,1.31,52.84,0.85,2,Fair
Surabaya,2026-05-15 07:00:00,11.93,18.37,191.51,1.54,55.28,0.93,2,Fair
Surabaya,2026-05-15 08:00:00,12.28,19.07,194.12,1.76,55.39,0.96,2,Fair
Surabaya,2026-05-15 09:00:00,11.71,18.61,194.11,2.1,52.92,0.98,2,Fair
Surabaya,2026-05-15 10:00:00,10.21,16.78,193.2,2.78,46.67,0.97,2,Fair
Surabaya,2026-05-15 11:00:00,8.5,14.39,182.47,2.95,40.11,0.88,1,Good
Surabaya,2026-05-15 12:00:00,7.11,12.2,156.47,2.2,36.46,0.7,1,Good
Surabaya,2026-05-15 13:00:00,6.27,10.89,143.02,1.79,33.8,0.59,1,Good
Surabaya,2026-05-15 14:00:00,6.23,11.0,154.27,2.09,31.7,0.63,1,Good
Surabaya,2026-05-15 15:00:00,6.27,11.05,165.02,2.4,30.16,0.66,1,Good
Surabaya,2026-05-15 16:00:00,6.33,11.0,176.17,2.73,29.05,0.73,1,Good
Surabaya,2026-05-15 17:00:00,6.37,10.83,182.97,2.92,28.7,0.85,1,Good
Surabaya,2026-05-15 18:00:00,6.42,10.72,182.37,2.88,28.75,0.97,1,Good
Surabaya,2026-05-15 19:00:00,6.41,10.3,178.67,2.73,28.91,1.01,1,Good
Surabaya,2026-05-15 20:00:00,6.37,9.82,174.5,2.56,28.92,0.97,1,Good
Surabaya,2026-05-15 21:00:00,6.26,9.41,168.75,2.31,28.93,0.9,1,Good
Surabaya,2026-05-15 22:00:00,6.15,9.34,163.57,2.15,28.77,0.82,1,Good
Surabaya,2026-05-15 23:00:00,6.23,9.78,167.93,2.24,28.12,0.79,1,Good
Surabaya,2026-05-16 00:00:00,6.53,10.76,187.11,2.61,27.35,0.87,1,Good
Surabaya,2026-05-16 01:00:00,6.99,12.07,223.94,3.08,27.84,1.07,1,Good
Surabaya,2026-05-16 02:00:00,7.21,12.72,245.55,3.25,31.16,1.16,1,Good
Surabaya,2026-05-16 03:00:00,7.22,12.59,239.19,2.75,36.84,1.06,1,Good
Surabaya,2026-05-16 04:00:00,6.96,11.78,217.83,2.16,40.72,0.9,1,Good
Surabaya,2026-05-16 05:00:00,6.19,10.36,192.49,1.86,39.22,0.75,1,Good
Surabaya,2026-05-16 06:00:00,5.3,9.11,173.48,1.75,35.83,0.67,1,Good
Surabaya,2026-05-16 07:00:00,4.57,8.26,159.26,1.7,32.56,0.62,1,Good
Surabaya,2026-05-16 08:00:00,3.93,7.53,141.44,1.59,29.41,0.54,1,Good
Surabaya,2026-05-16 09:00:00,3.43,6.97,123.62,1.4,26.99,0.45,1,Good
Surabaya,2026-05-16 10:00:00,2.97,6.11,110.06,1.26,25.21,0.36,1,Good
Surabaya,2026-05-16 11:00:00,2.64,5.46,103.9,1.2,24.06,0.32,1,Good
Surabaya,2026-05-16 12:00:00,2.34,4.93,96.14,0.98,23.64,0.27,1,Good
Surabaya,2026-05-16 13:00:00,2.07,4.41,90.47,0.81,23.27,0.24,1,Good
Surabaya,2026-05-16 14:00:00,1.94,4.13,90.04,0.84,23.02,0.24,1,Good
Surabaya,2026-05-16 15:00:00,1.83,3.91,89.88,0.86,22.82,0.25,1,Good
Surabaya,2026-05-16 16:00:00,1.73,3.68,89.67,0.87,22.66,0.24,1,Good
Surabaya,2026-05-16 17:00:00,1.61,3.24,86.79,0.8,22.67,0.21,1,Good
Surabaya,2026-05-16 18:00:00,1.51,2.83,82.86,0.68,22.84,0.17,1,Good
Surabaya,2026-05-16 19:00:00,1.41,2.57,78.65,0.53,23.08,0.14,1,Good
Surabaya,2026-05-16 20:00:00,1.4,2.54,76.83,0.45,23.36,0.13,1,Good
Surabaya,2026-05-16 21:00:00,1.46,2.61,76.32,0.43,23.54,0.12,1,Good
Surabaya,2026-05-16 22:00:00,1.56,2.71,77.12,0.44,23.6,0.13,1,Good
Surabaya,2026-05-16 23:00:00,1.71,2.93,79.77,0.52,23.55,0.16,1,Good
Surabaya,2026-05-17 00:00:00,1.94,3.35,87.97,0.65,23.72,0.23,1,Good
Surabaya,2026-05-17 01:00:00,2.32,4.2,111.68,0.98,24.67,0.39,1,Good
Surabaya,2026-05-17 02:00:00,2.93,5.55,145.54,1.53,27.29,0.62,1,Good
Surabaya,2026-05-17 03:00:00,3.56,6.81,164.83,1.79,30.81,0.74,1,Good
Surabaya,2026-05-17 04:00:00,4.06,7.58,170.44,1.72,34.16,0.77,1,Good
Surabaya,2026-05-17 05:00:00,4.18,7.53,163.47,1.49,36.04,0.71,1,Good
Surabaya,2026-05-17 06:00:00,4.05,7.14,155.99,1.36,36.13,0.65,1,Good
Surabaya,2026-05-17 07:00:00,3.83,6.52,151.22,1.4,34.77,0.59,1,Good
Surabaya,2026-05-17 08:00:00,3.52,5.75,140.75,1.42,31.74,0.5,1,Good
Surabaya,2026-05-17 09:00:00,3.25,5.11,126.85,1.33,28.93,0.4,1,Good
Surabaya,2026-05-17 10:00:00,3.09,4.68,115.36,1.19,27.31,0.33,1,Good
Surabaya,2026-05-17 11:00:00,3.14,4.82,112.56,1.18,26.71,0.31,1,Good
Surabaya,2026-05-17 12:00:00,3.24,5.3,107.12,1.01,26.85,0.28,1,Good
Surabaya,2026-05-17 13:00:00,3.25,5.77,97.75,0.72,27.44,0.22,1,Good
Surabaya,2026-05-17 14:00:00,3.38,6.45,94.16,0.61,27.98,0.2,1,Good
Surabaya,2026-05-17 15:00:00,3.57,7.15,93.48,0.59,28.35,0.2,1,Good
Surabaya,2026-05-17 16:00:00,3.79,8.18,92.49,0.59,28.6,0.2,1,Good
Surabaya,2026-05-17 17:00:00,3.95,9.06,89.35,0.53,28.95,0.19,1,Good
Surabaya,2026-05-17 18:00:00,4.0,9.31,86.47,0.46,29.35,0.17,1,Good
Surabaya,2026-05-17 19:00:00,4.01,8.8,84.63,0.43,29.47,0.16,1,Good
Surabaya,2026-05-17 20:00:00,4.17,8.34,84.36,0.44,29.47,0.17,1,Good
Surabaya,2026-05-17 21:00:00,4.34,7.99,83.56,0.45,29.58,0.17,1,Good
Surabaya,2026-05-17 22:00:00,4.46,7.7,83.29,0.45,29.58,0.17,1,Good
Surabaya,2026-05-17 23:00:00,4.55,7.6,84.34,0.51,29.57,0.19,1,Good
Surabaya,2026-05-18 00:00:00,4.63,7.75,92.78,0.68,29.45,0.26,1,Good
Surabaya,2026-05-18 01:00:00,4.96,8.7,131.25,1.36,29.77,0.53,1,Good
Surabaya,2026-05-18 02:00:00,5.66,10.67,193.49,2.46,31.97,0.96,1,Good
Surabaya,2026-05-18 03:00:00,6.41,12.61,232.09,3.0,36.2,1.23,1,Good
Surabaya,2026-05-18 04:00:00,7.05,13.68,242.26,2.69,42.79,1.31,1,Good
Surabaya,2026-05-18 05:00:00,7.08,13.12,213.12,1.85,47.69,1.09,1,Good
Surabaya,2026-05-18 06:00:00,5.99,11.37,171.99,1.25,45.73,0.81,1,Good
Surabaya,2026-05-18 07:00:00,4.41,9.48,136.24,0.9,39.86,0.58,1,Good
Surabaya,2026-05-18 08:00:00,3.44,8.62,121.02,0.83,35.36,0.48,1,Good
Surabaya,2026-05-18 09:00:00,2.87,8.17,111.56,0.84,31.87,0.42,1,Good
Surabaya,2026-05-18 10:00:00,2.55,7.91,107.94,1.05,28.74,0.39,1,Good
Surabaya,2026-05-18 11:00:00,2.39,7.81,106.74,1.23,26.92,0.38,1,Good
Surabaya,2026-05-18 12:00:00,2.31,7.81,102.38,1.07,26.61,0.35,1,Good
Surabaya,2026-05-18 13:00:00,2.28,7.83,97.76,0.93,26.81,0.33,1,Good
Surabaya,2026-05-18 14:00:00,2.29,7.81,96.02,0.88,27.11,0.33,1,Good
Surabaya,2026-05-18 15:00:00,2.33,7.71,96.38,0.92,27.31,0.33,1,Good
Surabaya,2026-05-18 16:00:00,2.36,7.52,98.56,1.01,27.11,0.35,1,Good
Surabaya,2026-05-18 17:00:00,2.37,7.29,99.65,1.08,26.78,0.36,1,Good
Surabaya,2026-05-18 18:00:00,2.4,7.17,100.21,1.12,26.33,0.4,1,Good
Surabaya,2026-05-18 19:00:00,2.36,6.82,98.38,1.11,25.77,0.42,1,Good
Surabaya,2026-05-18 20:00:00,2.37,6.53,96.55,1.15,25.44,0.46,1,Good
Surabaya,2026-05-18 21:00:00,2.61,6.8,102.1,1.39,25.21,0.58,1,Good
Surabaya,2026-05-18 22:00:00,3.01,7.28,110.82,1.75,25.16,0.76,1,Good
Surabaya,2026-05-18 23:00:00,3.45,7.85,120.6,2.17,24.99,0.98,1,Good
Surabaya,2026-05-19 00:00:00,4.05,8.76,136.71,2.39,25.62,1.23,1,Good
Surabaya,2026-05-20 01:00:00,48.58,58.98,703.97,9.96,52.55,3.72,3,Moderate
Surabaya,2026-05-20 02:00:00,53.29,67.22,861.93,12.69,60.06,4.66,4,Poor
Surabaya,2026-05-20 03:00:00,61.76,78.63,960.07,12.54,87.79,5.42,4,Poor
Surabaya,2026-05-20 04:00:00,78.89,96.74,1002.29,9.82,132.1,5.73,5,Very Poor
Surabaya,2026-05-20 05:00:00,84.1,99.8,922.04,7.07,152.23,5.03,5,Very Poor
Surabaya,2026-05-20 06:00:00,75.24,87.58,768.59,5.46,149.89,3.99,5,Very Poor
Surabaya,2026-05-20 07:00:00,64.08,73.6,613.4,4.15,140.86,3.26,4,Poor
Surabaya,2026-05-20 08:00:00,61.51,70.53,567.29,4.18,136.81,3.16,4,Poor
Surabaya,2026-05-20 09:00:00,57.98,66.6,550.5,4.81,130.07,3.17,4,Poor
Surabaya,2026-05-20 10:00:00,51.87,59.77,536.27,5.89,116.71,3.16,4,Poor
Surabaya,2026-05-20 11:00:00,46.77,53.85,517.24,6.09,105.44,3.2,3,Moderate
Surabaya,2026-05-20 12:00:00,44.49,50.8,496.04,5.6,99.76,3.46,3,Moderate
Surabaya,2026-05-20 13:00:00,42.74,48.12,467.21,4.84,97.64,3.81,3,Moderate
Surabaya,2026-05-20 14:00:00,42.88,48.3,477.1,4.88,95.69,4.18,3,Moderate
Surabaya,2026-05-20 15:00:00,43.7,49.27,493.33,5.05,94.19,4.68,3,Moderate
Surabaya,2026-05-20 16:00:00,47.15,53.63,552.75,5.93,90.87,5.22,3,Moderate
Surabaya,2026-05-20 17:00:00,54.38,62.05,637.46,7.15,85.49,5.63,4,Poor
Surabaya,2026-05-20 18:00:00,62.03,70.54,699.04,7.97,79.65,5.92,4,Poor
Surabaya,2026-05-20 19:00:00,68.61,78.44,783.82,8.98,71.98,5.75,4,Poor
Surabaya,2026-05-20 20:00:00,75.45,87.02,883.35,10.06,63.62,5.28,5,Very Poor
Surabaya,2026-05-20 21:00:00,81.49,94.44,963.91,10.91,56.39,4.93,5,Very Poor
Surabaya,2026-05-20 22:00:00,85.26,99.07,1016.94,11.56,50.4,4.67,5,Very Poor
Surabaya,2026-05-20 23:00:00,88.38,102.96,1059.35,12.29,45.42,4.63,5,Very Poor
Surabaya,2026-05-21 00:00:00,91.71,107.83,1129.26,13.71,43.5,4.95,5,Very Poor
Surabaya,2026-05-21 01:00:00,99.23,118.04,1267.17,15.07,58.16,6.02,5,Very Poor
Surabaya,2026-05-21 02:00:00,118.54,140.6,1436.43,16.06,103.36,7.58,5,Very Poor
Surabaya,2026-05-21 03:00:00,154.29,178.99,1541.74,12.45,178.69,8.7,5,Very Poor
Surabaya,2026-05-21 04:00:00,192.05,217.96,1589.6,8.32,243.57,9.4,5,Very Poor
Surabaya,2026-05-21 05:00:00,206.95,230.99,1500.84,6.11,268.61,9.21,5,Very Poor
Surabaya,2026-05-21 06:00:00,196.54,216.34,1315.78,5.22,261.3,8.25,5,Very Poor
Surabaya,2026-05-21 07:00:00,169.66,185.07,1106.5,4.99,236.21,6.68,5,Very Poor
Surabaya,2026-05-21 08:00:00,141.92,154.38,935.48,5.24,209.45,5.41,5,Very Poor
Surabaya,2026-05-21 09:00:00,112.93,122.77,776.75,5.35,182.19,4.7,5,Very Poor
Surabaya,2026-05-21 10:00:00,78.08,84.47,559.09,4.11,149.98,4.04,5,Very Poor
Surabaya,2026-05-21 11:00:00,68.39,74.2,512.57,4.04,135.77,3.7,4,Poor
Surabaya,2026-05-21 12:00:00,62.43,68.21,491.21,3.79,126.04,3.34,4,Poor
Surabaya,2026-05-21 13:00:00,55.38,61.06,450.61,3.19,116.23,2.85,4,Poor
Surabaya,2026-05-21 14:00:00,49.55,55.12,415.04,2.67,108.63,2.47,3,Moderate
Surabaya,2026-05-21 15:00:00,45.59,51.1,391.04,2.33,103.27,2.2,3,Moderate
Surabaya,2026-05-21 16:00:00,43.33,48.75,382.68,2.23,99.67,2.01,3,Moderate
Surabaya,2026-05-21 17:00:00,41.3,46.47,372.0,2.08,96.7,1.82,3,Moderate
Surabaya,2026-05-21 18:00:00,39.14,43.98,359.22,1.85,93.5,1.61,3,Moderate
Surabaya,2026-05-21 19:00:00,37.14,41.72,347.58,1.63,90.78,1.42,3,Moderate
Surabaya,2026-05-21 20:00:00,36.11,40.58,343.42,1.53,88.76,1.31,3,Moderate
Surabaya,2026-05-21 21:00:00,35.96,40.37,345.6,1.49,87.87,1.24,3,Moderate
Surabaya,2026-05-21 22:00:00,36.1,40.08,353.08,1.5,87.67,1.16,3,Moderate
Surabaya,2026-05-21 23:00:00,35.57,38.93,358.46,1.53,87.46,1.04,3,Moderate
Surabaya,2026-05-22 00:00:00,34.16,37.24,367.01,1.85,86.58,0.98,3,Moderate
Surabaya,2026-05-22 01:00:00,34.57,39.25,460.76,4.52,82.2,1.43,3,Moderate
Surabaya,2026-05-22 02:00:00,37.38,44.84,628.62,8.77,76.39,2.29,3,Moderate
Surabaya,2026-05-22 03:00:00,39.35,48.57,741.09,10.94,74.67,2.91,3,Moderate
Surabaya,2026-05-22 04:00:00,40.84,51.44,809.56,11.55,77.95,3.5,3,Moderate
Surabaya,2026-05-22 05:00:00,40.77,51.74,825.93,10.95,83.09,3.75,3,Moderate
Surabaya,2026-05-22 06:00:00,39.19,49.76,812.87,10.08,87.55,3.77,3,Moderate
Surabaya,2026-05-22 07:00:00,36.85,46.92,798.06,9.46,90.46,3.71,3,Moderate
Surabaya,2026-05-22 08:00:00,32.58,41.52,733.15,8.44,88.01,3.18,3,Moderate
Surabaya,2026-05-22 09:00:00,25.45,32.11,590.46,6.5,79.7,2.25,3,Moderate
Surabaya,2026-05-22 10:00:00,13.16,15.44,323.97,2.54,66.49,0.81,2,Fair
Surabaya,2026-05-22 11:00:00,8.87,10.34,268.23,2.17,57.7,0.58,1,Good
Surabaya,2026-05-22 12:00:00,7.19,8.58,243.42,2.02,51.82,0.5,1,Good
Surabaya,2026-05-22 13:00:00,6.3,7.82,223.7,1.87,47.03,0.46,1,Good
Surabaya,2026-05-22 14:00:00,5.92,7.61,212.83,1.83,43.9,0.45,1,Good
Surabaya,2026-05-22 15:00:00,5.78,7.64,208.82,1.87,41.91,0.46,1,Good
Surabaya,2026-05-22 16:00:00,5.83,7.91,210.5,2.0,40.56,0.49,1,Good
Surabaya,2026-05-22 17:00:00,5.93,8.13,214.7,2.13,39.76,0.51,1,Good
Surabaya,2026-05-22 18:00:00,5.96,8.12,215.19,2.09,38.96,0.49,1,Good
Surabaya,2026-05-22 19:00:00,5.87,7.99,212.5,1.99,38.38,0.46,1,Good
Surabaya,2026-05-22 20:00:00,5.72,7.8,209.29,1.84,37.69,0.42,1,Good
Surabaya,2026-05-22 21:00:00,5.4,7.44,202.9,1.62,37.12,0.37,1,Good
Surabaya,2026-05-22 22:00:00,4.97,6.97,192.3,1.47,36.55,0.35,1,Good
Surabaya,2026-05-22 23:00:00,4.88,7.0,191.8,1.51,35.88,0.36,1,Good
Surabaya,2026-05-23 00:00:00,4.98,7.46,201.36,1.68,35.31,0.44,1,Good
Surabaya,2026-05-23 01:00:00,6.22,10.29,275.27,3.08,35.39,0.91,1,Good
Surabaya,2026-05-23 02:00:00,9.02,15.73,405.71,5.37,40.07,1.75,1,Good
Surabaya,2026-05-23 03:00:00,13.32,22.25,502.9,6.37,55.24,2.42,2,Fair
Surabaya,2026-05-23 04:00:00,21.55,32.03,570.64,5.66,84.38,2.92,2,Fair
Surabaya,2026-05-23 05:00:00,31.29,41.91,593.41,4.35,109.12,3.04,3,Moderate
Surabaya,2026-05-23 06:00:00,36.77,46.83,586.7,3.78,118.06,2.93,3,Moderate
Surabaya,2026-05-23 07:00:00,37.69,47.14,571.7,3.79,117.1,2.71,3,Moderate
Surabaya,2026-05-23 08:00:00,33.65,42.03,522.15,3.83,106.71,2.27,3,Moderate
Surabaya,2026-05-23 09:00:00,25.55,32.22,429.56,3.61,87.1,1.72,3,Moderate
Surabaya,2026-05-23 10:00:00,15.47,19.82,302.57,3.07,61.46,1.1,2,Fair
Surabaya,2026-05-23 11:00:00,9.43,12.64,238.71,2.88,44.51,0.82,1,Good
Surabaya,2026-05-23 12:00:00,5.98,8.45,185.26,1.97,36.43,0.56,1,Good
Surabaya,2026-05-23 13:00:00,3.68,5.32,136.47,0.97,32.74,0.29,1,Good
Surabaya,2026-05-23 14:00:00,3.07,4.62,126.1,0.83,31.21,0.25,1,Good
Surabaya,2026-05-23 15:00:00,2.87,4.49,122.31,0.84,30.23,0.25,1,Good
Surabaya,2026-05-23 16:00:00,2.73,4.36,120.04,0.88,29.35,0.25,1,Good
Surabaya,2026-05-23 17:00:00,2.6,4.13,117.17,0.89,28.62,0.23,1,Good
Surabaya,2026-05-23 18:00:00,2.46,3.89,113.52,0.86,27.9,0.22,1,Good
Surabaya,2026-05-23 19:00:00,2.3,3.63,109.82,0.83,27.1,0.2,1,Good
Surabaya,2026-05-23 20:00:00,2.15,3.39,106.61,0.8,26.47,0.19,1,Good
Surabaya,2026-05-23 21:00:00,2.01,3.19,103.93,0.77,25.96,0.18,1,Good
Surabaya,2026-05-23 22:00:00,1.88,3.03,102.08,0.74,25.56,0.18,1,Good
Surabaya,2026-05-23 23:00:00,1.76,2.92,101.3,0.74,25.28,0.19,1,Good
Surabaya,2026-05-24 00:00:00,1.76,3.13,107.66,0.79,25.28,0.25,1,Good
Surabaya,2026-05-25 01:00:00,2.91,4.99,131.39,1.22,25.43,0.48,1,Good
Surabaya,2026-05-25 02:00:00,3.43,6.06,156.99,1.55,29.79,0.65,1,Good
Surabaya,2026-05-25 03:00:00,4.13,7.2,172.45,1.64,35.82,0.74,1,Good
Surabaya,2026-05-25 04:00:00,5.04,8.48,180.59,1.57,41.74,0.8,1,Good
Surabaya,2026-05-25 05:00:00,5.76,9.27,180.4,1.49,44.74,0.81,1,Good
Surabaya,2026-05-25 06:00:00,6.13,9.62,179.68,1.55,44.58,0.81,1,Good
Surabaya,2026-05-25 07:00:00,6.11,9.55,179.07,1.69,42.87,0.81,1,Good
Surabaya,2026-05-25 08:00:00,5.67,8.93,167.52,1.7,39.61,0.75,1,Good
Surabaya,2026-05-25 09:00:00,4.92,8.02,150.73,1.65,35.45,0.65,1,Good
Surabaya,2026-05-25 10:00:00,3.9,6.76,135.03,1.59,31.3,0.55,1,Good
Surabaya,2026-05-25 11:00:00,3.15,5.78,128.82,1.58,28.68,0.49,1,Good
Surabaya,2026-05-25 12:00:00,2.63,5.0,122.08,1.41,27.51,0.44,1,Good
Surabaya,2026-05-25 13:00:00,2.26,4.36,117.74,1.28,26.87,0.4,1,Good
Surabaya,2026-05-25 14:00:00,2.1,4.05,118.44,1.34,26.4,0.41,1,Good
Surabaya,2026-05-25 15:00:00,1.99,3.86,122.31,1.48,26.04,0.45,1,Good
Surabaya,2026-05-25 16:00:00,1.81,3.5,125.62,1.57,25.9,0.5,1,Good
Surabaya,2026-05-25 17:00:00,1.74,3.22,126.76,1.56,26.08,0.56,1,Good
Surabaya,2026-05-25 18:00:00,1.95,3.41,128.69,1.59,26.1,0.69,1,Good
Surabaya,2026-05-25 19:00:00,2.38,3.91,133.83,1.8,25.67,0.89,1,Good
Surabaya,2026-05-25 20:00:00,2.92,4.6,143.23,2.17,24.78,1.06,1,Good
Surabaya,2026-05-25 21:00:00,3.35,5.07,149.73,2.47,24.06,1.14,1,Good
Surabaya,2026-05-25 22:00:00,3.64,5.28,153.02,2.66,23.4,1.13,1,Good
Surabaya,2026-05-25 23:00:00,3.79,5.3,154.18,2.77,22.84,1.06,1,Good
Surabaya,2026-05-26 00:00:00,3.89,5.48,161.71,2.75,22.74,1.0,1,Good
Surabaya,2026-05-26 01:00:00,4.01,6.09,184.33,2.82,23.56,1.03,1,Good
Surabaya,2026-05-26 02:00:00,4.24,7.16,218.14,3.36,25.13,1.14,1,Good
Surabaya,2026-05-26 03:00:00,4.47,8.11,236.42,3.55,28.1,1.19,1,Good
Surabaya,2026-05-26 04:00:00,5.14,9.03,237.53,2.78,36.45,1.15,1,Good
Surabaya,2026-05-26 05:00:00,6.01,9.36,209.47,1.79,44.66,0.95,1,Good
Surabaya,2026-05-26 06:00:00,5.93,8.45,169.89,1.09,45.98,0.71,1,Good
Surabaya,2026-05-26 07:00:00,4.48,6.14,131.95,0.7,41.46,0.47,1,Good
Surabaya,2026-05-26 08:00:00,3.44,4.82,116.41,0.64,37.39,0.37,1,Good
Surabaya,2026-05-26 09:00:00,2.85,4.3,109.55,0.69,34.12,0.32,1,Good
Surabaya,2026-05-26 10:00:00,2.57,4.29,109.34,0.94,30.98,0.31,1,Good
Surabaya,2026-05-26 11:00:00,2.59,4.71,112.63,1.25,28.98,0.33,1,Good
Surabaya,2026-05-26 12:00:00,2.63,5.01,113.02,1.28,28.62,0.33,1,Good
Surabaya,2026-05-26 13:00:00,2.64,5.25,111.3,1.26,28.71,0.33,1,Good
Surabaya,2026-05-26 14:00:00,2.63,5.45,109.82,1.27,28.91,0.33,1,Good
Surabaya,2026-05-26 15:00:00,2.63,5.57,109.92,1.31,29.22,0.35,1,Good
Surabaya,2026-05-26 16:00:00,2.65,5.6,112.6,1.34,29.45,0.47,1,Good
Surabaya,2026-05-26 17:00:00,2.65,5.53,112.33,1.31,29.79,0.63,1,Good
Surabaya,2026-05-26 18:00:00,2.68,5.56,109.15,1.22,30.13,0.71,1,Good
Surabaya,2026-05-26 19:00:00,2.73,5.67,105.73,1.16,30.13,0.68,1,Good
Surabaya,2026-05-26 20:00:00,2.84,5.95,105.78,1.2,29.81,0.62,1,Good
Surabaya,2026-05-26 21:00:00,3.06,6.43,111.37,1.37,29.02,0.58,1,Good
Surabaya,2026-05-26 22:00:00,3.32,7.06,119.62,1.59,28.07,0.58,1,Good
Surabaya,2026-05-26 23:00:00,3.55,7.67,127.61,1.83,27.17,0.61,1,Good
Surabaya,2026-05-27 00:00:00,3.82,8.33,138.25,1.88,26.9,0.73,1,Good
Surabaya,2026-05-27 01:00:00,4.02,8.65,146.59,1.62,29.82,0.86,1,Good
Surabaya,2026-05-27 02:00:00,4.77,10.09,166.88,1.8,35.87,1.03,1,Good
Surabaya,2026-05-27 03:00:00,6.31,12.56,182.33,1.81,44.27,1.12,1,Good
Surabaya,2026-05-27 04:00:00,8.44,15.45,193.63,1.76,51.64,1.16,1,Good
Surabaya,2026-05-27 05:00:00,10.1,17.5,197.13,1.72,55.31,1.14,2,Fair
Surabaya,2026-05-27 06:00:00,10.6,18.23,197.46,1.81,55.71,1.12,2,Fair
Surabaya,2026-05-27 07:00:00,10.02,17.82,194.28,1.91,54.01,1.08,2,Fair
Surabaya,2026-05-27 08:00:00,8.59,16.38,178.1,1.78,50.66,0.97,1,Good
Surabaya,2026-05-27 09:00:00,6.64,14.33,155.07,1.59,45.28,0.82,1,Good
Surabaya,2026-05-27 10:00:00,4.67,12.15,130.98,1.49,38.78,0.64,1,Good
Surabaya,2026-05-27 11:00:00,3.74,11.33,123.19,1.58,34.63,0.58,1,Good
Surabaya,2026-05-27 12:00:00,3.35,11.03,118.02,1.49,32.97,0.54,1,Good
Surabaya,2026-05-27 13:00:00,3.1,10.56,113.09,1.38,32.31,0.5,1,Good
Surabaya,2026-05-27 14:00:00,2.93,10.11,109.46,1.3,32.22,0.47,1,Good
Surabaya,2026-05-27 15:00:00,2.85,9.82,108.47,1.3,32.46,0.48,1,Good
Surabaya,2026-05-27 16:00:00,2.93,9.62,112.74,1.39,32.81,0.58,1,Good
Surabaya,2026-05-27 17:00:00,3.04,9.35,113.31,1.46,33.28,0.67,1,Good
Surabaya,2026-05-27 18:00:00,3.21,9.25,113.62,1.46,33.97,0.74,1,Good
Surabaya,2026-05-27 19:00:00,3.28,8.72,112.59,1.37,34.44,0.71,1,Good
Surabaya,2026-05-27 20:00:00,3.16,7.78,108.13,1.22,34.9,0.59,1,Good
Surabaya,2026-05-27 21:00:00,2.88,6.84,100.23,1.03,35.02,0.44,1,Good
Surabaya,2026-05-27 22:00:00,2.56,6.15,91.24,0.84,34.91,0.31,1,Good
Surabaya,2026-05-27 23:00:00,2.36,5.93,85.15,0.74,34.9,0.25,1,Good
Surabaya,2026-05-28 00:00:00,2.32,6.15,86.72,0.76,35.01,0.27,1,Good
Surabaya,2026-05-28 01:00:00,2.4,6.56,98.33,0.86,36.03,0.35,1,Good
Surabaya,2026-05-28 02:00:00,2.61,7.2,112.05,0.97,38.96,0.45,1,Good
Surabaya,2026-05-28 03:00:00,2.94,7.94,118.09,0.92,42.8,0.49,1,Good
Surabaya,2026-05-28 04:00:00,3.24,8.55,118.52,0.84,45.7,0.5,1,Good
Surabaya,2026-05-28 05:00:00,3.36,8.91,114.39,0.74,46.99,0.48,1,Good
Surabaya,2026-05-28 06:00:00,3.35,9.18,111.33,0.73,47.6,0.46,1,Good
Surabaya,2026-05-28 07:00:00,3.32,9.37,109.39,0.76,48.35,0.45,1,Good
Surabaya,2026-05-28 08:00:00,3.14,9.16,103.84,0.76,48.22,0.42,1,Good
Surabaya,2026-05-28 09:00:00,2.87,8.7,98.55,0.81,47.42,0.39,1,Good
Surabaya,2026-05-28 10:00:00,2.62,8.25,96.77,0.98,46.43,0.37,1,Good
Surabaya,2026-05-28 11:00:00,2.47,8.03,96.63,1.09,45.7,0.37,1,Good
Surabaya,2026-05-28 12:00:00,2.38,7.94,93.34,0.97,45.77,0.35,1,Good
Surabaya,2026-05-28 13:00:00,2.31,7.8,88.68,0.81,45.93,0.32,1,Good
Surabaya,2026-05-28 14:00:00,2.26,7.69,85.31,0.71,46.41,0.29,1,Good
Surabaya,2026-05-28 15:00:00,2.23,7.58,83.25,0.67,47.01,0.27,1,Good
Surabaya,2026-05-28 16:00:00,2.17,7.34,81.7,0.65,47.48,0.26,1,Good
Surabaya,2026-05-28 17:00:00,2.12,7.14,79.85,0.62,47.71,0.24,1,Good
Surabaya,2026-05-28 18:00:00,2.1,7.04,77.74,0.56,47.6,0.22,1,Good
Surabaya,2026-05-28 19:00:00,2.06,6.96,75.64,0.5,47.61,0.2,1,Good
Surabaya,2026-05-28 20:00:00,2.02,6.84,74.08,0.46,47.62,0.19,1,Good
Surabaya,2026-05-28 21:00:00,1.97,6.67,73.04,0.42,47.64,0.18,1,Good
Surabaya,2026-05-28 22:00:00,1.91,6.46,72.53,0.4,47.76,0.17,1,Good
Surabaya,2026-05-28 23:00:00,1.89,6.38,73.07,0.41,48.11,0.18,1,Good
Surabaya,2026-05-29 00:00:00,1.98,6.67,78.65,0.52,48.46,0.23,1,Good
Surabaya,2026-05-29 01:00:00,2.18,7.23,89.98,0.66,49.23,0.32,1,Good
Surabaya,2026-05-29 02:00:00,2.5,8.04,99.65,0.7,51.09,0.4,1,Good
Surabaya,2026-05-29 03:00:00,2.92,8.96,103.75,0.62,53.18,0.43,1,Good
Surabaya,2026-05-29 04:00:00,3.55,10.15,111.27,0.64,55.26,0.49,1,Good
Surabaya,2026-05-29 05:00:00,4.41,11.55,123.0,0.74,57.0,0.57,1,Good
Surabaya,2026-05-29 06:00:00,5.08,12.52,133.12,0.88,57.96,0.63,1,Good
Surabaya,2026-05-29 07:00:00,5.26,12.78,138.28,1.0,57.91,0.65,1,Good
Surabaya,2026-05-29 08:00:00,4.73,11.89,128.24,0.95,55.75,0.59,1,Good
Surabaya,2026-05-29 09:00:00,3.9,10.54,111.64,0.86,52.58,0.48,1,Good
Surabaya,2026-05-29 10:00:00,3.15,9.25,97.76,0.83,50.01,0.38,1,Good
Surabaya,2026-05-29 11:00:00,2.81,8.73,96.82,0.96,49.16,0.37,1,Good
Surabaya,2026-05-29 12:00:00,2.64,8.54,95.09,0.91,49.33,0.36,1,Good
Surabaya,2026-05-29 13:00:00,2.51,8.4,92.3,0.83,49.84,0.35,1,Good
Surabaya,2026-05-29 14:00:00,2.33,8.05,90.83,0.79,50.13,0.34,1,Good
Surabaya,2026-05-29 15:00:00,2.13,7.54,89.88,0.78,50.53,0.34,1,Good
Surabaya,2026-05-29 16:00:00,1.97,7.08,88.61,0.78,50.9,0.32,1,Good
Surabaya,2026-05-29 17:00:00,1.85,6.68,84.92,0.71,51.81,0.29,1,Good
Surabaya,2026-05-29 18:00:00,1.75,6.31,80.16,0.59,53.06,0.24,1,Good
Surabaya,2026-05-29 19:00:00,1.67,6.01,75.93,0.48,54.31,0.21,1,Good
Surabaya,2026-05-29 20:00:00,1.63,5.84,73.02,0.4,55.45,0.18,1,Good
Surabaya,2026-05-29 21:00:00,1.61,5.79,70.9,0.36,56.35,0.16,1,Good
Surabaya,2026-05-29 22:00:00,1.63,5.84,69.58,0.33,56.92,0.15,1,Good
Surabaya,2026-05-29 23:00:00,1.69,6.0,69.05,0.33,57.48,0.15,1,Good
Surabaya,2026-05-30 00:00:00,1.8,6.36,72.48,0.4,57.93,0.18,1,Good
Surabaya,2026-05-30 01:00:00,1.88,6.61,77.82,0.44,58.99,0.21,1,Good
Surabaya,2026-05-30 02:00:00,2.09,7.04,83.38,0.46,60.36,0.25,2,Fair
Surabaya,2026-05-30 03:00:00,2.37,7.53,86.01,0.4,61.42,0.27,2,Fair
Surabaya,2026-05-30 04:00:00,2.73,8.14,87.86,0.37,61.89,0.28,2,Fair
Surabaya,2026-05-30 05:00:00,3.19,8.81,90.31,0.36,61.52,0.3,2,Fair
Surabaya,2026-05-30 06:00:00,3.72,9.57,93.91,0.4,60.64,0.32,2,Fair
Surabaya,2026-05-30 07:00:00,4.12,10.17,96.85,0.45,59.86,0.34,1,Good
Surabaya,2026-05-30 08:00:00,4.21,10.35,96.42,0.5,58.43,0.34,1,Good
Surabaya,2026-05-30 09:00:00,4.11,10.28,95.46,0.57,56.71,0.33,1,Good
Surabaya,2026-05-30 10:00:00,3.95,10.07,96.22,0.72,55.01,0.34,1,Good
Surabaya,2026-05-30 11:00:00,3.76,9.76,98.7,0.82,53.71,0.35,1,Good
Surabaya,2026-05-30 12:00:00,3.55,9.34,99.16,0.82,52.9,0.36,1,Good
Surabaya,2026-05-30 13:00:00,3.35,8.88,98.46,0.79,52.16,0.35,1,Good
Surabaya,2026-05-30 14:00:00,3.23,8.59,97.39,0.74,51.71,0.35,1,Good
Surabaya,2026-05-30 15:00:00,3.19,8.51,96.33,0.72,51.38,0.34,1,Good
Surabaya,2026-05-30 16:00:00,3.15,8.4,95.59,0.71,51.03,0.33,1,Good
Surabaya,2026-05-30 17:00:00,3.04,8.05,93.16,0.66,51.2,0.31,1,Good
Surabaya,2026-05-30 18:00:00,2.89,7.6,90.1,0.58,51.53,0.28,1,Good
Surabaya,2026-05-30 19:00:00,2.78,7.25,87.2,0.51,51.84,0.25,1,Good
Surabaya,2026-05-30 20:00:00,2.73,7.07,85.69,0.48,51.94,0.23,1,Good
Surabaya,2026-05-30 21:00:00,2.73,7.04,85.23,0.48,51.86,0.22,1,Good
Surabaya,2026-05-30 22:00:00,2.8,7.17,85.58,0.48,51.74,0.21,1,Good
Surabaya,2026-05-30 23:00:00,2.92,7.42,86.01,0.5,51.47,0.21,1,Good
Surabaya,2026-05-31 00:00:00,3.04,7.76,88.92,0.58,51.13,0.23,1,Good
Surabaya,2026-05-31 01:00:00,3.24,8.36,101.55,0.88,50.56,0.32,1,Good
Surabaya,2026-05-31 02:00:00,3.54,9.17,120.25,1.23,50.63,0.45,1,Good
Surabaya,2026-05-31 03:00:00,3.76,9.69,128.95,1.2,52.21,0.51,1,Good
Surabaya,2026-05-31 04:00:00,3.91,9.8,127.84,1.02,54.49,0.5,1,Good
Surabaya,2026-05-31 05:00:00,3.79,9.33,117.23,0.82,54.64,0.44,1,Good
Surabaya,2026-05-31 06:00:00,3.49,8.63,103.91,0.62,53.9,0.35,1,Good
Surabaya,2026-05-31 07:00:00,2.97,7.61,90.19,0.44,52.79,0.25,1,Good
Surabaya,2026-05-31 08:00:00,2.73,7.23,86.51,0.44,52.19,0.23,1,Good
Surabaya,2026-05-31 09:00:00,2.6,7.13,85.2,0.48,51.82,0.23,1,Good
Surabaya,2026-05-31 10:00:00,2.55,7.18,85.68,0.59,51.35,0.23,1,Good
Surabaya,2026-05-31 11:00:00,2.6,7.48,86.09,0.66,50.98,0.24,1,Good
Surabaya,2026-05-31 12:00:00,2.68,7.86,84.93,0.64,50.83,0.24,1,Good
Surabaya,2026-05-31 13:00:00,2.74,8.11,82.61,0.57,50.75,0.22,1,Good
Surabaya,2026-05-31 14:00:00,2.77,8.26,79.76,0.49,51.08,0.21,1,Good
Surabaya,2026-05-31 15:00:00,2.78,8.39,77.69,0.43,51.38,0.19,1,Good
Surabaya,2026-05-31 16:00:00,2.76,8.39,76.14,0.4,51.78,0.18,1,Good
Surabaya,2026-05-31 17:00:00,2.74,8.34,75.02,0.38,52.17,0.17,1,Good
Surabaya,2026-05-31 18:00:00,2.76,8.33,74.77,0.36,52.53,0.17,1,Good
Surabaya,2026-05-31 19:00:00,2.78,8.26,75.32,0.36,52.92,0.17,1,Good
Surabaya,2026-05-31 20:00:00,2.78,8.11,76.41,0.37,53.54,0.17,1,Good
Surabaya,2026-05-31 21:00:00,2.76,7.86,77.76,0.38,54.21,0.18,1,Good
Surabaya,2026-05-31 22:00:00,2.69,7.52,79.12,0.4,54.76,0.19,1,Good
Surabaya,2026-05-31 23:00:00,2.6,7.19,80.93,0.42,55.21,0.2,1,Good
Surabaya,2026-06-01 00:00:00,2.53,7.03,86.19,0.52,55.32,0.24,1,Good
Surabaya,2026-06-01 01:00:00,2.49,6.92,95.96,0.66,55.44,0.31,1,Good
Surabaya,2026-06-01 02:00:00,2.49,6.83,104.63,0.72,56.26,0.37,1,Good
Surabaya,2026-06-01 03:00:00,2.6,6.82,109.23,0.65,57.53,0.4,1,Good
Surabaya,2026-06-01 04:00:00,3.15,7.33,116.74,0.6,59.72,0.44,1,Good
Surabaya,2026-06-01 05:00:00,4.11,8.32,127.79,0.69,61.36,0.51,2,Fair
Surabaya,2026-06-01 06:00:00,4.95,9.2,137.94,0.84,61.86,0.56,2,Fair
Surabaya,2026-06-01 07:00:00,5.18,9.49,144.27,1.06,60.59,0.6,2,Fair
Surabaya,2026-06-01 08:00:00,4.63,8.88,140.04,1.21,57.61,0.57,1,Good
Surabaya,2026-06-01 09:00:00,3.79,7.85,130.73,1.25,54.3,0.51,1,Good
Surabaya,2026-06-01 10:00:00,3.05,6.83,120.51,1.17,52.02,0.44,1,Good
Surabaya,2026-06-01 11:00:00,2.77,6.58,116.39,1.15,50.98,0.42,1,Good
Surabaya,2026-06-01 12:00:00,2.73,6.76,111.48,1.05,50.57,0.4,1,Good
Surabaya,2026-06-01 13:00:00,2.69,6.89,105.22,0.91,50.41,0.38,1,Good
Surabaya,2026-06-01 14:00:00,2.56,6.79,98.84,0.8,50.55,0.35,1,Good
Surabaya,2026-06-01 15:00:00,2.38,6.59,93.86,0.72,50.45,0.31,1,Good
Surabaya,2026-06-01 16:00:00,2.17,6.26,90.11,0.68,50.14,0.27,1,Good
Surabaya,2026-06-01 17:00:00,1.95,5.66,86.36,0.63,49.93,0.22,1,Good
Surabaya,2026-06-01 18:00:00,1.78,5.15,82.96,0.56,49.8,0.18,1,Good
Surabaya,2026-06-01 19:00:00,1.69,4.71,80.16,0.48,49.93,0.15,1,Good
Surabaya,2026-06-01 20:00:00,1.67,4.47,78.33,0.43,50.01,0.13,1,Good
Surabaya,2026-06-01 21:00:00,1.69,4.35,77.91,0.4,49.99,0.13,1,Good
Surabaya,2026-06-01 22:00:00,1.76,4.35,78.72,0.4,49.78,0.13,1,Good
Surabaya,2026-06-01 23:00:00,1.87,4.56,81.14,0.44,49.53,0.14,1,Good
Surabaya,2026-06-02 00:00:00,2.01,4.92,87.71,0.57,49.44,0.2,1,Good
Surabaya,2026-06-02 01:00:00,2.27,5.66,101.62,0.78,49.57,0.31,1,Good
Surabaya,2026-06-02 02:00:00,2.75,6.85,119.56,0.97,50.9,0.45,1,Good
Surabaya,2026-06-02 03:00:00,3.53,8.15,132.26,0.95,54.42,0.54,1,Good
Surabaya,2026-06-02 04:00:00,4.94,9.84,142.94,0.88,59.15,0.6,1,Good
Surabaya,2026-06-02 05:00:00,6.68,11.67,150.9,0.87,62.49,0.63,2,Fair
Bandung,2026-01-01 00:00:00,1.44,3.0,92.04,0.42,31.54,0.13,1,Good
Bandung,2026-01-02 01:00:00,0.94,2.52,83.62,0.28,35.35,0.07,1,Good
Bandung,2026-01-02 02:00:00,0.87,2.42,81.47,0.22,35.22,0.06,1,Good
Bandung,2026-01-02 03:00:00,0.81,2.33,78.89,0.15,35.19,0.05,1,Good
Bandung,2026-01-02 04:00:00,0.81,2.31,77.92,0.09,35.34,0.05,1,Good
Bandung,2026-01-02 05:00:00,0.84,2.36,76.94,0.07,35.12,0.05,1,Good
Bandung,2026-01-02 06:00:00,0.88,2.44,75.88,0.06,34.59,0.04,1,Good
Bandung,2026-01-02 07:00:00,0.9,2.56,75.02,0.06,33.96,0.04,1,Good
Bandung,2026-01-02 08:00:00,0.9,2.66,74.34,0.06,33.42,0.04,1,Good
Bandung,2026-01-02 09:00:00,0.93,2.76,76.45,0.11,33.03,0.06,1,Good
Bandung,2026-01-02 10:00:00,0.96,2.62,80.72,0.24,32.93,0.09,1,Good
Bandung,2026-01-02 11:00:00,0.99,2.31,86.29,0.44,32.83,0.12,1,Good
Bandung,2026-01-02 12:00:00,1.05,2.05,92.42,0.66,32.76,0.16,1,Good
Bandung,2026-01-02 13:00:00,1.07,1.79,96.97,0.84,32.11,0.17,1,Good
Bandung,2026-01-02 14:00:00,1.05,1.56,100.38,0.91,31.47,0.15,1,Good
Bandung,2026-01-02 15:00:00,0.99,1.36,104.06,0.89,30.34,0.13,1,Good
Bandung,2026-01-02 16:00:00,0.95,1.27,110.96,0.9,28.43,0.11,1,Good
Bandung,2026-01-02 17:00:00,1.0,1.37,120.42,0.98,26.13,0.1,1,Good
Bandung,2026-01-02 18:00:00,1.08,1.51,126.04,1.03,23.92,0.1,1,Good
Bandung,2026-01-02 19:00:00,1.11,1.64,124.32,1.01,22.22,0.1,1,Good
Bandung,2026-01-02 20:00:00,1.08,1.78,116.77,0.93,21.18,0.11,1,Good
Bandung,2026-01-02 21:00:00,1.1,1.94,107.88,0.84,20.78,0.11,1,Good
Bandung,2026-01-02 22:00:00,1.17,2.16,103.02,0.79,20.75,0.11,1,Good
Bandung,2026-01-02 23:00:00,1.31,2.51,104.91,0.81,20.72,0.13,1,Good
Bandung,2026-01-03 00:00:00,1.45,2.85,112.03,0.89,20.68,0.14,1,Good
Bandung,2026-01-03 01:00:00,1.66,3.35,122.21,0.96,20.71,0.17,1,Good
Bandung,2026-01-03 02:00:00,1.83,3.72,131.83,0.96,21.14,0.19,1,Good
Bandung,2026-01-03 03:00:00,1.96,3.99,139.21,0.9,22.47,0.2,1,Good
Bandung,2026-01-03 04:00:00,2.02,3.93,147.18,0.84,24.9,0.19,1,Good
Bandung,2026-01-03 05:00:00,2.19,4.1,156.27,0.81,27.52,0.19,1,Good
Bandung,2026-01-03 06:00:00,2.44,4.39,163.36,0.76,29.96,0.18,1,Good
Bandung,2026-01-03 07:00:00,2.51,4.41,164.11,0.66,31.63,0.17,1,Good
Bandung,2026-01-03 08:00:00,2.36,4.21,160.39,0.57,32.12,0.15,1,Good
Bandung,2026-01-03 09:00:00,2.11,3.91,156.73,0.52,32.03,0.13,1,Good
Bandung,2026-01-03 10:00:00,1.94,3.87,155.79,0.51,31.87,0.13,1,Good
Bandung,2026-01-03 11:00:00,2.02,4.14,160.44,0.59,31.59,0.14,1,Good
Bandung,2026-01-03 12:00:00,2.18,4.35,167.62,0.7,31.23,0.16,1,Good
Bandung,2026-01-03 13:00:00,2.41,4.54,176.08,0.83,30.76,0.18,1,Good
Bandung,2026-01-03 14:00:00,2.65,4.57,184.47,0.95,30.55,0.2,1,Good
Bandung,2026-01-03 15:00:00,2.85,4.52,192.51,1.03,30.76,0.21,1,Good
Bandung,2026-01-03 16:00:00,2.99,4.4,201.09,1.09,31.75,0.23,1,Good
Bandung,2026-01-03 17:00:00,3.3,4.6,210.79,1.19,32.62,0.27,1,Good
Bandung,2026-01-03 18:00:00,3.81,5.06,222.59,1.36,32.92,0.34,1,Good
Bandung,2026-01-03 19:00:00,4.6,6.28,236.94,1.57,32.77,0.43,1,Good
Bandung,2026-01-03 20:00:00,5.51,7.8,251.29,1.78,32.38,0.53,1,Good
Bandung,2026-01-03 21:00:00,6.42,9.09,266.0,1.99,32.15,0.61,1,Good
Bandung,2026-01-03 22:00:00,7.28,10.08,280.56,2.2,32.02,0.69,1,Good
Bandung,2026-01-03 23:00:00,8.03,10.61,291.24,2.39,32.14,0.8,1,Good
Bandung,2026-01-04 00:00:00,8.76,11.0,298.28,2.51,32.96,0.98,1,Good
Bandung,2026-01-04 01:00:00,8.83,10.45,288.68,2.34,36.24,1.13,1,Good
Bandung,2026-01-04 02:00:00,9.9,11.45,296.28,2.65,39.99,1.29,1,Good
Bandung,2026-01-04 03:00:00,11.1,12.65,306.33,2.85,44.19,1.4,2,Fair
Bandung,2026-01-04 04:00:00,12.39,14.04,309.16,2.59,50.09,1.43,2,Fair
Bandung,2026-01-04 05:00:00,14.27,16.07,308.75,2.19,56.73,1.42,2,Fair
Bandung,2026-01-04 06:00:00,15.77,17.59,302.61,1.71,62.57,1.32,2,Fair
Bandung,2026-01-04 07:00:00,16.99,18.87,296.04,1.35,67.12,1.21,2,Fair
Bandung,2026-01-04 08:00:00,17.56,19.54,290.31,1.25,69.07,1.13,2,Fair
Bandung,2026-01-04 09:00:00,17.47,19.51,285.4,1.23,69.42,1.04,2,Fair
Bandung,2026-01-04 10:00:00,16.93,18.98,280.72,1.26,68.56,0.95,2,Fair
Bandung,2026-01-04 11:00:00,15.93,17.99,276.48,1.28,66.36,0.88,2,Fair
Bandung,2026-01-04 12:00:00,14.78,16.82,272.13,1.16,63.7,0.8,2,Fair
Bandung,2026-01-04 13:00:00,13.36,15.34,262.27,0.94,61.23,0.7,2,Fair
Bandung,2026-01-04 14:00:00,12.14,14.1,257.06,0.88,58.74,0.62,2,Fair
Bandung,2026-01-04 15:00:00,11.27,13.21,254.2,0.86,56.95,0.56,2,Fair
Bandung,2026-01-04 16:00:00,10.73,12.65,253.74,0.88,55.65,0.51,2,Fair
Bandung,2026-01-04 17:00:00,10.54,12.47,255.33,0.91,54.74,0.49,2,Fair
Bandung,2026-01-04 18:00:00,10.48,12.41,257.39,0.92,54.23,0.48,2,Fair
Bandung,2026-01-04 19:00:00,10.53,12.48,261.08,0.97,53.62,0.48,2,Fair
Bandung,2026-01-04 20:00:00,10.66,12.68,266.86,1.07,52.76,0.48,2,Fair
Bandung,2026-01-04 21:00:00,10.94,13.05,273.92,1.18,51.93,0.48,2,Fair
Bandung,2026-01-04 22:00:00,11.29,13.48,280.94,1.29,51.33,0.49,2,Fair
Bandung,2026-01-04 23:00:00,11.6,13.84,286.31,1.36,51.0,0.49,2,Fair
Bandung,2026-01-05 00:00:00,11.8,14.05,288.98,1.41,51.15,0.51,2,Fair
Bandung,2026-01-05 01:00:00,11.68,13.79,277.64,1.03,53.37,0.49,2,Fair
Bandung,2026-01-05 02:00:00,12.56,14.63,274.84,0.75,56.92,0.45,2,Fair
Bandung,2026-01-05 03:00:00,14.44,16.47,273.68,0.51,61.55,0.42,2,Fair
Bandung,2026-01-05 04:00:00,16.22,18.05,267.21,0.35,65.24,0.38,2,Fair
Bandung,2026-01-05 05:00:00,18.18,19.84,261.06,0.28,67.12,0.34,2,Fair
Bandung,2026-01-05 06:00:00,20.62,22.22,258.65,0.25,68.89,0.31,2,Fair
Bandung,2026-01-05 07:00:00,22.32,23.89,255.88,0.25,69.93,0.29,2,Fair
Bandung,2026-01-05 08:00:00,22.64,24.2,250.9,0.25,69.48,0.26,2,Fair
Bandung,2026-01-05 09:00:00,21.77,23.31,244.19,0.28,67.65,0.24,2,Fair
Bandung,2026-01-05 10:00:00,20.21,21.75,238.08,0.35,64.79,0.22,2,Fair
Bandung,2026-01-05 11:00:00,18.49,20.04,233.62,0.43,61.67,0.22,2,Fair
Bandung,2026-01-05 12:00:00,16.97,18.5,229.15,0.47,59.1,0.21,2,Fair
Bandung,2026-01-05 13:00:00,15.81,17.34,226.09,0.48,57.45,0.21,2,Fair
Bandung,2026-01-05 14:00:00,15.55,17.1,229.79,0.5,56.52,0.24,2,Fair
Bandung,2026-01-05 15:00:00,16.07,17.72,242.34,0.58,55.92,0.32,2,Fair
Bandung,2026-01-05 16:00:00,16.99,18.76,259.4,0.76,55.81,0.42,2,Fair
Bandung,2026-01-05 17:00:00,17.64,19.44,269.89,0.87,56.51,0.48,2,Fair
Bandung,2026-01-05 18:00:00,18.05,19.87,274.9,0.89,57.16,0.49,2,Fair
Bandung,2026-01-05 19:00:00,17.95,19.74,276.31,0.88,57.79,0.52,2,Fair
Bandung,2026-01-05 20:00:00,17.81,19.59,278.43,0.9,58.32,0.56,2,Fair
Bandung,2026-01-05 21:00:00,18.3,20.12,284.5,0.93,58.57,0.6,2,Fair
Bandung,2026-01-05 22:00:00,18.87,20.73,289.0,0.94,58.64,0.62,2,Fair
Bandung,2026-01-05 23:00:00,19.3,21.15,289.36,0.9,59.29,0.63,2,Fair
Bandung,2026-01-06 00:00:00,19.42,21.18,283.66,0.86,60.71,0.65,2,Fair
Bandung,2026-01-06 01:00:00,17.27,18.65,246.74,0.53,63.62,0.58,2,Fair
Bandung,2026-01-06 02:00:00,16.5,17.78,239.03,0.44,64.94,0.57,2,Fair
Bandung,2026-01-06 03:00:00,16.59,17.85,240.18,0.36,66.54,0.58,2,Fair
Bandung,2026-01-06 04:00:00,17.87,19.16,245.81,0.27,69.36,0.61,2,Fair
Bandung,2026-01-06 05:00:00,19.39,20.7,248.2,0.23,71.16,0.63,2,Fair
Bandung,2026-01-06 06:00:00,19.88,21.15,243.6,0.22,70.89,0.61,2,Fair
Bandung,2026-01-06 07:00:00,19.25,20.43,234.72,0.2,69.42,0.58,2,Fair
Bandung,2026-01-06 08:00:00,18.24,19.34,226.1,0.19,67.52,0.55,2,Fair
Bandung,2026-01-06 09:00:00,17.02,18.05,219.0,0.2,65.68,0.51,2,Fair
Bandung,2026-01-06 10:00:00,15.16,16.11,210.16,0.21,63.43,0.46,2,Fair
Bandung,2026-01-06 11:00:00,13.86,14.77,204.24,0.23,61.53,0.43,2,Fair
Bandung,2026-01-06 12:00:00,13.56,14.51,203.73,0.27,60.64,0.44,2,Fair
Bandung,2026-01-06 13:00:00,13.51,14.56,205.48,0.33,59.89,0.45,2,Fair
Bandung,2026-01-06 14:00:00,13.68,14.85,208.58,0.39,59.4,0.48,2,Fair
Bandung,2026-01-06 15:00:00,13.96,15.3,213.26,0.46,59.03,0.51,2,Fair
Bandung,2026-01-06 16:00:00,14.09,15.6,217.28,0.51,58.62,0.52,2,Fair
Bandung,2026-01-06 17:00:00,14.0,15.64,218.09,0.51,58.2,0.5,2,Fair
Bandung,2026-01-06 18:00:00,13.64,15.36,217.62,0.49,57.47,0.46,2,Fair
Bandung,2026-01-06 19:00:00,12.98,14.75,214.94,0.47,56.49,0.42,2,Fair
Bandung,2026-01-06 20:00:00,12.07,13.86,211.1,0.43,55.09,0.38,2,Fair
Bandung,2026-01-06 21:00:00,11.05,12.86,206.45,0.39,53.47,0.35,2,Fair
Bandung,2026-01-06 22:00:00,9.92,11.72,201.26,0.36,51.71,0.31,1,Good
Bandung,2026-01-06 23:00:00,8.58,10.32,195.08,0.32,49.72,0.27,1,Good
Bandung,2026-01-07 00:00:00,7.18,8.84,189.36,0.31,47.57,0.23,1,Good
Bandung,2026-01-07 01:00:00,5.78,7.32,182.63,0.3,45.57,0.2,1,Good
Bandung,2026-01-07 02:00:00,4.56,5.96,175.58,0.23,43.92,0.16,1,Good
Bandung,2026-01-07 03:00:00,3.65,4.91,169.35,0.15,42.66,0.13,1,Good
Bandung,2026-01-07 04:00:00,2.98,4.13,165.54,0.11,41.58,0.1,1,Good
Bandung,2026-01-07 05:00:00,2.44,3.49,162.34,0.09,40.49,0.09,1,Good
Bandung,2026-01-07 06:00:00,2.04,3.07,160.24,0.08,39.49,0.08,1,Good
Bandung,2026-01-07 07:00:00,1.71,2.74,158.69,0.07,38.72,0.08,1,Good
Bandung,2026-01-07 08:00:00,1.43,2.43,157.67,0.07,38.15,0.08,1,Good
Bandung,2026-01-07 09:00:00,1.21,2.19,157.34,0.09,37.83,0.08,1,Good
Bandung,2026-01-07 10:00:00,1.05,2.05,157.8,0.12,37.68,0.09,1,Good
Bandung,2026-01-07 11:00:00,0.94,2.03,157.87,0.17,37.44,0.09,1,Good
Bandung,2026-01-07 12:00:00,0.87,2.09,158.46,0.2,37.28,0.1,1,Good
Bandung,2026-01-07 13:00:00,0.88,2.23,160.59,0.24,37.04,0.12,1,Good
Bandung,2026-01-07 14:00:00,0.89,2.35,162.34,0.28,36.95,0.13,1,Good
Bandung,2026-01-07 15:00:00,0.91,2.47,163.22,0.31,36.87,0.14,1,Good
Bandung,2026-01-07 16:00:00,0.93,2.63,163.19,0.33,36.69,0.14,1,Good
Bandung,2026-01-07 17:00:00,0.94,2.86,161.25,0.31,36.64,0.14,1,Good
Bandung,2026-01-07 18:00:00,0.94,3.05,158.73,0.26,36.58,0.13,1,Good
Bandung,2026-01-07 19:00:00,0.97,3.09,157.61,0.24,36.54,0.12,1,Good
Bandung,2026-01-07 20:00:00,1.06,3.13,159.06,0.25,36.47,0.13,1,Good
Bandung,2026-01-07 21:00:00,1.14,3.06,160.04,0.26,36.46,0.13,1,Good
Bandung,2026-01-07 22:00:00,1.17,2.99,158.89,0.27,36.13,0.13,1,Good
Bandung,2026-01-07 23:00:00,1.19,3.02,158.72,0.29,36.13,0.14,1,Good
Bandung,2026-01-08 00:00:00,1.14,2.84,159.31,0.3,36.38,0.13,1,Good
Bandung,2026-01-08 01:00:00,1.09,2.6,160.83,0.3,36.97,0.14,1,Good
Bandung,2026-01-08 02:00:00,1.16,2.59,164.44,0.35,37.84,0.16,1,Good
Bandung,2026-01-08 03:00:00,1.28,2.61,169.03,0.39,38.89,0.18,1,Good
Bandung,2026-01-08 04:00:00,1.28,2.37,171.02,0.34,40.62,0.18,1,Good
Bandung,2026-01-08 05:00:00,1.11,2.14,166.3,0.24,41.0,0.15,1,Good
Bandung,2026-01-08 06:00:00,0.98,2.13,161.81,0.18,40.63,0.13,1,Good
Bandung,2026-01-08 07:00:00,0.77,1.94,157.18,0.12,40.01,0.1,1,Good
Bandung,2026-01-08 08:00:00,0.62,1.72,154.95,0.1,39.23,0.09,1,Good
Bandung,2026-01-08 09:00:00,0.55,1.59,154.82,0.11,38.67,0.08,1,Good
Bandung,2026-01-08 10:00:00,0.56,1.59,155.67,0.14,38.39,0.09,1,Good
Bandung,2026-01-08 11:00:00,0.64,1.79,158.16,0.2,38.17,0.1,1,Good
Bandung,2026-01-08 12:00:00,0.73,2.0,161.36,0.28,37.91,0.13,1,Good
Bandung,2026-01-08 13:00:00,0.83,2.21,163.77,0.36,37.41,0.15,1,Good
Bandung,2026-01-08 14:00:00,0.91,2.31,165.85,0.42,36.91,0.16,1,Good
Bandung,2026-01-08 15:00:00,0.98,2.34,166.58,0.45,36.27,0.17,1,Good
Bandung,2026-01-08 16:00:00,1.04,2.39,165.72,0.46,35.54,0.16,1,Good
Bandung,2026-01-08 17:00:00,1.07,2.45,163.25,0.44,34.86,0.15,1,Good
Bandung,2026-01-08 18:00:00,1.07,2.44,160.25,0.39,34.37,0.14,1,Good
Bandung,2026-01-08 19:00:00,1.05,2.35,158.08,0.36,33.91,0.13,1,Good
Bandung,2026-01-08 20:00:00,1.03,2.25,157.66,0.35,33.55,0.13,1,Good
Bandung,2026-01-08 21:00:00,1.0,2.19,156.66,0.34,33.39,0.12,1,Good
Bandung,2026-01-08 22:00:00,0.99,2.25,155.91,0.32,33.26,0.12,1,Good
Bandung,2026-01-08 23:00:00,1.03,2.43,155.54,0.33,32.94,0.13,1,Good
Bandung,2026-01-09 00:00:00,1.05,2.5,155.71,0.37,32.56,0.14,1,Good
Bandung,2026-01-09 01:00:00,1.02,2.34,155.01,0.4,32.11,0.14,1,Good
Bandung,2026-01-09 02:00:00,0.95,2.12,153.51,0.38,32.08,0.13,1,Good
Bandung,2026-01-09 03:00:00,0.87,1.92,150.14,0.3,32.15,0.12,1,Good
Bandung,2026-01-09 04:00:00,0.83,1.9,146.31,0.21,32.12,0.11,1,Good
Bandung,2026-01-09 05:00:00,0.8,1.96,142.2,0.15,31.59,0.1,1,Good
Bandung,2026-01-09 06:00:00,0.76,2.0,138.29,0.12,30.83,0.1,1,Good
Bandung,2026-01-09 07:00:00,0.72,2.0,135.31,0.11,30.04,0.09,1,Good
Bandung,2026-01-09 08:00:00,0.69,2.0,133.9,0.14,29.35,0.1,1,Good
Bandung,2026-01-09 09:00:00,0.71,2.02,134.19,0.21,28.94,0.12,1,Good
Bandung,2026-01-09 10:00:00,0.77,2.15,135.16,0.3,28.5,0.14,1,Good
Bandung,2026-01-09 11:00:00,0.87,2.37,135.89,0.38,27.95,0.16,1,Good
Bandung,2026-01-09 12:00:00,0.92,2.39,135.56,0.42,27.45,0.17,1,Good
Bandung,2026-01-09 13:00:00,0.99,2.44,134.95,0.45,26.91,0.17,1,Good
Bandung,2026-01-09 14:00:00,1.08,2.62,134.98,0.49,26.64,0.18,1,Good
Bandung,2026-01-09 15:00:00,1.12,2.66,134.84,0.51,26.63,0.17,1,Good
Bandung,2026-01-09 16:00:00,1.04,2.29,135.35,0.51,26.74,0.15,1,Good
Bandung,2026-01-09 17:00:00,0.97,2.16,135.14,0.5,26.71,0.14,1,Good
Bandung,2026-01-09 18:00:00,0.91,2.13,133.22,0.47,26.43,0.13,1,Good
Bandung,2026-01-09 19:00:00,0.88,2.14,129.06,0.42,25.92,0.12,1,Good
Bandung,2026-01-09 20:00:00,0.89,2.23,124.3,0.37,25.44,0.12,1,Good
Bandung,2026-01-09 21:00:00,0.89,2.25,119.88,0.32,25.07,0.12,1,Good
Bandung,2026-01-09 22:00:00,0.95,2.68,116.07,0.29,24.7,0.12,1,Good
Bandung,2026-01-09 23:00:00,1.05,3.13,114.34,0.27,24.51,0.13,1,Good
Bandung,2026-01-10 00:00:00,1.1,3.2,114.91,0.27,24.61,0.14,1,Good
Bandung,2026-01-10 01:00:00,1.13,3.29,117.5,0.3,24.91,0.15,1,Good
Bandung,2026-01-10 02:00:00,1.27,3.93,121.83,0.34,25.32,0.16,1,Good
Bandung,2026-01-10 03:00:00,1.36,4.45,126.75,0.36,25.93,0.16,1,Good
Bandung,2026-01-10 04:00:00,1.07,3.1,132.17,0.33,27.0,0.13,1,Good
Bandung,2026-01-10 05:00:00,1.06,3.09,137.25,0.28,28.15,0.13,1,Good
Bandung,2026-01-10 06:00:00,1.11,3.19,141.31,0.23,29.21,0.13,1,Good
Bandung,2026-01-10 07:00:00,1.2,3.48,144.28,0.2,29.99,0.13,1,Good
Bandung,2026-01-10 08:00:00,1.28,3.76,145.05,0.18,30.04,0.14,1,Good
Bandung,2026-01-10 09:00:00,1.33,3.97,144.58,0.17,29.79,0.14,1,Good
Bandung,2026-01-10 10:00:00,1.37,4.01,145.13,0.17,29.67,0.15,1,Good
Bandung,2026-01-10 11:00:00,1.47,4.05,147.71,0.22,29.7,0.17,1,Good
Bandung,2026-01-10 12:00:00,1.59,4.13,150.48,0.28,29.81,0.18,1,Good
Bandung,2026-01-10 13:00:00,1.68,4.09,152.08,0.33,29.59,0.18,1,Good
Bandung,2026-01-10 14:00:00,1.72,3.95,152.47,0.34,29.44,0.18,1,Good
Bandung,2026-01-10 15:00:00,1.66,3.67,150.79,0.32,29.29,0.17,1,Good
Bandung,2026-01-10 16:00:00,1.45,3.15,146.87,0.28,29.19,0.15,1,Good
Bandung,2026-01-10 17:00:00,1.25,2.8,142.69,0.26,28.95,0.14,1,Good
Bandung,2026-01-10 18:00:00,1.11,2.59,138.8,0.24,28.62,0.13,1,Good
Bandung,2026-01-10 19:00:00,1.05,2.45,135.46,0.23,28.3,0.12,1,Good
Bandung,2026-01-10 20:00:00,1.03,2.34,133.84,0.22,28.04,0.12,1,Good
Bandung,2026-01-10 21:00:00,1.03,2.21,132.76,0.22,27.77,0.11,1,Good
Bandung,2026-01-10 22:00:00,1.0,2.09,132.12,0.22,27.48,0.11,1,Good
Bandung,2026-01-10 23:00:00,0.97,2.07,131.44,0.22,27.22,0.11,1,Good
Bandung,2026-01-11 00:00:00,0.93,2.03,130.99,0.24,26.99,0.11,1,Good
Bandung,2026-01-11 01:00:00,0.91,2.02,129.11,0.26,26.57,0.11,1,Good
Bandung,2026-01-11 02:00:00,0.91,2.02,125.26,0.26,26.32,0.11,1,Good
Bandung,2026-01-11 03:00:00,0.94,2.03,120.13,0.22,26.47,0.11,1,Good
Bandung,2026-01-11 04:00:00,1.0,2.14,115.25,0.18,27.38,0.11,1,Good
Bandung,2026-01-11 05:00:00,1.11,2.42,111.27,0.15,28.23,0.11,1,Good
Bandung,2026-01-11 06:00:00,1.26,2.74,107.54,0.13,28.97,0.12,1,Good
Bandung,2026-01-11 07:00:00,1.38,2.97,104.15,0.13,29.5,0.12,1,Good
Bandung,2026-01-11 08:00:00,1.49,3.1,101.12,0.14,29.73,0.13,1,Good
Bandung,2026-01-11 09:00:00,1.58,3.12,99.2,0.16,29.79,0.14,1,Good
Bandung,2026-01-11 10:00:00,1.64,3.02,97.83,0.2,29.91,0.14,1,Good
Bandung,2026-01-11 11:00:00,1.65,2.84,97.25,0.23,30.03,0.14,1,Good
Bandung,2026-01-11 12:00:00,1.58,2.57,97.09,0.26,30.11,0.13,1,Good
Bandung,2026-01-11 13:00:00,1.45,2.31,97.48,0.28,30.43,0.12,1,Good
Bandung,2026-01-11 14:00:00,1.41,2.33,98.61,0.31,30.02,0.12,1,Good
Bandung,2026-01-11 15:00:00,1.45,2.53,99.79,0.34,29.19,0.13,1,Good
Bandung,2026-01-11 16:00:00,1.52,2.87,100.6,0.37,28.42,0.13,1,Good
Bandung,2026-01-11 17:00:00,1.56,3.14,99.57,0.37,28.31,0.13,1,Good
Bandung,2026-01-11 18:00:00,1.56,3.29,97.24,0.36,29.01,0.12,1,Good
Bandung,2026-01-11 19:00:00,1.53,3.31,94.18,0.33,31.06,0.12,1,Good
Bandung,2026-01-11 20:00:00,1.53,3.46,91.57,0.32,32.5,0.12,1,Good
Bandung,2026-01-11 21:00:00,1.57,3.61,90.08,0.3,33.19,0.12,1,Good
Bandung,2026-01-11 22:00:00,1.63,3.66,89.43,0.3,33.19,0.13,1,Good
Bandung,2026-01-11 23:00:00,1.7,3.67,89.9,0.32,32.87,0.14,1,Good
Bandung,2026-01-12 00:00:00,1.77,3.7,91.44,0.36,32.77,0.15,1,Good
Bandung,2026-01-12 01:00:00,1.8,3.64,93.94,0.39,32.6,0.16,1,Good
Bandung,2026-01-12 02:00:00,1.79,3.44,95.5,0.39,32.49,0.16,1,Good
Bandung,2026-01-12 03:00:00,1.74,3.19,93.99,0.33,32.69,0.15,1,Good
Bandung,2026-01-12 04:00:00,1.72,3.09,90.45,0.26,32.98,0.14,1,Good
Bandung,2026-01-12 05:00:00,1.83,3.38,86.49,0.2,33.55,0.14,1,Good
Bandung,2026-01-12 06:00:00,2.03,3.9,81.83,0.14,34.19,0.13,1,Good
Bandung,2026-01-12 07:00:00,2.33,4.7,77.96,0.1,34.91,0.13,1,Good
Bandung,2026-01-12 08:00:00,2.54,5.22,77.14,0.12,34.86,0.14,1,Good
Bandung,2026-01-12 09:00:00,2.6,5.36,79.61,0.2,34.3,0.15,1,Good
Bandung,2026-01-12 10:00:00,2.64,5.98,83.93,0.31,33.9,0.17,1,Good
Bandung,2026-01-12 11:00:00,2.65,6.91,89.11,0.41,33.74,0.18,1,Good
Bandung,2026-01-12 12:00:00,2.59,7.43,93.32,0.46,34.02,0.18,1,Good
Bandung,2026-01-12 13:00:00,2.46,7.09,93.71,0.43,35.17,0.17,1,Good
Bandung,2026-01-12 14:00:00,2.4,6.57,95.74,0.43,36.04,0.16,1,Good
Bandung,2026-01-12 15:00:00,2.43,6.34,98.24,0.43,36.37,0.17,1,Good
Bandung,2026-01-12 16:00:00,2.49,6.14,100.41,0.44,36.23,0.17,1,Good
Bandung,2026-01-12 17:00:00,2.59,6.01,102.08,0.43,35.75,0.17,1,Good
Bandung,2026-01-12 18:00:00,2.65,5.92,103.63,0.41,35.3,0.17,1,Good
Bandung,2026-01-12 19:00:00,2.69,5.97,105.6,0.4,35.04,0.17,1,Good
Bandung,2026-01-12 20:00:00,2.71,6.16,107.39,0.41,35.08,0.16,1,Good
Bandung,2026-01-12 21:00:00,2.65,6.17,109.72,0.42,35.27,0.16,1,Good
Bandung,2026-01-12 22:00:00,2.52,5.58,112.06,0.44,35.49,0.16,1,Good
Bandung,2026-01-12 23:00:00,2.41,4.81,114.08,0.44,35.33,0.16,1,Good
Bandung,2026-01-13 00:00:00,2.3,4.19,115.46,0.44,35.14,0.16,1,Good
Bandung,2026-01-13 01:00:00,2.17,3.77,117.74,0.46,34.58,0.16,1,Good
Bandung,2026-01-13 02:00:00,2.06,3.56,123.05,0.5,33.94,0.16,1,Good
Bandung,2026-01-13 03:00:00,1.9,3.37,126.95,0.47,33.6,0.16,1,Good
Bandung,2026-01-13 04:00:00,1.76,3.21,128.41,0.43,33.83,0.15,1,Good
Bandung,2026-01-13 05:00:00,1.7,3.17,127.63,0.39,34.41,0.15,1,Good
Bandung,2026-01-13 06:00:00,1.68,3.18,126.56,0.34,34.74,0.15,1,Good
Bandung,2026-01-13 07:00:00,1.63,3.15,124.9,0.29,34.82,0.15,1,Good
Bandung,2026-01-13 08:00:00,1.54,3.06,122.94,0.27,34.36,0.14,1,Good
Bandung,2026-01-13 09:00:00,1.48,2.98,120.11,0.25,33.92,0.14,1,Good
Bandung,2026-01-13 10:00:00,1.44,2.89,115.71,0.25,33.8,0.14,1,Good
Bandung,2026-01-13 11:00:00,1.42,2.78,110.05,0.27,33.92,0.14,1,Good
Bandung,2026-01-13 12:00:00,1.42,2.66,103.73,0.28,34.16,0.14,1,Good
Bandung,2026-01-13 13:00:00,1.37,2.49,97.69,0.26,34.38,0.13,1,Good
Bandung,2026-01-13 14:00:00,1.31,2.35,92.93,0.25,34.59,0.12,1,Good
Bandung,2026-01-13 15:00:00,1.3,2.31,89.58,0.23,34.75,0.11,1,Good
Bandung,2026-01-13 16:00:00,1.33,2.34,87.84,0.23,34.64,0.11,1,Good
Bandung,2026-01-13 17:00:00,1.39,2.51,87.68,0.25,34.36,0.12,1,Good
Bandung,2026-01-13 18:00:00,1.46,2.75,87.85,0.27,34.12,0.12,1,Good
Bandung,2026-01-13 19:00:00,1.55,3.1,87.63,0.26,33.96,0.12,1,Good
Bandung,2026-01-13 20:00:00,1.63,3.42,87.31,0.25,33.7,0.12,1,Good
Bandung,2026-01-13 21:00:00,1.64,3.56,88.11,0.24,33.45,0.12,1,Good
Bandung,2026-01-13 22:00:00,1.69,3.82,90.27,0.24,33.18,0.13,1,Good
Bandung,2026-01-13 23:00:00,1.82,4.36,94.09,0.27,32.71,0.16,1,Good
Bandung,2026-01-14 00:00:00,1.95,4.93,99.26,0.32,32.08,0.19,1,Good
Bandung,2026-01-14 01:00:00,2.06,5.78,105.37,0.39,31.37,0.21,1,Good
Bandung,2026-01-14 02:00:00,2.03,6.08,110.83,0.42,30.79,0.22,1,Good
Bandung,2026-01-14 03:00:00,1.85,5.55,114.34,0.38,30.69,0.2,1,Good
Bandung,2026-01-14 04:00:00,1.49,3.91,117.48,0.32,31.45,0.16,1,Good
Bandung,2026-01-14 05:00:00,1.45,3.68,120.2,0.28,31.84,0.15,1,Good
Bandung,2026-01-14 06:00:00,1.56,4.02,121.17,0.24,31.93,0.15,1,Good
Bandung,2026-01-14 07:00:00,1.7,4.44,120.13,0.21,31.62,0.15,1,Good
Bandung,2026-01-14 08:00:00,1.81,4.61,118.55,0.2,31.13,0.15,1,Good
Bandung,2026-01-14 09:00:00,1.88,4.6,116.98,0.2,30.58,0.16,1,Good
Bandung,2026-01-14 10:00:00,1.89,4.33,114.56,0.21,30.14,0.16,1,Good
Bandung,2026-01-14 11:00:00,1.88,3.94,112.71,0.24,29.65,0.16,1,Good
Bandung,2026-01-14 12:00:00,1.85,3.6,110.9,0.27,29.27,0.16,1,Good
Bandung,2026-01-14 13:00:00,1.77,3.24,108.42,0.28,29.01,0.15,1,Good
Bandung,2026-01-14 14:00:00,1.72,3.14,106.39,0.28,29.05,0.15,1,Good
Bandung,2026-01-14 15:00:00,1.68,3.1,104.17,0.27,29.14,0.15,1,Good
Bandung,2026-01-14 16:00:00,1.62,3.02,101.82,0.25,29.21,0.14,1,Good
Bandung,2026-01-14 17:00:00,1.52,2.91,100.12,0.24,29.05,0.13,1,Good
Bandung,2026-01-14 18:00:00,1.43,2.86,98.41,0.22,28.89,0.12,1,Good
Bandung,2026-01-14 19:00:00,1.34,2.79,96.38,0.2,28.83,0.11,1,Good
Bandung,2026-01-14 20:00:00,1.28,2.69,94.5,0.2,28.74,0.11,1,Good
Bandung,2026-01-14 21:00:00,1.24,2.61,93.03,0.2,28.6,0.11,1,Good
Bandung,2026-01-14 22:00:00,1.21,2.52,92.26,0.2,28.37,0.11,1,Good
Bandung,2026-01-14 23:00:00,1.18,2.37,92.2,0.21,28.08,0.11,1,Good
Bandung,2026-01-15 00:00:00,1.13,2.19,93.55,0.24,27.76,0.11,1,Good
Bandung,2026-01-15 01:00:00,1.13,2.23,96.25,0.28,27.47,0.12,1,Good
Bandung,2026-01-15 02:00:00,1.17,2.5,100.35,0.33,27.2,0.13,1,Good
Bandung,2026-01-15 03:00:00,1.2,2.81,104.87,0.34,27.14,0.14,1,Good
Bandung,2026-01-15 04:00:00,1.2,2.96,109.53,0.32,27.25,0.14,1,Good
Bandung,2026-01-15 05:00:00,1.23,3.17,114.46,0.29,27.42,0.15,1,Good
Bandung,2026-01-15 06:00:00,1.31,3.45,118.5,0.27,27.53,0.15,1,Good
Bandung,2026-01-15 07:00:00,1.34,3.51,117.87,0.21,27.55,0.15,1,Good
Bandung,2026-01-15 08:00:00,1.43,3.57,116.68,0.21,27.1,0.15,1,Good
Bandung,2026-01-15 09:00:00,1.52,3.59,116.43,0.22,26.42,0.15,1,Good
Bandung,2026-01-15 10:00:00,1.57,3.56,117.19,0.26,25.75,0.15,1,Good
Bandung,2026-01-15 11:00:00,1.58,3.5,119.49,0.3,25.07,0.16,1,Good
Bandung,2026-01-15 12:00:00,1.53,3.35,122.85,0.32,24.53,0.15,1,Good
Bandung,2026-01-15 13:00:00,1.46,3.26,126.39,0.32,24.18,0.15,1,Good
Bandung,2026-01-15 14:00:00,1.42,3.27,129.12,0.31,24.13,0.15,1,Good
Bandung,2026-01-15 15:00:00,1.42,3.28,130.5,0.29,24.23,0.15,1,Good
Bandung,2026-01-15 16:00:00,1.47,3.35,132.39,0.29,24.2,0.15,1,Good
Bandung,2026-01-15 17:00:00,1.59,3.68,135.08,0.29,24.06,0.15,1,Good
Bandung,2026-01-15 18:00:00,1.67,3.98,136.65,0.3,23.98,0.15,1,Good
Bandung,2026-01-15 19:00:00,1.69,4.19,136.57,0.29,24.09,0.15,1,Good
Bandung,2026-01-15 20:00:00,1.68,4.21,135.21,0.26,24.33,0.15,1,Good
Bandung,2026-01-15 21:00:00,1.67,4.18,133.73,0.24,24.55,0.15,1,Good
Bandung,2026-01-15 22:00:00,1.69,4.22,132.57,0.23,24.72,0.15,1,Good
Bandung,2026-01-15 23:00:00,1.69,4.18,131.22,0.23,24.67,0.15,1,Good
Bandung,2026-01-16 00:00:00,1.67,4.08,129.93,0.24,24.59,0.15,1,Good
Bandung,2026-01-16 01:00:00,1.67,4.02,129.08,0.24,24.59,0.16,1,Good
Bandung,2026-01-16 02:00:00,1.72,4.07,128.26,0.24,24.78,0.16,1,Good
Bandung,2026-01-16 03:00:00,1.76,4.09,126.74,0.22,25.18,0.16,1,Good
Bandung,2026-01-16 04:00:00,1.77,4.03,124.63,0.18,25.77,0.15,1,Good
Bandung,2026-01-16 05:00:00,1.75,3.99,122.86,0.16,26.36,0.15,1,Good
Bandung,2026-01-16 06:00:00,1.72,4.0,121.62,0.14,26.7,0.15,1,Good
Bandung,2026-01-16 07:00:00,1.69,3.95,121.3,0.14,26.77,0.15,1,Good
Bandung,2026-01-16 08:00:00,1.67,3.81,121.7,0.15,26.68,0.15,1,Good
Bandung,2026-01-16 09:00:00,1.64,3.63,122.05,0.17,26.44,0.15,1,Good
Bandung,2026-01-16 10:00:00,1.58,3.38,122.41,0.2,26.07,0.15,1,Good
Bandung,2026-01-16 11:00:00,1.52,3.11,123.61,0.27,25.63,0.15,1,Good
Bandung,2026-01-16 12:00:00,1.46,2.89,124.87,0.34,25.21,0.15,1,Good
Bandung,2026-01-16 13:00:00,1.4,2.69,125.64,0.4,24.84,0.15,1,Good
Bandung,2026-01-16 14:00:00,1.33,2.6,126.26,0.43,24.5,0.15,1,Good
Bandung,2026-01-16 15:00:00,1.28,2.56,126.41,0.45,24.08,0.14,1,Good
Bandung,2026-01-16 16:00:00,1.25,2.61,125.22,0.45,23.68,0.14,1,Good
Bandung,2026-01-16 17:00:00,1.22,2.66,124.03,0.47,23.33,0.13,1,Good
Bandung,2026-01-16 18:00:00,1.17,2.66,123.02,0.47,23.02,0.12,1,Good
Bandung,2026-01-16 19:00:00,1.09,2.53,121.83,0.44,22.71,0.12,1,Good
Bandung,2026-01-16 20:00:00,1.02,2.37,121.17,0.42,22.27,0.11,1,Good
Bandung,2026-01-16 21:00:00,0.95,2.24,120.97,0.41,21.82,0.11,1,Good
Bandung,2026-01-16 22:00:00,0.92,2.15,121.77,0.4,21.41,0.11,1,Good
Bandung,2026-01-16 23:00:00,0.88,2.02,122.5,0.4,20.94,0.11,1,Good
Bandung,2026-01-17 00:00:00,0.85,1.87,123.65,0.41,20.48,0.11,1,Good
Bandung,2026-01-17 01:00:00,0.83,1.76,125.8,0.43,20.06,0.12,1,Good
Bandung,2026-01-17 02:00:00,0.85,1.89,128.21,0.4,19.97,0.12,1,Good
Bandung,2026-01-17 03:00:00,0.84,2.06,129.26,0.3,20.4,0.11,1,Good
Bandung,2026-01-17 04:00:00,0.84,2.38,129.85,0.2,21.35,0.1,1,Good
Bandung,2026-01-17 05:00:00,0.87,2.65,131.14,0.16,21.99,0.1,1,Good
Bandung,2026-01-17 06:00:00,0.92,2.94,133.35,0.14,22.39,0.11,1,Good
Bandung,2026-01-17 07:00:00,0.98,3.2,136.24,0.13,22.85,0.12,1,Good
Bandung,2026-01-17 08:00:00,1.09,3.37,139.11,0.14,23.4,0.13,1,Good
Bandung,2026-01-17 09:00:00,1.22,3.38,142.44,0.18,23.99,0.14,1,Good
Bandung,2026-01-17 10:00:00,1.33,3.29,146.11,0.25,24.35,0.15,1,Good
Bandung,2026-01-17 11:00:00,1.4,3.3,149.41,0.32,24.37,0.15,1,Good
Bandung,2026-01-17 12:00:00,1.42,3.28,152.13,0.37,24.18,0.15,1,Good
Bandung,2026-01-17 13:00:00,1.37,3.06,153.75,0.4,23.8,0.15,1,Good
Bandung,2026-01-17 14:00:00,1.35,2.91,156.72,0.47,23.57,0.14,1,Good
Bandung,2026-01-17 15:00:00,1.36,2.8,160.23,0.57,23.48,0.14,1,Good
Bandung,2026-01-17 16:00:00,1.35,2.64,162.69,0.67,23.32,0.14,1,Good
Bandung,2026-01-17 17:00:00,1.3,2.59,164.21,0.73,23.14,0.13,1,Good
Bandung,2026-01-17 18:00:00,1.23,2.55,164.85,0.75,22.82,0.12,1,Good
Bandung,2026-01-17 19:00:00,1.16,2.52,163.34,0.71,22.53,0.12,1,Good
Bandung,2026-01-17 20:00:00,1.15,2.55,161.8,0.68,22.2,0.11,1,Good
Bandung,2026-01-17 21:00:00,1.14,2.54,159.14,0.63,22.0,0.11,1,Good
Bandung,2026-01-17 22:00:00,1.08,2.37,156.45,0.58,21.97,0.1,1,Good
Bandung,2026-01-17 23:00:00,0.98,2.05,152.84,0.53,21.93,0.1,1,Good
Bandung,2026-01-18 00:00:00,0.86,1.72,147.59,0.48,22.04,0.09,1,Good
Bandung,2026-01-18 01:00:00,0.82,1.67,141.56,0.46,22.2,0.09,1,Good
Bandung,2026-01-18 02:00:00,0.92,2.06,137.35,0.45,22.62,0.11,1,Good
Bandung,2026-01-18 03:00:00,1.08,2.61,134.72,0.41,23.57,0.12,1,Good
Bandung,2026-01-18 04:00:00,1.15,3.05,131.33,0.31,25.11,0.12,1,Good
Bandung,2026-01-18 05:00:00,1.12,2.99,128.17,0.22,26.13,0.12,1,Good
Bandung,2026-01-18 06:00:00,1.1,2.86,125.73,0.18,26.64,0.11,1,Good
Bandung,2026-01-18 07:00:00,1.07,2.98,122.87,0.16,26.87,0.11,1,Good
Bandung,2026-01-18 08:00:00,1.07,3.17,120.36,0.16,26.78,0.12,1,Good
Bandung,2026-01-18 09:00:00,1.08,3.29,119.71,0.18,26.6,0.12,1,Good
Bandung,2026-01-18 10:00:00,1.07,3.08,119.95,0.21,26.19,0.13,1,Good
Bandung,2026-01-18 11:00:00,1.09,2.82,121.26,0.28,25.37,0.13,1,Good
Bandung,2026-01-18 12:00:00,1.1,2.61,122.33,0.33,24.43,0.14,1,Good
Bandung,2026-01-18 13:00:00,1.05,2.27,122.41,0.35,23.45,0.13,1,Good
Bandung,2026-01-18 14:00:00,1.02,2.14,122.95,0.35,22.71,0.12,1,Good
Bandung,2026-01-18 15:00:00,0.99,2.1,123.2,0.34,22.09,0.12,1,Good
Bandung,2026-01-18 16:00:00,0.99,2.13,124.14,0.37,21.41,0.12,1,Good
Bandung,2026-01-18 17:00:00,1.02,2.28,126.37,0.41,20.81,0.12,1,Good
Bandung,2026-01-18 18:00:00,1.04,2.43,127.72,0.43,20.31,0.12,1,Good
Bandung,2026-01-18 19:00:00,1.03,2.46,127.57,0.42,19.9,0.12,1,Good
Bandung,2026-01-18 20:00:00,0.98,2.29,126.28,0.39,19.65,0.11,1,Good
Bandung,2026-01-18 21:00:00,0.92,2.11,125.4,0.36,19.52,0.11,1,Good
Bandung,2026-01-18 22:00:00,0.88,1.99,126.36,0.35,19.58,0.1,1,Good
Bandung,2026-01-18 23:00:00,0.89,2.0,129.44,0.35,19.75,0.1,1,Good
Bandung,2026-01-19 00:00:00,0.96,2.1,134.63,0.37,20.23,0.11,1,Good
Bandung,2026-01-19 01:00:00,1.08,2.58,140.53,0.37,21.22,0.13,1,Good
Bandung,2026-01-19 02:00:00,1.23,3.23,144.75,0.35,22.73,0.15,1,Good
Bandung,2026-01-19 03:00:00,1.34,3.78,146.97,0.29,24.85,0.16,1,Good
Bandung,2026-01-19 04:00:00,1.36,3.88,150.04,0.22,28.5,0.16,1,Good
Bandung,2026-01-19 05:00:00,1.44,3.95,152.68,0.17,32.68,0.15,1,Good
Bandung,2026-01-19 06:00:00,1.58,4.14,156.31,0.15,36.47,0.15,1,Good
Bandung,2026-01-19 07:00:00,1.77,4.21,160.59,0.15,39.53,0.16,1,Good
Bandung,2026-01-19 08:00:00,2.01,4.49,164.66,0.17,41.68,0.17,1,Good
Bandung,2026-01-19 09:00:00,2.2,4.8,168.39,0.21,43.26,0.18,1,Good
Bandung,2026-01-19 10:00:00,2.33,5.31,170.52,0.27,43.76,0.21,1,Good
Bandung,2026-01-19 11:00:00,2.39,5.64,172.12,0.35,43.58,0.23,1,Good
Bandung,2026-01-19 12:00:00,2.44,5.7,175.06,0.45,43.21,0.26,1,Good
Bandung,2026-01-19 13:00:00,2.55,5.3,182.18,0.65,42.78,0.29,1,Good
Bandung,2026-01-19 14:00:00,2.7,5.15,191.04,0.87,42.42,0.32,1,Good
Bandung,2026-01-19 15:00:00,2.85,5.27,197.23,1.04,41.94,0.35,1,Good
Bandung,2026-01-19 16:00:00,2.93,5.32,199.38,1.13,41.16,0.37,1,Good
Bandung,2026-01-19 17:00:00,2.99,5.26,200.63,1.21,40.36,0.39,1,Good
Bandung,2026-01-19 18:00:00,3.08,5.21,202.7,1.3,39.68,0.4,1,Good
Bandung,2026-01-19 19:00:00,3.14,5.01,203.93,1.34,39.21,0.4,1,Good
Bandung,2026-01-19 20:00:00,3.22,5.06,201.15,1.31,38.84,0.39,1,Good
Bandung,2026-01-19 21:00:00,3.21,5.02,195.81,1.22,38.86,0.38,1,Good
Bandung,2026-01-19 22:00:00,3.15,4.89,190.42,1.11,39.23,0.37,1,Good
Bandung,2026-01-19 23:00:00,3.13,4.85,189.17,1.08,39.75,0.37,1,Good
Bandung,2026-01-20 00:00:00,3.17,4.92,192.03,1.15,40.08,0.4,1,Good
Bandung,2026-01-20 01:00:00,3.33,5.34,198.56,1.31,40.24,0.45,1,Good
Bandung,2026-01-20 02:00:00,3.6,5.92,206.77,1.52,40.18,0.52,1,Good
Bandung,2026-01-20 03:00:00,3.73,6.33,211.23,1.59,40.72,0.52,1,Good
Bandung,2026-01-20 04:00:00,3.41,5.65,205.59,1.26,43.31,0.41,1,Good
Bandung,2026-01-20 05:00:00,3.07,5.19,196.74,0.91,45.91,0.29,1,Good
Bandung,2026-01-20 06:00:00,2.82,4.99,187.91,0.61,47.45,0.21,1,Good
Bandung,2026-01-20 07:00:00,2.48,4.65,179.5,0.41,48.69,0.16,1,Good
Bandung,2026-01-20 08:00:00,2.13,4.18,174.96,0.33,49.63,0.13,1,Good
Bandung,2026-01-20 09:00:00,1.91,3.81,174.0,0.3,50.27,0.12,1,Good
Bandung,2026-01-20 10:00:00,1.72,3.52,174.4,0.29,50.11,0.11,1,Good
Bandung,2026-01-20 11:00:00,1.64,3.43,175.62,0.32,49.42,0.12,1,Good
Bandung,2026-01-20 12:00:00,1.56,3.27,176.26,0.32,49.25,0.12,1,Good
Bandung,2026-01-20 13:00:00,1.51,3.14,177.25,0.32,49.59,0.11,1,Good
Bandung,2026-01-20 14:00:00,1.53,3.14,179.83,0.33,50.61,0.12,1,Good
Bandung,2026-01-20 15:00:00,1.54,3.11,183.05,0.34,51.84,0.11,1,Good
Bandung,2026-01-20 16:00:00,1.68,3.42,187.19,0.38,52.34,0.12,1,Good
Bandung,2026-01-20 17:00:00,1.91,3.91,192.3,0.42,52.57,0.14,1,Good
Bandung,2026-01-20 18:00:00,2.01,4.18,195.24,0.43,53.13,0.14,1,Good
Bandung,2026-01-20 19:00:00,2.05,4.39,195.29,0.41,53.65,0.15,1,Good
Bandung,2026-01-20 20:00:00,2.08,4.62,192.45,0.38,53.86,0.15,1,Good
Bandung,2026-01-20 21:00:00,2.11,4.84,188.57,0.34,53.75,0.15,1,Good
Bandung,2026-01-20 22:00:00,2.08,4.73,184.06,0.31,53.5,0.14,1,Good
Bandung,2026-01-20 23:00:00,2.03,4.45,179.52,0.27,52.87,0.13,1,Good
Bandung,2026-01-21 00:00:00,2.0,4.17,175.92,0.25,51.63,0.13,1,Good
Bandung,2026-01-21 01:00:00,2.02,4.09,173.71,0.28,49.61,0.13,1,Good
Bandung,2026-01-21 02:00:00,2.18,4.65,173.42,0.32,47.17,0.15,1,Good
Bandung,2026-01-21 03:00:00,2.37,5.35,173.89,0.36,45.12,0.17,1,Good
Bandung,2026-01-21 04:00:00,2.44,5.5,174.61,0.34,44.67,0.19,1,Good
Bandung,2026-01-21 05:00:00,2.35,5.08,175.69,0.29,46.11,0.18,1,Good
Bandung,2026-01-21 06:00:00,2.25,4.66,176.95,0.25,48.09,0.18,1,Good
Bandung,2026-01-21 07:00:00,2.19,4.5,178.14,0.24,49.62,0.18,1,Good
Bandung,2026-01-21 08:00:00,2.18,4.62,178.51,0.28,49.99,0.19,1,Good
Bandung,2026-01-21 09:00:00,2.16,4.69,178.48,0.32,49.69,0.19,1,Good
Bandung,2026-01-21 10:00:00,2.11,4.67,176.79,0.37,48.55,0.18,1,Good
Bandung,2026-01-21 11:00:00,2.07,4.67,172.85,0.4,46.54,0.17,1,Good
Bandung,2026-01-21 12:00:00,2.04,4.65,166.68,0.39,44.05,0.16,1,Good
Bandung,2026-01-21 13:00:00,1.93,4.39,159.53,0.34,41.85,0.14,1,Good
Bandung,2026-01-21 14:00:00,1.79,4.0,154.79,0.31,40.16,0.13,1,Good
Bandung,2026-01-21 15:00:00,1.64,3.62,152.1,0.3,38.82,0.12,1,Good
Bandung,2026-01-21 16:00:00,1.55,3.44,151.75,0.31,37.7,0.12,1,Good
Bandung,2026-01-21 17:00:00,1.56,3.58,154.55,0.35,37.15,0.12,1,Good
Bandung,2026-01-21 18:00:00,1.61,3.81,158.23,0.38,37.44,0.13,1,Good
Bandung,2026-01-21 19:00:00,1.66,3.95,161.81,0.38,38.25,0.13,1,Good
Bandung,2026-01-21 20:00:00,1.69,3.95,163.29,0.36,38.99,0.12,1,Good
Bandung,2026-01-21 21:00:00,1.69,3.92,163.88,0.34,39.75,0.12,1,Good
Bandung,2026-01-21 22:00:00,1.66,3.82,165.11,0.31,40.83,0.12,1,Good
Bandung,2026-01-21 23:00:00,1.63,3.73,167.02,0.3,42.36,0.12,1,Good
Bandung,2026-01-22 00:00:00,1.63,3.64,169.53,0.3,44.08,0.12,1,Good
Bandung,2026-01-22 01:00:00,1.54,3.36,172.81,0.32,45.95,0.12,1,Good
Bandung,2026-01-22 02:00:00,1.48,3.24,177.82,0.36,48.38,0.12,1,Good
Bandung,2026-01-22 03:00:00,1.43,3.14,183.82,0.38,51.07,0.12,1,Good
Bandung,2026-01-22 04:00:00,1.47,3.27,189.39,0.35,53.62,0.13,1,Good
Bandung,2026-01-22 05:00:00,1.62,3.71,191.06,0.31,54.74,0.13,1,Good
Bandung,2026-01-22 06:00:00,1.79,4.22,190.27,0.28,54.67,0.14,1,Good
Bandung,2026-01-22 07:00:00,1.94,4.67,189.54,0.29,54.2,0.16,1,Good
Bandung,2026-01-22 08:00:00,2.03,4.77,189.33,0.32,53.56,0.18,1,Good
Bandung,2026-01-22 09:00:00,2.06,4.7,189.76,0.38,52.73,0.19,1,Good
Bandung,2026-01-22 10:00:00,1.99,4.65,187.64,0.42,51.64,0.19,1,Good
Bandung,2026-01-22 11:00:00,2.07,4.97,186.4,0.53,49.78,0.2,1,Good
Bandung,2026-01-22 12:00:00,2.26,5.48,183.47,0.62,47.23,0.21,1,Good
Bandung,2026-01-22 13:00:00,2.45,6.08,176.57,0.64,44.21,0.23,1,Good
Bandung,2026-01-22 14:00:00,2.49,6.26,166.58,0.61,41.16,0.23,1,Good
Bandung,2026-01-22 15:00:00,2.39,6.14,155.41,0.56,38.48,0.22,1,Good
Bandung,2026-01-22 16:00:00,2.28,6.03,145.75,0.53,36.49,0.21,1,Good
Bandung,2026-01-22 17:00:00,2.23,6.02,140.71,0.52,35.42,0.21,1,Good
Bandung,2026-01-22 18:00:00,2.23,5.99,139.35,0.54,34.95,0.22,1,Good
Bandung,2026-01-22 19:00:00,2.19,5.61,142.02,0.62,34.41,0.23,1,Good
Bandung,2026-01-22 20:00:00,2.09,5.25,147.65,0.71,34.25,0.22,1,Good
Bandung,2026-01-22 21:00:00,2.0,5.03,154.58,0.77,35.05,0.22,1,Good
Bandung,2026-01-22 22:00:00,1.97,4.81,165.39,0.85,36.87,0.23,1,Good
Bandung,2026-01-22 23:00:00,2.12,4.98,179.27,0.98,39.65,0.27,1,Good
Bandung,2026-01-23 00:00:00,2.38,5.28,194.56,1.19,42.89,0.33,1,Good
Bandung,2026-01-23 01:00:00,2.84,5.84,209.91,1.51,45.56,0.41,1,Good
Bandung,2026-01-23 02:00:00,3.37,6.17,224.94,1.87,47.7,0.51,1,Good
Bandung,2026-01-23 03:00:00,4.15,6.66,239.25,2.21,50.77,0.62,1,Good
Bandung,2026-01-23 04:00:00,5.25,7.43,254.89,2.58,56.6,0.78,1,Good
Bandung,2026-01-23 05:00:00,6.65,8.85,270.55,2.83,64.13,1.02,2,Fair
Bandung,2026-01-23 06:00:00,8.16,10.47,286.1,3.07,70.84,1.34,2,Fair
Bandung,2026-01-23 07:00:00,8.54,11.08,286.8,3.15,73.62,1.51,2,Fair
Bandung,2026-01-23 08:00:00,7.74,10.44,274.19,3.0,72.52,1.46,2,Fair
Bandung,2026-01-23 09:00:00,6.68,9.42,261.94,2.93,69.86,1.31,2,Fair
Bandung,2026-01-23 10:00:00,5.9,9.16,255.02,2.96,67.19,1.18,2,Fair
Bandung,2026-01-23 11:00:00,5.22,8.59,248.83,2.86,64.67,1.07,2,Fair
Bandung,2026-01-23 12:00:00,4.53,7.72,242.28,2.53,62.21,0.95,2,Fair
Bandung,2026-01-23 13:00:00,4.28,7.62,242.2,2.42,60.69,0.9,2,Fair
Bandung,2026-01-23 14:00:00,4.48,8.26,250.01,2.55,59.69,0.96,1,Good
Bandung,2026-01-23 15:00:00,4.98,9.21,261.81,2.84,58.44,1.05,1,Good
Bandung,2026-01-23 16:00:00,5.62,9.78,278.56,3.31,56.45,1.22,1,Good
Bandung,2026-01-23 17:00:00,6.39,10.38,306.19,4.16,53.36,1.55,1,Good
Bandung,2026-01-23 18:00:00,7.24,11.16,343.13,5.33,49.81,2.02,1,Good
Bandung,2026-01-23 19:00:00,7.75,11.43,374.72,6.34,47.21,2.5,1,Good
Bandung,2026-01-23 20:00:00,7.69,11.15,386.52,6.68,46.3,2.82,1,Good
Bandung,2026-01-23 21:00:00,7.08,10.34,376.56,6.31,47.86,2.92,1,Good
Bandung,2026-01-23 22:00:00,6.05,9.52,347.93,5.38,52.25,2.7,1,Good
Bandung,2026-01-23 23:00:00,4.78,8.4,306.36,4.13,58.88,2.38,1,Good
Bandung,2026-01-24 00:00:00,3.77,7.32,269.71,3.28,65.48,2.05,2,Fair
Bandung,2026-01-24 01:00:00,3.09,6.62,244.99,2.8,71.28,1.77,2,Fair
Bandung,2026-01-24 02:00:00,2.81,6.47,232.87,2.34,75.45,1.63,2,Fair
Bandung,2026-01-24 03:00:00,3.02,6.76,229.51,1.89,80.84,1.63,2,Fair
Bandung,2026-01-24 04:00:00,4.26,8.21,233.1,1.48,88.49,1.74,2,Fair
Bandung,2026-01-24 05:00:00,6.6,11.07,240.47,1.31,95.67,1.99,2,Fair
Bandung,2026-01-24 06:00:00,9.28,14.29,248.77,1.25,101.05,2.29,3,Moderate
Bandung,2026-01-24 07:00:00,10.47,15.53,250.92,1.2,102.75,2.39,3,Moderate
Bandung,2026-01-24 08:00:00,9.57,14.08,243.22,1.18,99.86,2.18,2,Fair
Bandung,2026-01-24 09:00:00,8.12,12.04,235.77,1.26,95.54,1.9,2,Fair
Bandung,2026-01-24 10:00:00,6.6,10.14,231.63,1.53,89.88,1.68,2,Fair
Bandung,2026-01-24 11:00:00,5.44,8.92,229.86,1.82,83.29,1.55,2,Fair
Bandung,2026-01-24 12:00:00,4.87,8.35,231.58,1.95,78.45,1.55,2,Fair
Bandung,2026-01-24 13:00:00,4.8,8.42,237.34,2.01,75.32,1.71,2,Fair
Bandung,2026-01-24 14:00:00,5.0,8.96,248.79,2.2,72.86,1.97,2,Fair
Bandung,2026-01-24 15:00:00,5.03,9.19,258.38,2.37,70.26,2.2,2,Fair
Bandung,2026-01-24 16:00:00,4.77,8.85,260.67,2.37,67.38,2.26,2,Fair
Bandung,2026-01-24 17:00:00,4.43,8.38,257.63,2.24,64.95,2.17,2,Fair
Bandung,2026-01-24 18:00:00,4.13,8.03,250.97,2.03,63.08,2.01,2,Fair
Bandung,2026-01-24 19:00:00,3.89,7.77,240.61,1.76,61.72,1.79,2,Fair
Bandung,2026-01-24 20:00:00,3.8,7.72,230.14,1.54,60.65,1.57,2,Fair
Bandung,2026-01-24 21:00:00,3.76,7.57,220.84,1.38,59.95,1.38,1,Good
Bandung,2026-01-24 22:00:00,3.81,7.43,214.63,1.3,59.45,1.23,1,Good
Bandung,2026-01-24 23:00:00,3.96,7.57,211.51,1.29,59.01,1.15,1,Good
Bandung,2026-01-25 00:00:00,4.14,7.64,210.36,1.41,58.58,1.13,1,Good
Bandung,2026-01-25 01:00:00,4.25,7.6,211.59,1.6,58.44,1.15,1,Good
Bandung,2026-01-25 02:00:00,4.24,7.44,214.48,1.62,59.46,1.14,1,Good
Bandung,2026-01-25 03:00:00,4.31,7.34,215.38,1.37,63.01,1.07,2,Fair
Bandung,2026-01-25 04:00:00,4.77,7.55,212.86,0.95,68.67,0.98,2,Fair
Bandung,2026-01-25 05:00:00,5.34,7.93,206.93,0.65,72.8,0.9,2,Fair
Bandung,2026-01-25 06:00:00,5.74,8.2,200.07,0.49,74.52,0.81,2,Fair
Bandung,2026-01-25 07:00:00,6.42,9.01,194.44,0.4,74.96,0.75,2,Fair
Bandung,2026-01-25 08:00:00,6.78,9.81,189.34,0.38,73.65,0.68,2,Fair
Bandung,2026-01-25 09:00:00,6.09,9.52,182.19,0.37,70.71,0.58,2,Fair
Bandung,2026-01-25 10:00:00,4.81,8.75,173.44,0.37,66.96,0.46,2,Fair
Bandung,2026-01-25 11:00:00,3.67,8.22,164.86,0.35,63.34,0.36,2,Fair
Bandung,2026-01-25 12:00:00,2.86,7.92,156.69,0.31,60.51,0.29,2,Fair
Bandung,2026-01-25 13:00:00,2.4,7.81,150.69,0.29,58.55,0.25,1,Good
Bandung,2026-01-25 14:00:00,2.18,7.63,147.66,0.3,57.48,0.25,1,Good
Bandung,2026-01-25 15:00:00,2.1,7.42,146.62,0.32,56.83,0.26,1,Good
Bandung,2026-01-25 16:00:00,2.12,7.22,147.52,0.36,56.42,0.28,1,Good
Bandung,2026-01-25 17:00:00,2.23,7.02,151.05,0.44,56.5,0.32,1,Good
Bandung,2026-01-25 18:00:00,2.51,7.07,157.27,0.54,56.75,0.37,1,Good
Bandung,2026-01-25 19:00:00,2.96,7.46,165.31,0.65,56.74,0.44,1,Good
Bandung,2026-01-25 20:00:00,3.55,8.28,173.62,0.75,56.19,0.52,1,Good
Bandung,2026-01-25 21:00:00,4.27,9.2,183.68,0.92,55.42,0.63,1,Good
Bandung,2026-01-25 22:00:00,5.09,10.0,195.52,1.17,54.8,0.78,1,Good
Bandung,2026-01-25 23:00:00,5.87,10.74,207.52,1.48,54.32,0.98,1,Good
Bandung,2026-01-26 00:00:00,6.43,11.03,219.18,1.86,54.11,1.18,1,Good
Bandung,2026-01-26 01:00:00,6.44,10.57,226.09,2.02,54.95,1.28,1,Good
Bandung,2026-01-26 02:00:00,6.33,9.9,230.24,1.9,57.84,1.31,1,Good
Bandung,2026-01-26 03:00:00,6.63,9.76,230.66,1.52,63.75,1.3,2,Fair
Bandung,2026-01-26 04:00:00,7.61,10.38,227.65,1.01,71.56,1.26,2,Fair
Bandung,2026-01-26 05:00:00,8.65,11.27,220.52,0.65,76.8,1.2,2,Fair
Bandung,2026-01-26 06:00:00,9.25,11.87,212.7,0.47,78.26,1.13,2,Fair
Bandung,2026-01-26 07:00:00,9.34,12.07,205.5,0.39,76.95,1.04,2,Fair
Bandung,2026-01-26 08:00:00,9.18,12.12,200.27,0.36,74.39,0.95,2,Fair
Bandung,2026-01-26 09:00:00,8.61,11.83,194.34,0.35,70.92,0.82,2,Fair
Bandung,2026-01-26 10:00:00,7.58,11.15,185.88,0.35,66.6,0.65,2,Fair
Bandung,2026-01-26 11:00:00,6.42,10.35,177.64,0.35,62.06,0.5,2,Fair
Bandung,2026-01-26 12:00:00,5.49,9.75,171.2,0.34,58.03,0.39,1,Good
Bandung,2026-01-26 13:00:00,4.7,9.14,165.13,0.31,55.14,0.31,1,Good
Bandung,2026-01-26 14:00:00,4.27,8.89,162.5,0.3,52.94,0.27,1,Good
Bandung,2026-01-26 15:00:00,4.14,8.96,161.85,0.3,51.2,0.25,1,Good
Bandung,2026-01-26 16:00:00,4.15,9.16,161.88,0.31,49.74,0.23,1,Good
Bandung,2026-01-26 17:00:00,4.24,9.38,162.23,0.31,48.79,0.22,1,Good
Bandung,2026-01-26 18:00:00,4.37,9.53,163.4,0.31,48.39,0.21,1,Good
Bandung,2026-01-26 19:00:00,4.46,9.53,163.1,0.28,48.51,0.19,1,Good
Bandung,2026-01-26 20:00:00,4.72,9.7,165.37,0.28,48.51,0.2,1,Good
Bandung,2026-01-26 21:00:00,5.06,9.84,169.86,0.31,48.83,0.25,1,Good
Bandung,2026-01-26 22:00:00,5.61,10.12,178.65,0.4,49.37,0.34,1,Good
Bandung,2026-01-26 23:00:00,6.51,10.84,192.18,0.57,49.68,0.48,1,Good
Bandung,2026-01-27 00:00:00,7.39,11.48,208.29,0.87,49.98,0.67,1,Good
Bandung,2026-01-27 01:00:00,8.26,12.04,225.26,1.3,50.78,0.9,1,Good
Bandung,2026-01-27 02:00:00,9.09,12.53,239.45,1.57,53.41,1.14,1,Good
Bandung,2026-01-27 03:00:00,10.29,13.37,250.46,1.58,58.9,1.36,2,Fair
Bandung,2026-01-27 04:00:00,12.1,14.77,259.8,1.38,66.98,1.52,2,Fair
Bandung,2026-01-27 05:00:00,13.55,16.03,264.3,1.16,73.31,1.58,2,Fair
Bandung,2026-01-27 06:00:00,13.81,16.28,260.39,0.97,77.26,1.57,2,Fair
Bandung,2026-01-27 07:00:00,12.44,14.84,250.09,0.88,78.36,1.51,2,Fair
Bandung,2026-01-27 08:00:00,10.64,13.04,240.51,0.86,77.22,1.38,2,Fair
Bandung,2026-01-27 09:00:00,9.05,11.52,233.86,0.86,75.36,1.21,2,Fair
Bandung,2026-01-27 10:00:00,7.35,9.87,228.75,0.9,72.52,1.06,2,Fair
Bandung,2026-01-27 11:00:00,5.98,8.62,225.77,0.93,69.33,0.88,2,Fair
Bandung,2026-01-27 12:00:00,4.98,7.85,222.09,0.89,66.0,0.73,2,Fair
Bandung,2026-01-27 13:00:00,4.52,7.82,221.33,0.98,62.7,0.68,2,Fair
Bandung,2026-01-27 14:00:00,4.46,8.05,226.53,1.24,59.58,0.75,1,Good
Bandung,2026-01-27 15:00:00,4.64,8.4,233.96,1.58,56.76,0.88,1,Good
Bandung,2026-01-27 16:00:00,5.11,9.17,245.36,2.01,54.26,1.05,1,Good
Bandung,2026-01-27 17:00:00,5.83,10.45,260.24,2.5,51.85,1.21,1,Good
Bandung,2026-01-27 18:00:00,6.44,11.5,270.79,2.83,49.94,1.3,1,Good
Bandung,2026-01-27 19:00:00,6.12,11.14,254.44,2.42,48.98,1.27,1,Good
Bandung,2026-01-27 20:00:00,6.14,11.27,246.92,2.33,47.65,1.24,1,Good
Bandung,2026-01-27 21:00:00,6.19,11.13,243.01,2.32,46.53,1.22,1,Good
Bandung,2026-01-27 22:00:00,6.17,10.26,240.02,2.32,45.52,1.21,1,Good
Bandung,2026-01-27 23:00:00,6.12,9.37,238.53,2.32,44.77,1.18,1,Good
Bandung,2026-01-28 00:00:00,5.98,8.69,237.73,2.39,44.37,1.16,1,Good
Bandung,2026-01-29 01:00:00,7.68,9.22,351.22,5.57,47.3,1.43,1,Good
Bandung,2026-01-29 02:00:00,7.94,9.53,370.85,5.76,48.84,1.32,1,Good
Bandung,2026-01-29 03:00:00,9.25,10.8,397.74,5.51,55.15,1.21,1,Good
Bandung,2026-01-29 04:00:00,12.14,13.52,424.08,5.37,65.24,1.2,2,Fair
Bandung,2026-01-29 05:00:00,16.31,17.66,442.97,5.08,74.43,1.25,2,Fair
Bandung,2026-01-29 06:00:00,20.8,22.21,445.1,4.56,82.57,1.33,2,Fair
Bandung,2026-01-29 07:00:00,23.69,25.2,426.45,3.97,87.41,1.45,2,Fair
Bandung,2026-01-29 08:00:00,23.16,24.79,391.97,3.48,86.5,1.45,2,Fair
Bandung,2026-01-29 09:00:00,20.01,21.7,353.09,3.12,81.2,1.33,2,Fair
Bandung,2026-01-29 10:00:00,15.05,16.73,312.33,3.0,72.65,1.13,2,Fair
Bandung,2026-01-29 11:00:00,9.78,11.48,269.46,2.87,62.64,0.94,2,Fair
Bandung,2026-01-29 12:00:00,5.99,7.72,230.95,2.55,53.39,0.8,1,Good
Bandung,2026-01-29 13:00:00,3.99,5.79,204.66,2.28,46.63,0.73,1,Good
Bandung,2026-01-29 14:00:00,3.11,5.05,189.82,2.16,42.14,0.64,1,Good
Bandung,2026-01-29 15:00:00,2.68,4.73,179.07,2.08,39.15,0.55,1,Good
Bandung,2026-01-29 16:00:00,2.51,4.76,169.57,1.94,37.3,0.45,1,Good
Bandung,2026-01-29 17:00:00,2.51,4.89,164.84,1.83,36.34,0.38,1,Good
Bandung,2026-01-29 18:00:00,2.49,4.9,160.23,1.66,35.86,0.3,1,Good
Bandung,2026-01-29 19:00:00,2.39,4.8,152.99,1.38,35.71,0.24,1,Good
Bandung,2026-01-29 20:00:00,2.3,4.65,146.37,1.1,35.54,0.21,1,Good
Bandung,2026-01-29 21:00:00,2.36,4.59,144.15,0.95,35.38,0.22,1,Good
Bandung,2026-01-29 22:00:00,2.6,4.73,146.43,0.93,35.34,0.26,1,Good
Bandung,2026-01-29 23:00:00,3.05,5.14,151.87,1.03,35.27,0.35,1,Good
Bandung,2026-01-30 00:00:00,3.64,5.66,160.59,1.26,35.43,0.48,1,Good
Bandung,2026-01-30 01:00:00,4.7,7.1,177.99,1.68,35.9,0.65,1,Good
Bandung,2026-01-30 02:00:00,6.02,8.61,200.4,2.05,37.18,0.83,1,Good
Bandung,2026-01-30 03:00:00,7.21,9.64,218.92,2.09,41.16,0.95,1,Good
Bandung,2026-01-30 04:00:00,9.67,11.86,231.68,1.53,52.14,1.04,1,Good
Bandung,2026-01-30 05:00:00,13.64,15.79,237.12,1.06,64.58,1.1,2,Fair
Bandung,2026-01-30 06:00:00,17.88,20.15,238.34,0.84,74.25,1.15,2,Fair
Bandung,2026-01-30 07:00:00,22.59,25.21,242.3,0.78,83.29,1.28,2,Fair
Bandung,2026-01-30 08:00:00,27.15,30.47,251.33,0.89,91.99,1.55,3,Moderate
Bandung,2026-01-30 09:00:00,28.82,32.86,259.29,1.1,96.22,1.84,3,Moderate
Bandung,2026-01-30 10:00:00,26.63,30.76,258.96,1.32,94.17,1.99,3,Moderate
Bandung,2026-01-30 11:00:00,21.7,25.37,248.92,1.37,86.72,1.88,2,Fair
Bandung,2026-01-30 12:00:00,16.12,19.29,233.59,1.24,76.8,1.61,2,Fair
Bandung,2026-01-30 13:00:00,11.23,13.84,217.06,1.17,65.48,1.3,2,Fair
Bandung,2026-01-30 14:00:00,8.44,10.72,213.72,1.44,55.74,1.12,1,Good
Bandung,2026-01-30 15:00:00,7.34,9.47,222.58,1.94,48.53,1.06,1,Good
Bandung,2026-01-30 16:00:00,7.18,9.12,236.1,2.52,42.75,1.03,1,Good
Bandung,2026-01-30 17:00:00,7.03,8.9,243.19,2.83,38.78,0.89,1,Good
Bandung,2026-01-30 18:00:00,6.29,8.08,233.72,2.7,36.27,0.73,1,Good
Bandung,2026-01-30 19:00:00,4.52,6.09,194.04,1.88,35.08,0.54,1,Good
Bandung,2026-01-30 20:00:00,3.88,5.37,179.07,1.57,33.64,0.44,1,Good
Bandung,2026-01-30 21:00:00,3.58,4.99,170.75,1.37,32.58,0.37,1,Good
Bandung,2026-01-30 22:00:00,3.38,4.69,163.61,1.17,32.07,0.32,1,Good
Bandung,2026-01-30 23:00:00,3.19,4.41,155.76,1.0,31.69,0.28,1,Good
Bandung,2026-01-31 00:00:00,3.05,4.24,149.31,0.89,31.48,0.25,1,Good
Bandung,2026-01-31 01:00:00,3.01,4.25,144.64,0.75,32.01,0.25,1,Good
Bandung,2026-01-31 02:00:00,3.1,4.42,141.91,0.6,33.81,0.25,1,Good
Bandung,2026-01-31 03:00:00,3.62,4.95,142.94,0.5,36.95,0.28,1,Good
Bandung,2026-01-31 04:00:00,5.62,7.01,154.33,0.41,43.39,0.38,1,Good
Bandung,2026-01-31 05:00:00,9.45,11.07,169.95,0.4,51.31,0.51,1,Good
Bandung,2026-01-31 06:00:00,13.52,15.45,182.0,0.4,58.05,0.6,2,Fair
Bandung,2026-01-31 07:00:00,15.92,18.25,187.49,0.42,62.41,0.64,2,Fair
Bandung,2026-01-31 08:00:00,15.75,18.56,187.01,0.47,64.16,0.65,2,Fair
Bandung,2026-01-31 09:00:00,13.62,16.76,181.2,0.51,62.73,0.63,2,Fair
Bandung,2026-01-31 10:00:00,10.43,13.59,172.1,0.55,58.67,0.56,2,Fair
Bandung,2026-01-31 11:00:00,7.98,10.92,166.76,0.62,53.88,0.47,1,Good
Bandung,2026-01-31 12:00:00,6.1,8.68,163.34,0.64,48.61,0.41,1,Good
Bandung,2026-01-31 13:00:00,4.54,6.47,158.44,0.61,43.1,0.34,1,Good
Bandung,2026-01-31 14:00:00,3.37,4.83,152.04,0.6,38.48,0.28,1,Good
Bandung,2026-01-31 15:00:00,2.58,3.8,145.34,0.57,35.06,0.23,1,Good
Bandung,2026-01-31 16:00:00,2.04,3.06,139.14,0.54,32.4,0.19,1,Good
Bandung,2026-01-31 17:00:00,1.71,2.7,133.86,0.51,30.36,0.17,1,Good
Bandung,2026-01-31 18:00:00,1.54,2.59,128.93,0.5,28.69,0.15,1,Good
Bandung,2026-01-31 19:00:00,1.46,2.59,123.15,0.48,27.07,0.14,1,Good
Bandung,2026-01-31 20:00:00,1.43,2.66,117.65,0.47,25.7,0.13,1,Good
Bandung,2026-01-31 21:00:00,1.44,2.75,113.74,0.46,24.56,0.13,1,Good
Bandung,2026-01-31 22:00:00,1.46,2.76,111.97,0.48,23.63,0.14,1,Good
Bandung,2026-01-31 23:00:00,1.46,2.65,111.63,0.51,22.85,0.14,1,Good
Bandung,2026-02-01 00:00:00,1.4,2.47,111.65,0.54,22.21,0.13,1,Good
Bandung,2026-02-01 01:00:00,1.29,2.27,111.89,0.53,21.85,0.12,1,Good
Bandung,2026-02-01 02:00:00,1.2,2.21,112.07,0.5,21.82,0.12,1,Good
Bandung,2026-02-01 03:00:00,1.11,2.26,112.77,0.45,22.1,0.11,1,Good
Bandung,2026-02-01 04:00:00,1.02,2.24,114.12,0.4,22.74,0.1,1,Good
Bandung,2026-02-01 05:00:00,0.94,2.07,117.45,0.35,23.82,0.1,1,Good
Bandung,2026-02-01 06:00:00,0.89,1.92,121.53,0.31,25.25,0.1,1,Good
Bandung,2026-02-01 07:00:00,0.86,2.07,125.38,0.23,27.23,0.11,1,Good
Bandung,2026-02-01 08:00:00,0.89,2.4,128.95,0.22,28.85,0.12,1,Good
Bandung,2026-02-01 09:00:00,0.93,2.67,132.75,0.22,30.05,0.13,1,Good
Bandung,2026-02-01 10:00:00,0.87,2.52,136.39,0.24,30.99,0.13,1,Good
Bandung,2026-02-01 11:00:00,0.78,2.29,138.44,0.26,31.24,0.13,1,Good
Bandung,2026-02-01 12:00:00,0.72,2.17,138.96,0.27,31.06,0.13,1,Good
Bandung,2026-02-01 13:00:00,0.69,2.05,137.64,0.28,30.58,0.13,1,Good
Bandung,2026-02-01 14:00:00,0.68,1.97,135.12,0.27,29.79,0.12,1,Good
Bandung,2026-02-01 15:00:00,0.67,1.96,132.71,0.26,29.1,0.12,1,Good
Bandung,2026-02-01 16:00:00,0.67,1.95,131.26,0.26,28.5,0.11,1,Good
Bandung,2026-02-01 17:00:00,0.68,1.99,130.52,0.27,28.11,0.1,1,Good
Bandung,2026-02-01 18:00:00,0.68,2.05,130.65,0.28,27.85,0.1,1,Good
Bandung,2026-02-01 19:00:00,0.7,2.19,131.49,0.29,27.71,0.1,1,Good
Bandung,2026-02-01 20:00:00,0.78,2.41,133.36,0.32,27.57,0.11,1,Good
Bandung,2026-02-01 21:00:00,0.86,2.54,135.36,0.36,27.3,0.12,1,Good
Bandung,2026-02-01 22:00:00,0.97,2.55,138.72,0.43,26.86,0.13,1,Good
Bandung,2026-02-01 23:00:00,1.1,2.54,143.79,0.52,26.44,0.14,1,Good
Bandung,2026-02-02 00:00:00,1.15,2.46,147.12,0.57,26.27,0.14,1,Good
Bandung,2026-02-02 01:00:00,1.13,2.28,148.19,0.55,26.24,0.14,1,Good
Bandung,2026-02-02 02:00:00,1.11,2.11,148.88,0.51,26.71,0.13,1,Good
Bandung,2026-02-02 03:00:00,1.11,1.96,148.51,0.45,27.69,0.12,1,Good
Bandung,2026-02-02 04:00:00,1.01,1.75,144.89,0.3,29.27,0.1,1,Good
Bandung,2026-02-02 05:00:00,0.96,1.77,142.35,0.21,30.2,0.1,1,Good
Bandung,2026-02-02 06:00:00,1.09,2.01,141.47,0.16,30.96,0.1,1,Good
Bandung,2026-02-02 07:00:00,1.57,2.68,143.8,0.17,32.56,0.13,1,Good
Bandung,2026-02-02 08:00:00,2.48,3.73,150.05,0.23,35.25,0.19,1,Good
Bandung,2026-02-02 09:00:00,3.3,4.62,156.87,0.32,37.63,0.24,1,Good
Bandung,2026-02-02 10:00:00,3.71,4.92,158.95,0.4,38.16,0.27,1,Good
Bandung,2026-02-02 11:00:00,3.87,4.97,160.1,0.47,37.87,0.28,1,Good
Bandung,2026-02-02 12:00:00,3.9,4.94,162.37,0.52,37.69,0.28,1,Good
Bandung,2026-02-02 13:00:00,4.04,5.13,167.54,0.6,37.95,0.29,1,Good
Bandung,2026-02-02 14:00:00,4.36,5.66,175.75,0.7,38.82,0.32,1,Good
Bandung,2026-02-02 15:00:00,4.6,6.1,183.34,0.79,39.73,0.34,1,Good
Bandung,2026-02-02 16:00:00,4.75,6.35,190.09,0.9,40.39,0.38,1,Good
Bandung,2026-02-02 17:00:00,5.01,6.73,198.34,1.05,40.7,0.44,1,Good
Bandung,2026-02-02 18:00:00,5.29,7.16,207.29,1.22,40.73,0.51,1,Good
Bandung,2026-02-02 19:00:00,5.3,7.0,211.97,1.31,40.46,0.54,1,Good
Bandung,2026-02-02 20:00:00,5.07,6.53,210.41,1.31,39.44,0.52,1,Good
Bandung,2026-02-02 21:00:00,4.85,6.15,206.61,1.29,38.06,0.49,1,Good
Bandung,2026-02-02 22:00:00,4.14,5.41,194.31,1.15,36.1,0.42,1,Good
Bandung,2026-02-02 23:00:00,3.5,4.81,181.38,1.04,33.72,0.38,1,Good
Bandung,2026-02-03 00:00:00,3.1,4.41,172.34,1.01,31.59,0.36,1,Good
Bandung,2026-02-03 01:00:00,3.02,4.23,168.94,1.07,30.21,0.38,1,Good
Bandung,2026-02-03 02:00:00,3.1,4.17,169.67,1.11,29.89,0.4,1,Good
Bandung,2026-02-03 03:00:00,3.02,3.93,169.98,1.03,30.52,0.37,1,Good
Bandung,2026-02-03 04:00:00,2.94,3.75,171.53,0.9,32.14,0.34,1,Good
Bandung,2026-02-03 05:00:00,2.88,3.73,171.63,0.73,34.25,0.32,1,Good
Bandung,2026-02-03 06:00:00,2.93,3.86,170.25,0.57,36.18,0.3,1,Good
Bandung,2026-02-03 07:00:00,3.15,4.26,167.67,0.46,37.54,0.28,1,Good
Bandung,2026-02-03 08:00:00,3.22,4.45,163.6,0.43,37.56,0.27,1,Good
Bandung,2026-02-03 09:00:00,3.15,4.42,160.3,0.47,36.62,0.26,1,Good
Bandung,2026-02-03 10:00:00,2.75,3.87,155.59,0.51,34.68,0.23,1,Good
Bandung,2026-02-03 11:00:00,2.2,3.16,149.52,0.51,31.79,0.19,1,Good
Bandung,2026-02-03 12:00:00,1.83,2.7,143.96,0.51,29.31,0.16,1,Good
Bandung,2026-02-03 13:00:00,1.6,2.41,138.43,0.5,27.17,0.14,1,Good
Bandung,2026-02-03 14:00:00,1.43,2.16,133.71,0.49,25.48,0.13,1,Good
Bandung,2026-02-03 15:00:00,1.3,1.92,129.04,0.47,24.1,0.11,1,Good
Bandung,2026-02-03 16:00:00,1.33,1.83,127.21,0.5,22.99,0.11,1,Good
Bandung,2026-02-03 17:00:00,1.45,1.88,127.91,0.54,22.19,0.11,1,Good
Bandung,2026-02-03 18:00:00,1.49,1.89,127.5,0.55,21.57,0.1,1,Good
Bandung,2026-02-03 19:00:00,1.46,1.84,124.88,0.51,20.91,0.09,1,Good
Bandung,2026-02-03 20:00:00,1.4,1.81,122.0,0.48,20.28,0.09,1,Good
Bandung,2026-02-03 21:00:00,1.36,1.84,119.65,0.46,19.63,0.08,1,Good
Bandung,2026-02-03 22:00:00,1.31,1.83,116.93,0.44,19.11,0.08,1,Good
Bandung,2026-02-03 23:00:00,1.29,1.81,115.39,0.44,18.65,0.08,1,Good
Bandung,2026-02-04 00:00:00,1.3,1.82,115.02,0.46,18.18,0.09,1,Good
Bandung,2026-02-04 01:00:00,1.34,1.86,115.31,0.42,18.24,0.1,1,Good
Bandung,2026-02-04 02:00:00,1.4,1.96,113.66,0.35,19.07,0.1,1,Good
Bandung,2026-02-04 03:00:00,0.0,0.0,108.66,0.26,20.23,0.09,1,Good
Bandung,2026-02-04 04:00:00,1.36,2.12,102.48,0.19,21.03,0.08,1,Good
Bandung,2026-02-04 05:00:00,1.24,2.23,96.5,0.16,20.98,0.08,1,Good
Bandung,2026-02-04 06:00:00,1.12,2.4,92.41,0.15,20.75,0.09,1,Good
Bandung,2026-02-04 07:00:00,0.99,2.53,90.56,0.14,20.51,0.1,1,Good
Bandung,2026-02-04 08:00:00,0.89,2.52,91.7,0.15,20.38,0.11,1,Good
Bandung,2026-02-04 09:00:00,0.84,2.52,95.64,0.19,20.43,0.13,1,Good
Bandung,2026-02-04 10:00:00,0.0,0.0,100.65,0.27,20.35,0.14,1,Good
Bandung,2026-02-04 11:00:00,0.73,2.03,106.08,0.37,19.96,0.15,1,Good
Bandung,2026-02-04 12:00:00,0.72,1.89,112.0,0.45,19.69,0.17,1,Good
Bandung,2026-02-04 13:00:00,0.75,1.83,117.41,0.53,19.54,0.18,1,Good
Bandung,2026-02-04 14:00:00,0.79,1.86,121.81,0.58,19.53,0.17,1,Good
Bandung,2026-02-04 15:00:00,0.84,1.93,126.03,0.6,19.73,0.17,1,Good
Bandung,2026-02-04 16:00:00,0.92,2.02,131.12,0.64,19.94,0.16,1,Good
Bandung,2026-02-04 17:00:00,1.01,2.1,137.42,0.71,20.27,0.15,1,Good
Bandung,2026-02-04 18:00:00,1.08,2.16,143.2,0.75,20.65,0.14,1,Good
Bandung,2026-02-04 19:00:00,1.14,2.21,148.08,0.79,20.98,0.14,1,Good
Bandung,2026-02-04 20:00:00,1.2,2.29,152.37,0.83,21.2,0.15,1,Good
Bandung,2026-02-04 21:00:00,1.24,2.36,155.35,0.84,21.39,0.16,1,Good
Bandung,2026-02-04 22:00:00,1.1,2.26,153.89,0.68,21.98,0.15,1,Good
Bandung,2026-02-04 23:00:00,1.08,2.34,154.55,0.58,22.39,0.15,1,Good
Bandung,2026-02-05 00:00:00,1.09,2.41,155.98,0.51,22.67,0.16,1,Good
Bandung,2026-02-05 01:00:00,1.1,2.5,156.99,0.38,23.28,0.16,1,Good
Bandung,2026-02-05 02:00:00,1.08,2.53,157.76,0.29,24.41,0.15,1,Good
Bandung,2026-02-05 03:00:00,1.05,2.52,158.52,0.22,25.77,0.13,1,Good
Bandung,2026-02-05 04:00:00,1.07,2.62,160.67,0.17,26.96,0.13,1,Good
Bandung,2026-02-05 05:00:00,1.13,2.83,162.72,0.14,27.86,0.13,1,Good
Bandung,2026-02-05 06:00:00,1.15,2.92,163.48,0.11,28.08,0.13,1,Good
Bandung,2026-02-05 07:00:00,1.11,2.79,163.17,0.1,27.69,0.12,1,Good
Bandung,2026-02-05 08:00:00,1.1,2.69,163.14,0.12,27.03,0.12,1,Good
Bandung,2026-02-05 09:00:00,1.12,2.68,163.57,0.16,26.32,0.13,1,Good
Bandung,2026-02-05 10:00:00,1.14,2.66,164.49,0.22,25.58,0.13,1,Good
Bandung,2026-02-05 11:00:00,1.16,2.64,166.66,0.29,24.97,0.14,1,Good
Bandung,2026-02-05 12:00:00,1.17,2.61,169.77,0.34,24.54,0.15,1,Good
Bandung,2026-02-05 13:00:00,1.17,2.55,172.87,0.38,24.21,0.15,1,Good
Bandung,2026-02-05 14:00:00,1.17,2.49,175.8,0.39,24.03,0.15,1,Good
Bandung,2026-02-05 15:00:00,1.14,2.37,177.44,0.38,23.87,0.14,1,Good
Bandung,2026-02-05 16:00:00,1.08,2.19,177.86,0.35,23.7,0.13,1,Good
Bandung,2026-02-05 17:00:00,1.0,2.04,178.05,0.33,23.7,0.11,1,Good
Bandung,2026-02-05 18:00:00,0.94,1.94,179.31,0.3,23.79,0.1,1,Good
Bandung,2026-02-05 19:00:00,0.91,1.97,181.79,0.28,23.98,0.09,1,Good
Bandung,2026-02-05 20:00:00,0.93,2.11,184.49,0.3,23.92,0.1,1,Good
Bandung,2026-02-05 21:00:00,0.96,2.29,186.25,0.32,23.69,0.1,1,Good
Bandung,2026-02-05 22:00:00,0.97,2.25,187.06,0.33,23.36,0.11,1,Good
Bandung,2026-02-05 23:00:00,0.93,2.11,185.24,0.32,22.93,0.1,1,Good
Bandung,2026-02-06 00:00:00,0.89,1.97,181.83,0.31,22.4,0.1,1,Good
Bandung,2026-02-06 01:00:00,0.8,1.78,177.72,0.3,21.81,0.1,1,Good
Bandung,2026-02-06 02:00:00,0.78,1.71,174.28,0.32,21.33,0.1,1,Good
Bandung,2026-02-06 03:00:00,0.78,1.71,170.13,0.32,21.1,0.1,1,Good
Bandung,2026-02-06 04:00:00,0.86,1.88,165.31,0.29,21.15,0.11,1,Good
Bandung,2026-02-06 05:00:00,0.99,2.15,160.84,0.26,21.41,0.12,1,Good
Bandung,2026-02-06 06:00:00,1.08,2.34,157.5,0.24,21.79,0.12,1,Good
Bandung,2026-02-06 07:00:00,1.05,2.32,154.03,0.22,21.93,0.11,1,Good
Bandung,2026-02-06 08:00:00,1.01,2.3,151.88,0.22,21.74,0.11,1,Good
Bandung,2026-02-06 09:00:00,1.02,2.33,151.32,0.23,21.65,0.11,1,Good
Bandung,2026-02-06 10:00:00,1.03,2.4,151.36,0.24,21.67,0.11,1,Good
Bandung,2026-02-06 11:00:00,1.07,2.47,152.58,0.27,21.66,0.12,1,Good
Bandung,2026-02-06 12:00:00,1.06,2.41,154.27,0.29,21.75,0.13,1,Good
Bandung,2026-02-06 13:00:00,1.06,2.5,155.93,0.3,21.97,0.13,1,Good
Bandung,2026-02-06 14:00:00,1.04,2.5,157.2,0.31,22.3,0.13,1,Good
Bandung,2026-02-06 15:00:00,0.99,2.35,157.36,0.32,22.59,0.12,1,Good
Bandung,2026-02-06 16:00:00,0.91,2.02,156.98,0.35,22.68,0.11,1,Good
Bandung,2026-02-06 17:00:00,0.89,1.91,156.38,0.39,22.61,0.11,1,Good
Bandung,2026-02-06 18:00:00,0.91,1.93,155.71,0.42,22.51,0.11,1,Good
Bandung,2026-02-06 19:00:00,0.97,2.06,155.2,0.44,22.39,0.11,1,Good
Bandung,2026-02-06 20:00:00,1.06,2.27,154.97,0.46,22.31,0.13,1,Good
Bandung,2026-02-06 21:00:00,1.12,2.46,155.15,0.46,22.32,0.13,1,Good
Bandung,2026-02-06 22:00:00,1.09,2.47,154.7,0.43,22.45,0.13,1,Good
Bandung,2026-02-06 23:00:00,1.04,2.43,154.0,0.41,22.53,0.12,1,Good
Bandung,2026-02-07 00:00:00,1.0,2.37,153.05,0.41,22.55,0.12,1,Good
Bandung,2026-02-07 01:00:00,0.95,2.32,152.1,0.42,22.49,0.12,1,Good
Bandung,2026-02-07 02:00:00,0.93,2.3,150.44,0.39,22.52,0.12,1,Good
Bandung,2026-02-07 03:00:00,0.92,2.29,148.19,0.3,22.75,0.11,1,Good
Bandung,2026-02-07 04:00:00,0.92,2.25,146.55,0.24,23.44,0.11,1,Good
Bandung,2026-02-07 05:00:00,0.96,2.34,144.88,0.22,23.81,0.11,1,Good
Bandung,2026-02-07 06:00:00,1.0,2.48,142.44,0.21,23.83,0.1,1,Good
Bandung,2026-02-07 07:00:00,1.02,2.65,139.82,0.19,23.7,0.1,1,Good
Bandung,2026-02-07 08:00:00,1.02,2.76,137.34,0.19,23.66,0.1,1,Good
Bandung,2026-02-07 09:00:00,1.0,2.77,135.22,0.19,23.7,0.1,1,Good
Bandung,2026-02-07 10:00:00,1.0,2.91,133.32,0.18,23.72,0.1,1,Good
Bandung,2026-02-07 11:00:00,1.08,3.2,132.97,0.19,23.62,0.11,1,Good
Bandung,2026-02-07 12:00:00,1.17,3.4,133.39,0.2,23.51,0.12,1,Good
Bandung,2026-02-07 13:00:00,1.24,3.36,134.54,0.23,23.36,0.13,1,Good
Bandung,2026-02-07 14:00:00,1.3,3.35,135.91,0.25,23.22,0.13,1,Good
Bandung,2026-02-07 15:00:00,1.31,3.3,135.7,0.25,23.08,0.12,1,Good
Bandung,2026-02-07 16:00:00,1.27,3.24,132.99,0.24,22.73,0.12,1,Good
Bandung,2026-02-07 17:00:00,1.22,3.04,130.85,0.24,22.41,0.11,1,Good
Bandung,2026-02-07 18:00:00,1.19,2.83,129.24,0.25,22.12,0.11,1,Good
Bandung,2026-02-07 19:00:00,1.18,2.63,128.84,0.26,21.89,0.1,1,Good
Bandung,2026-02-07 20:00:00,1.17,2.54,129.06,0.26,21.62,0.1,1,Good
Bandung,2026-02-07 21:00:00,1.15,2.52,130.46,0.27,21.36,0.1,1,Good
Bandung,2026-02-07 22:00:00,1.16,2.66,132.23,0.28,21.04,0.11,1,Good
Bandung,2026-02-07 23:00:00,1.18,2.91,134.16,0.29,20.64,0.12,1,Good
Bandung,2026-02-08 00:00:00,1.21,3.15,136.26,0.32,20.37,0.13,1,Good
Bandung,2026-02-08 01:00:00,1.23,3.31,138.81,0.34,20.25,0.14,1,Good
Bandung,2026-02-08 02:00:00,1.22,3.31,141.51,0.35,20.49,0.15,1,Good
Bandung,2026-02-08 03:00:00,1.17,3.11,143.45,0.3,21.13,0.14,1,Good
Bandung,2026-02-08 04:00:00,1.11,2.95,146.17,0.28,22.2,0.13,1,Good
Bandung,2026-02-08 05:00:00,1.15,3.07,148.5,0.29,23.28,0.14,1,Good
Bandung,2026-02-08 06:00:00,1.2,3.15,149.65,0.29,24.33,0.15,1,Good
Bandung,2026-02-08 07:00:00,1.14,2.96,149.9,0.28,25.13,0.14,1,Good
Bandung,2026-02-08 08:00:00,1.05,2.74,147.81,0.26,25.33,0.13,1,Good
Bandung,2026-02-08 09:00:00,1.01,2.66,145.73,0.25,25.18,0.13,1,Good
Bandung,2026-02-08 10:00:00,0.91,2.54,143.15,0.23,24.52,0.12,1,Good
Bandung,2026-02-08 11:00:00,0.89,2.49,142.52,0.25,23.72,0.12,1,Good
Bandung,2026-02-08 12:00:00,0.88,2.45,142.6,0.27,23.02,0.12,1,Good
Bandung,2026-02-08 13:00:00,0.94,2.77,142.52,0.29,22.44,0.13,1,Good
Bandung,2026-02-08 14:00:00,1.03,3.26,142.24,0.3,22.02,0.14,1,Good
Bandung,2026-02-08 15:00:00,1.08,3.45,141.67,0.29,21.7,0.14,1,Good
Bandung,2026-02-08 16:00:00,1.08,3.18,141.67,0.3,21.41,0.13,1,Good
Bandung,2026-02-08 17:00:00,1.07,2.86,142.07,0.31,21.19,0.12,1,Good
Bandung,2026-02-08 18:00:00,1.06,2.62,143.18,0.32,21.04,0.12,1,Good
Bandung,2026-02-08 19:00:00,1.08,2.47,145.51,0.35,20.88,0.14,1,Good
Bandung,2026-02-08 20:00:00,1.16,2.63,148.12,0.39,20.79,0.16,1,Good
Bandung,2026-02-08 21:00:00,1.26,2.89,149.44,0.41,20.83,0.17,1,Good
Bandung,2026-02-08 22:00:00,1.42,3.29,152.0,0.47,20.8,0.19,1,Good
Bandung,2026-02-08 23:00:00,1.67,3.75,156.27,0.59,20.62,0.21,1,Good
Bandung,2026-02-09 00:00:00,2.01,4.18,160.37,0.69,20.63,0.26,1,Good
Bandung,2026-02-09 01:00:00,2.44,4.74,163.72,0.7,21.1,0.32,1,Good
Bandung,2026-02-09 02:00:00,2.91,5.17,165.79,0.8,22.05,0.4,1,Good
Bandung,2026-02-09 03:00:00,3.41,5.49,164.29,0.94,23.42,0.5,1,Good
Bandung,2026-02-09 04:00:00,4.07,5.98,163.35,0.85,27.38,0.63,1,Good
Bandung,2026-02-09 05:00:00,4.73,6.98,165.01,0.77,32.65,0.7,1,Good
Bandung,2026-02-09 06:00:00,5.06,7.82,170.11,0.68,36.91,0.7,1,Good
Bandung,2026-02-09 07:00:00,4.65,7.42,174.92,0.72,38.55,0.66,1,Good
Bandung,2026-02-09 08:00:00,4.07,6.36,178.28,0.77,38.75,0.6,1,Good
Bandung,2026-02-09 09:00:00,3.71,5.52,179.19,0.81,38.7,0.56,1,Good
Bandung,2026-02-09 10:00:00,3.12,4.66,175.34,0.78,37.25,0.47,1,Good
Bandung,2026-02-09 11:00:00,2.69,4.28,171.26,0.78,35.19,0.42,1,Good
Bandung,2026-02-09 12:00:00,2.42,4.07,168.12,0.77,33.19,0.39,1,Good
Bandung,2026-02-09 13:00:00,2.19,3.78,164.91,0.77,31.25,0.36,1,Good
Bandung,2026-02-09 14:00:00,1.97,3.43,161.63,0.75,29.28,0.31,1,Good
Bandung,2026-02-09 15:00:00,1.77,3.13,158.23,0.73,27.35,0.28,1,Good
Bandung,2026-02-09 16:00:00,1.66,2.87,155.71,0.74,25.54,0.26,1,Good
Bandung,2026-02-09 17:00:00,1.59,2.81,153.03,0.75,24.09,0.25,1,Good
Bandung,2026-02-09 18:00:00,1.57,2.84,150.4,0.73,22.93,0.22,1,Good
Bandung,2026-02-09 19:00:00,1.57,2.88,147.09,0.69,21.94,0.2,1,Good
Bandung,2026-02-09 20:00:00,1.61,2.85,144.94,0.65,21.34,0.18,1,Good
Bandung,2026-02-09 21:00:00,1.64,2.77,142.8,0.61,21.01,0.16,1,Good
Bandung,2026-02-09 22:00:00,1.66,2.62,140.98,0.58,20.86,0.14,1,Good
Bandung,2026-02-09 23:00:00,1.72,2.58,140.09,0.58,20.72,0.13,1,Good
Bandung,2026-02-10 00:00:00,1.81,2.62,140.13,0.6,20.61,0.13,1,Good
Bandung,2026-02-10 01:00:00,1.92,2.73,139.38,0.63,20.62,0.13,1,Good
Bandung,2026-02-10 02:00:00,1.96,2.81,137.48,0.57,20.95,0.12,1,Good
Bandung,2026-02-10 03:00:00,1.89,2.78,133.23,0.45,21.7,0.11,1,Good
Bandung,2026-02-10 04:00:00,1.86,2.9,129.48,0.34,22.66,0.11,1,Good
Bandung,2026-02-10 05:00:00,1.84,2.96,127.12,0.29,23.44,0.12,1,Good
Bandung,2026-02-10 06:00:00,1.83,2.88,126.23,0.27,24.22,0.13,1,Good
Bandung,2026-02-10 07:00:00,1.65,2.46,125.15,0.24,24.82,0.12,1,Good
Bandung,2026-02-10 08:00:00,1.33,2.03,120.96,0.2,24.44,0.1,1,Good
Bandung,2026-02-10 09:00:00,1.06,1.71,116.78,0.17,23.95,0.09,1,Good
Bandung,2026-02-10 10:00:00,0.87,1.46,114.13,0.16,23.43,0.08,1,Good
Bandung,2026-02-10 11:00:00,0.79,1.39,114.2,0.18,22.86,0.08,1,Good
Bandung,2026-02-10 12:00:00,0.82,1.47,116.6,0.24,22.38,0.1,1,Good
Bandung,2026-02-10 13:00:00,0.88,1.54,119.54,0.32,21.9,0.12,1,Good
Bandung,2026-02-10 14:00:00,0.89,1.58,121.34,0.36,21.42,0.12,1,Good
Bandung,2026-02-10 15:00:00,0.89,1.56,122.19,0.39,20.92,0.12,1,Good
Bandung,2026-02-10 16:00:00,0.9,1.56,122.77,0.4,20.48,0.11,1,Good
Bandung,2026-02-10 17:00:00,0.94,1.58,123.76,0.4,20.19,0.11,1,Good
Bandung,2026-02-10 18:00:00,0.96,1.58,124.29,0.4,19.88,0.1,1,Good
Bandung,2026-02-10 19:00:00,0.97,1.6,124.29,0.39,19.55,0.09,1,Good
Bandung,2026-02-10 20:00:00,0.97,1.63,123.48,0.38,19.22,0.09,1,Good
Bandung,2026-02-10 21:00:00,0.97,1.65,122.37,0.38,18.94,0.09,1,Good
Bandung,2026-02-10 22:00:00,0.94,1.59,121.0,0.37,18.83,0.09,1,Good
Bandung,2026-02-10 23:00:00,0.92,1.53,119.83,0.35,18.79,0.08,1,Good
Bandung,2026-02-11 00:00:00,0.83,1.42,117.66,0.32,18.81,0.08,1,Good
Bandung,2026-02-11 01:00:00,0.73,1.39,113.16,0.28,18.77,0.07,1,Good
Bandung,2026-02-11 02:00:00,0.66,1.33,109.05,0.23,18.96,0.07,1,Good
Bandung,2026-02-11 03:00:00,0.61,1.18,104.91,0.17,19.42,0.06,1,Good
Bandung,2026-02-11 04:00:00,0.56,0.8,102.77,0.11,20.31,0.04,1,Good
Bandung,2026-02-11 05:00:00,0.56,0.67,100.87,0.09,20.63,0.04,1,Good
Bandung,2026-02-11 06:00:00,0.55,0.66,98.88,0.07,20.76,0.03,1,Good
Bandung,2026-02-11 07:00:00,0.53,0.63,97.09,0.06,20.8,0.03,1,Good
Bandung,2026-02-11 08:00:00,0.5,0.66,94.7,0.07,20.97,0.03,1,Good
Bandung,2026-02-11 09:00:00,0.5,0.7,92.66,0.08,21.39,0.03,1,Good
Bandung,2026-02-11 10:00:00,0.5,0.73,91.09,0.13,22.01,0.04,1,Good
Bandung,2026-02-11 11:00:00,0.52,0.77,91.32,0.21,22.58,0.06,1,Good
Bandung,2026-02-11 12:00:00,0.57,0.84,93.89,0.32,22.97,0.1,1,Good
Bandung,2026-02-11 13:00:00,0.61,0.85,97.51,0.42,22.78,0.12,1,Good
Bandung,2026-02-11 14:00:00,0.63,0.85,102.12,0.49,22.21,0.13,1,Good
Bandung,2026-02-11 15:00:00,0.65,0.88,105.51,0.53,21.76,0.12,1,Good
Bandung,2026-02-11 16:00:00,0.84,1.18,113.8,0.77,21.23,0.14,1,Good
Bandung,2026-02-11 17:00:00,1.09,1.6,122.02,1.02,21.1,0.15,1,Good
Bandung,2026-02-11 18:00:00,1.26,1.84,123.87,1.07,21.27,0.14,1,Good
Bandung,2026-02-11 19:00:00,1.3,1.98,120.36,0.97,21.61,0.13,1,Good
Bandung,2026-02-11 20:00:00,1.29,2.09,114.25,0.83,22.02,0.11,1,Good
Bandung,2026-02-11 21:00:00,1.22,2.13,106.74,0.66,22.49,0.1,1,Good
Bandung,2026-02-11 22:00:00,0.95,1.81,95.63,0.38,23.09,0.08,1,Good
Bandung,2026-02-11 23:00:00,0.95,1.77,95.36,0.36,22.95,0.08,1,Good
Bandung,2026-02-12 00:00:00,0.97,1.74,98.38,0.41,22.44,0.09,1,Good
Bandung,2026-02-12 01:00:00,0.94,1.75,101.2,0.43,21.82,0.1,1,Good
Bandung,2026-02-12 02:00:00,0.85,1.61,100.42,0.37,21.61,0.09,1,Good
Bandung,2026-02-12 03:00:00,0.73,1.37,97.6,0.26,21.75,0.07,1,Good
Bandung,2026-02-12 04:00:00,0.61,1.09,95.91,0.16,21.79,0.06,1,Good
Bandung,2026-02-12 05:00:00,0.55,0.92,96.14,0.12,21.26,0.04,1,Good
Bandung,2026-02-12 06:00:00,0.54,0.85,97.54,0.1,20.72,0.04,1,Good
Bandung,2026-02-12 07:00:00,0.52,0.83,99.8,0.12,20.07,0.05,1,Good
Bandung,2026-02-12 08:00:00,0.51,0.92,104.42,0.17,19.15,0.06,1,Good
Bandung,2026-02-12 09:00:00,0.54,1.11,111.53,0.27,18.22,0.09,1,Good
Bandung,2026-02-12 10:00:00,0.58,1.27,118.53,0.35,17.41,0.1,1,Good
Bandung,2026-02-12 11:00:00,0.62,1.32,126.09,0.42,16.89,0.11,1,Good
Bandung,2026-02-12 12:00:00,0.66,1.37,134.09,0.47,16.78,0.11,1,Good
Bandung,2026-02-12 13:00:00,0.7,1.4,141.32,0.52,16.97,0.1,1,Good
Bandung,2026-02-12 14:00:00,0.75,1.46,147.96,0.54,17.34,0.1,1,Good
Bandung,2026-02-12 15:00:00,0.8,1.51,152.09,0.53,17.71,0.1,1,Good
Bandung,2026-02-12 16:00:00,0.82,1.56,153.43,0.5,17.89,0.09,1,Good
Bandung,2026-02-12 17:00:00,0.82,1.59,153.24,0.47,17.98,0.09,1,Good
Bandung,2026-02-12 18:00:00,0.79,1.62,152.93,0.44,18.17,0.09,1,Good
Bandung,2026-02-12 19:00:00,0.79,1.74,152.93,0.39,18.63,0.09,1,Good
Bandung,2026-02-12 20:00:00,0.79,1.77,154.3,0.37,19.29,0.09,1,Good
Bandung,2026-02-12 21:00:00,0.79,1.77,157.48,0.36,20.2,0.09,1,Good
Bandung,2026-02-12 22:00:00,0.8,1.74,162.19,0.35,21.52,0.09,1,Good
Bandung,2026-02-12 23:00:00,0.78,1.69,166.73,0.33,23.19,0.1,1,Good
Bandung,2026-02-13 00:00:00,0.79,1.65,172.51,0.33,25.08,0.1,1,Good
Bandung,2026-02-13 01:00:00,0.83,1.82,178.58,0.38,26.87,0.12,1,Good
Bandung,2026-02-13 02:00:00,0.96,2.2,184.24,0.43,28.52,0.15,1,Good
Bandung,2026-02-13 03:00:00,1.12,2.6,187.83,0.41,30.84,0.17,1,Good
Bandung,2026-02-13 04:00:00,1.38,2.99,190.21,0.29,35.26,0.18,1,Good
Bandung,2026-02-13 05:00:00,1.67,3.34,189.68,0.22,39.49,0.18,1,Good
Bandung,2026-02-13 06:00:00,1.98,3.76,187.76,0.18,42.68,0.19,1,Good
Bandung,2026-02-13 07:00:00,2.35,4.36,186.1,0.17,45.63,0.22,1,Good
Bandung,2026-02-13 08:00:00,2.74,5.06,184.58,0.18,48.42,0.28,1,Good
Bandung,2026-02-13 09:00:00,3.01,5.56,183.87,0.2,50.48,0.35,1,Good
Bandung,2026-02-13 10:00:00,2.99,5.55,184.0,0.28,51.31,0.43,1,Good
Bandung,2026-02-13 11:00:00,2.98,5.33,187.86,0.41,50.43,0.52,1,Good
Bandung,2026-02-13 12:00:00,3.29,5.39,198.01,0.6,49.27,0.63,1,Good
Bandung,2026-02-13 13:00:00,3.77,5.69,210.42,0.88,48.1,0.71,1,Good
Bandung,2026-02-13 14:00:00,4.0,5.78,218.32,1.09,47.27,0.72,1,Good
Bandung,2026-02-13 15:00:00,3.95,5.56,221.11,1.15,46.49,0.69,1,Good
Bandung,2026-02-13 16:00:00,3.81,5.28,220.25,1.1,45.57,0.64,1,Good
Bandung,2026-02-13 17:00:00,3.74,5.18,217.96,1.0,45.01,0.6,1,Good
Bandung,2026-02-13 18:00:00,3.69,5.14,214.28,0.87,44.69,0.57,1,Good
Bandung,2026-02-13 19:00:00,3.7,4.97,211.17,0.73,44.75,0.59,1,Good
Bandung,2026-02-13 20:00:00,4.16,5.42,214.48,0.71,44.88,0.6,1,Good
Bandung,2026-02-13 21:00:00,4.67,6.06,218.5,0.71,45.25,0.59,1,Good
Bandung,2026-02-13 22:00:00,5.05,6.52,219.98,0.71,45.27,0.55,1,Good
Bandung,2026-02-13 23:00:00,5.19,6.53,220.79,0.71,44.95,0.51,1,Good
Bandung,2026-02-14 00:00:00,5.06,6.23,219.71,0.74,44.24,0.48,1,Good
Bandung,2026-02-14 01:00:00,4.82,5.88,215.38,0.75,43.81,0.44,1,Good
Bandung,2026-02-14 02:00:00,4.71,5.72,211.56,0.65,44.38,0.42,1,Good
Bandung,2026-02-14 03:00:00,4.83,5.79,207.74,0.48,46.54,0.38,1,Good
Bandung,2026-02-14 04:00:00,4.91,5.85,203.49,0.36,49.53,0.36,1,Good
Bandung,2026-02-14 05:00:00,4.63,5.75,199.01,0.33,51.03,0.33,1,Good
Bandung,2026-02-14 06:00:00,4.17,5.67,195.79,0.34,52.06,0.29,1,Good
Bandung,2026-02-14 07:00:00,3.54,5.47,190.12,0.36,52.51,0.24,1,Good
Bandung,2026-02-14 08:00:00,3.0,4.87,184.81,0.36,52.84,0.2,1,Good
Bandung,2026-02-14 09:00:00,2.51,4.15,179.86,0.35,52.75,0.16,1,Good
Bandung,2026-02-14 10:00:00,2.08,3.44,176.22,0.33,52.56,0.14,1,Good
Bandung,2026-02-14 11:00:00,1.78,3.0,174.04,0.32,52.32,0.13,1,Good
Bandung,2026-02-14 12:00:00,1.56,2.67,173.45,0.32,52.21,0.13,1,Good
Bandung,2026-02-14 13:00:00,1.45,2.47,173.96,0.33,52.13,0.13,1,Good
Bandung,2026-02-14 14:00:00,1.43,2.43,177.53,0.39,51.96,0.15,1,Good
Bandung,2026-02-14 15:00:00,1.45,2.44,181.15,0.44,51.8,0.15,1,Good
Bandung,2026-02-14 16:00:00,1.41,2.37,183.96,0.46,51.71,0.15,1,Good
Bandung,2026-02-14 17:00:00,1.29,2.2,183.71,0.42,52.17,0.12,1,Good
Bandung,2026-02-14 18:00:00,1.15,2.03,181.71,0.36,52.99,0.1,1,Good
Bandung,2026-02-14 19:00:00,1.01,1.86,179.48,0.29,54.06,0.08,1,Good
Bandung,2026-02-14 20:00:00,0.93,1.74,179.1,0.27,54.95,0.08,1,Good
Bandung,2026-02-14 21:00:00,0.87,1.64,179.12,0.26,55.78,0.07,1,Good
Bandung,2026-02-14 22:00:00,0.84,1.59,179.08,0.26,56.36,0.07,1,Good
Bandung,2026-02-14 23:00:00,0.84,1.63,179.62,0.27,56.91,0.07,1,Good
Bandung,2026-02-15 00:00:00,0.9,1.76,181.52,0.32,57.02,0.09,1,Good
Bandung,2026-02-16 01:00:00,1.33,2.85,169.75,0.36,36.84,0.11,1,Good
Bandung,2026-02-16 02:00:00,1.42,3.18,173.82,0.37,36.87,0.13,1,Good
Bandung,2026-02-16 03:00:00,1.53,3.54,178.94,0.32,37.98,0.13,1,Good
Bandung,2026-02-16 04:00:00,1.6,3.77,182.65,0.24,40.57,0.13,1,Good
Bandung,2026-02-16 05:00:00,1.62,3.84,182.84,0.19,43.32,0.13,1,Good
Bandung,2026-02-16 06:00:00,1.66,3.91,180.99,0.16,45.39,0.13,1,Good
Bandung,2026-02-16 07:00:00,1.73,4.01,177.7,0.17,46.96,0.14,1,Good
Bandung,2026-02-16 08:00:00,1.86,4.14,174.36,0.22,47.4,0.16,1,Good
Bandung,2026-02-16 09:00:00,1.97,4.21,171.25,0.3,47.02,0.18,1,Good
Bandung,2026-02-16 10:00:00,1.93,3.99,167.98,0.38,45.9,0.19,1,Good
Bandung,2026-02-16 11:00:00,1.85,3.76,164.42,0.43,44.45,0.18,1,Good
Bandung,2026-02-16 12:00:00,1.78,3.52,162.02,0.45,43.07,0.17,1,Good
Bandung,2026-02-16 13:00:00,1.75,3.51,159.96,0.47,41.81,0.17,1,Good
Bandung,2026-02-16 14:00:00,1.74,3.6,158.31,0.47,40.77,0.16,1,Good
Bandung,2026-02-16 15:00:00,1.69,3.58,155.6,0.45,39.81,0.15,1,Good
Bandung,2026-02-16 16:00:00,1.62,3.48,152.69,0.43,38.67,0.14,1,Good
Bandung,2026-02-16 17:00:00,1.61,3.45,150.94,0.44,37.29,0.14,1,Good
Bandung,2026-02-16 18:00:00,1.67,3.47,150.77,0.46,35.91,0.15,1,Good
Bandung,2026-02-16 19:00:00,1.71,3.4,151.6,0.49,34.76,0.15,1,Good
Bandung,2026-02-16 20:00:00,1.77,3.46,150.11,0.49,34.13,0.16,1,Good
Bandung,2026-02-16 21:00:00,1.85,3.6,146.69,0.46,34.35,0.16,1,Good
Bandung,2026-02-16 22:00:00,1.84,3.58,142.0,0.38,35.54,0.15,1,Good
Bandung,2026-02-16 23:00:00,1.78,3.4,140.31,0.32,36.88,0.14,1,Good
Bandung,2026-02-17 00:00:00,1.7,3.21,142.3,0.31,37.76,0.13,1,Good
Bandung,2026-02-17 01:00:00,1.71,3.35,145.47,0.33,37.93,0.14,1,Good
Bandung,2026-02-17 02:00:00,1.78,3.61,147.66,0.33,37.44,0.15,1,Good
Bandung,2026-02-17 03:00:00,1.82,3.78,147.86,0.3,36.76,0.16,1,Good
Bandung,2026-02-17 04:00:00,1.69,3.42,147.39,0.25,35.88,0.16,1,Good
Bandung,2026-02-17 05:00:00,1.65,3.19,145.06,0.22,34.82,0.16,1,Good
Bandung,2026-02-17 06:00:00,1.78,3.25,141.41,0.19,33.77,0.16,1,Good
Bandung,2026-02-17 07:00:00,2.0,3.52,139.45,0.23,32.9,0.16,1,Good
Bandung,2026-02-17 08:00:00,2.25,3.99,140.95,0.3,33.03,0.19,1,Good
Bandung,2026-02-17 09:00:00,2.36,4.33,145.94,0.4,34.64,0.21,1,Good
Bandung,2026-02-17 10:00:00,2.17,4.12,150.17,0.47,37.19,0.21,1,Good
Bandung,2026-02-17 11:00:00,1.85,3.71,152.31,0.52,39.76,0.19,1,Good
Bandung,2026-02-17 12:00:00,1.59,3.4,151.42,0.51,41.62,0.17,1,Good
Bandung,2026-02-17 13:00:00,1.47,3.39,148.13,0.48,42.23,0.16,1,Good
Bandung,2026-02-17 14:00:00,1.51,3.69,145.94,0.47,41.92,0.16,1,Good
Bandung,2026-02-17 15:00:00,1.57,3.97,145.28,0.46,41.04,0.17,1,Good
Bandung,2026-02-17 16:00:00,1.71,4.33,149.05,0.54,39.78,0.2,1,Good
Bandung,2026-02-17 17:00:00,2.09,4.92,158.64,0.74,38.45,0.27,1,Good
Bandung,2026-02-17 18:00:00,2.86,5.81,174.53,1.11,37.22,0.44,1,Good
Bandung,2026-02-17 19:00:00,3.93,6.88,195.7,1.7,36.07,0.64,1,Good
Bandung,2026-02-17 20:00:00,5.15,8.29,217.04,2.42,34.89,0.82,1,Good
Bandung,2026-02-17 21:00:00,6.39,9.71,240.11,3.27,33.47,1.0,1,Good
Bandung,2026-02-17 22:00:00,7.76,11.67,265.24,4.24,31.83,1.26,1,Good
Bandung,2026-02-17 23:00:00,9.44,13.4,299.38,5.53,29.5,1.64,1,Good
Bandung,2026-02-18 00:00:00,11.3,15.05,341.88,7.15,27.06,2.05,2,Fair
Bandung,2026-02-18 01:00:00,13.03,16.59,386.06,8.29,26.69,2.36,2,Fair
Bandung,2026-02-18 02:00:00,13.56,16.91,404.13,8.01,30.38,2.36,2,Fair
Bandung,2026-02-18 03:00:00,12.81,15.75,381.97,6.33,39.58,2.11,2,Fair
Bandung,2026-02-18 04:00:00,12.6,15.16,326.6,3.75,54.24,1.72,2,Fair
Bandung,2026-02-18 05:00:00,13.16,15.65,285.24,2.07,63.9,1.54,2,Fair
Bandung,2026-02-18 06:00:00,13.36,15.86,261.9,1.4,67.77,1.51,2,Fair
Bandung,2026-02-18 07:00:00,13.16,15.74,248.06,1.19,69.4,1.52,2,Fair
Bandung,2026-02-18 08:00:00,12.33,14.94,236.94,1.16,68.48,1.47,2,Fair
Bandung,2026-02-18 09:00:00,10.91,13.47,226.31,1.2,66.06,1.36,2,Fair
Bandung,2026-02-18 10:00:00,9.25,11.74,217.91,1.27,62.59,1.23,2,Fair
Bandung,2026-02-18 11:00:00,7.62,10.17,212.06,1.34,57.73,1.11,1,Good
Bandung,2026-02-18 12:00:00,6.4,9.08,210.16,1.39,53.0,1.03,1,Good
Bandung,2026-02-18 13:00:00,5.81,8.68,214.34,1.52,49.62,1.0,1,Good
Bandung,2026-02-18 14:00:00,5.86,8.94,227.77,1.86,47.49,1.03,1,Good
Bandung,2026-02-18 15:00:00,6.32,9.56,246.34,2.36,45.95,1.17,1,Good
Bandung,2026-02-18 16:00:00,7.34,10.66,283.6,3.15,43.9,1.44,1,Good
Bandung,2026-02-18 17:00:00,8.93,12.4,338.37,4.15,41.52,1.65,1,Good
Bandung,2026-02-18 18:00:00,10.65,14.25,393.73,5.13,39.1,1.83,2,Fair
Bandung,2026-02-18 19:00:00,12.01,15.3,437.95,6.03,36.55,1.94,2,Fair
Bandung,2026-02-18 20:00:00,12.77,15.78,466.97,6.77,34.06,1.79,2,Fair
Bandung,2026-02-18 21:00:00,12.88,15.72,478.05,7.31,32.04,1.56,2,Fair
Bandung,2026-02-18 22:00:00,11.89,14.58,453.37,7.34,30.78,1.37,2,Fair
Bandung,2026-02-18 23:00:00,10.8,13.45,433.29,7.13,29.09,1.24,2,Fair
Bandung,2026-02-19 00:00:00,9.61,12.13,407.12,7.05,27.5,1.17,1,Good
Bandung,2026-02-19 01:00:00,8.37,10.62,371.55,6.6,27.66,1.13,1,Good
Bandung,2026-02-19 02:00:00,7.39,9.48,341.15,5.71,30.68,1.09,1,Good
Bandung,2026-02-19 03:00:00,7.08,9.02,313.36,4.47,37.92,1.05,1,Good
Bandung,2026-02-19 04:00:00,7.89,9.87,289.73,3.37,48.12,1.03,1,Good
Bandung,2026-02-19 05:00:00,8.99,11.33,270.94,2.64,54.41,1.02,1,Good
Bandung,2026-02-19 06:00:00,9.52,12.33,254.93,2.2,56.53,0.98,1,Good
Bandung,2026-02-19 07:00:00,8.76,11.67,239.26,2.0,54.51,0.97,1,Good
Bandung,2026-02-19 08:00:00,7.36,9.99,229.55,1.97,50.8,0.95,1,Good
Bandung,2026-02-19 09:00:00,6.06,8.37,223.23,2.06,47.42,0.97,1,Good
Bandung,2026-02-19 10:00:00,5.05,7.18,219.97,2.26,45.21,0.99,1,Good
Bandung,2026-02-19 11:00:00,4.34,6.47,217.66,2.34,44.02,0.99,1,Good
Bandung,2026-02-19 12:00:00,3.91,5.91,216.87,2.28,43.21,0.97,1,Good
Bandung,2026-02-19 13:00:00,3.75,5.53,218.71,2.22,42.29,0.95,1,Good
Bandung,2026-02-19 14:00:00,3.82,5.48,223.88,2.22,41.33,0.91,1,Good
Bandung,2026-02-19 15:00:00,4.02,5.67,229.54,2.32,40.4,0.87,1,Good
Bandung,2026-02-19 16:00:00,4.45,6.22,238.24,2.61,39.13,0.87,1,Good
Bandung,2026-02-19 17:00:00,5.28,7.36,254.31,3.2,37.51,0.93,1,Good
Bandung,2026-02-19 18:00:00,6.33,8.66,273.26,3.97,35.51,1.01,1,Good
Bandung,2026-02-19 19:00:00,6.87,8.85,287.22,4.59,33.86,1.04,1,Good
Bandung,2026-02-19 20:00:00,6.95,8.78,289.52,4.81,32.66,1.04,1,Good
Bandung,2026-02-19 21:00:00,6.92,8.7,287.85,4.9,31.66,1.04,1,Good
Bandung,2026-02-19 22:00:00,6.63,8.58,279.5,4.71,31.45,1.03,1,Good
Bandung,2026-02-19 23:00:00,6.04,8.16,264.44,4.25,31.77,1.05,1,Good
Bandung,2026-02-20 00:00:00,5.31,7.48,248.19,3.82,32.56,1.1,1,Good
Bandung,2026-02-20 01:00:00,4.96,7.5,238.29,3.73,33.42,1.2,1,Good
Bandung,2026-02-20 02:00:00,5.16,8.21,236.76,3.86,34.63,1.39,1,Good
Bandung,2026-02-20 03:00:00,5.58,9.01,237.21,3.84,38.09,1.55,1,Good
Bandung,2026-02-20 04:00:00,6.72,10.48,236.26,3.02,48.36,1.62,1,Good
Bandung,2026-02-20 05:00:00,8.92,13.01,231.69,2.19,60.59,1.56,2,Fair
Bandung,2026-02-20 06:00:00,11.31,15.47,227.13,1.56,68.81,1.48,2,Fair
Bandung,2026-02-20 07:00:00,12.47,16.12,221.51,1.23,71.78,1.33,2,Fair
Bandung,2026-02-20 08:00:00,11.86,14.99,214.39,1.1,69.96,1.13,2,Fair
Bandung,2026-02-20 09:00:00,10.35,13.1,206.34,1.03,66.22,0.95,2,Fair
Bandung,2026-02-20 10:00:00,8.24,10.79,196.7,0.97,61.12,0.77,2,Fair
Bandung,2026-02-20 11:00:00,6.21,8.52,187.36,0.89,55.49,0.61,1,Good
Bandung,2026-02-20 12:00:00,4.96,7.07,182.22,0.78,51.53,0.49,1,Good
Bandung,2026-02-20 13:00:00,4.27,6.16,182.12,0.77,48.85,0.41,1,Good
Bandung,2026-02-20 14:00:00,3.94,5.76,185.24,0.86,47.22,0.4,1,Good
Bandung,2026-02-20 15:00:00,3.78,5.56,189.66,0.99,45.9,0.43,1,Good
Bandung,2026-02-20 16:00:00,3.95,5.78,193.9,1.17,44.93,0.51,1,Good
Bandung,2026-02-20 17:00:00,4.31,6.23,197.03,1.33,44.34,0.59,1,Good
Bandung,2026-02-20 18:00:00,4.7,6.61,200.4,1.51,43.59,0.69,1,Good
Bandung,2026-02-20 19:00:00,4.85,6.68,201.18,1.59,42.6,0.74,1,Good
Bandung,2026-02-20 20:00:00,4.9,6.7,201.49,1.62,41.35,0.76,1,Good
Bandung,2026-02-20 21:00:00,5.05,6.87,202.85,1.67,40.37,0.81,1,Good
Bandung,2026-02-20 22:00:00,5.28,7.1,207.64,1.79,39.59,0.88,1,Good
Bandung,2026-02-20 23:00:00,5.62,7.4,216.22,1.98,38.88,0.94,1,Good
Bandung,2026-02-21 00:00:00,6.02,7.77,226.2,2.24,38.39,1.01,1,Good
Bandung,2026-02-21 01:00:00,6.38,8.06,235.57,2.45,38.73,1.09,1,Good
Bandung,2026-02-21 02:00:00,6.22,7.77,234.05,2.32,40.54,1.09,1,Good
Bandung,2026-02-21 03:00:00,5.81,7.18,224.94,1.92,43.22,1.01,1,Good
Bandung,2026-02-21 04:00:00,5.59,6.78,215.4,1.45,46.56,0.91,1,Good
Bandung,2026-02-21 05:00:00,5.64,6.75,209.05,1.16,49.23,0.82,1,Good
Bandung,2026-02-21 06:00:00,5.8,6.85,204.11,0.94,51.68,0.74,1,Good
Bandung,2026-02-21 07:00:00,5.89,7.0,200.42,0.83,53.4,0.69,1,Good
Bandung,2026-02-21 08:00:00,5.75,7.04,197.27,0.78,53.71,0.67,1,Good
Bandung,2026-02-21 09:00:00,5.44,6.92,194.89,0.78,52.9,0.65,1,Good
Bandung,2026-02-21 10:00:00,5.03,6.7,193.77,0.82,51.3,0.65,1,Good
Bandung,2026-02-21 11:00:00,4.7,6.47,193.26,0.85,49.04,0.62,1,Good
Bandung,2026-02-21 12:00:00,4.37,6.13,193.44,0.87,46.77,0.57,1,Good
Bandung,2026-02-21 13:00:00,4.12,5.94,193.86,0.92,44.4,0.53,1,Good
Bandung,2026-02-21 14:00:00,3.88,5.88,193.0,0.93,42.22,0.47,1,Good
Bandung,2026-02-21 15:00:00,3.54,5.57,190.39,0.9,40.31,0.4,1,Good
Bandung,2026-02-21 16:00:00,3.15,5.02,186.19,0.86,38.63,0.34,1,Good
Bandung,2026-02-21 17:00:00,2.91,4.7,183.79,0.86,37.34,0.3,1,Good
Bandung,2026-02-21 18:00:00,2.78,4.44,182.91,0.87,36.45,0.28,1,Good
Bandung,2026-02-21 19:00:00,2.53,3.64,181.23,0.83,35.98,0.26,1,Good
Bandung,2026-02-21 20:00:00,2.64,3.73,181.21,0.82,35.24,0.28,1,Good
Bandung,2026-02-21 21:00:00,2.92,4.0,182.12,0.86,34.54,0.32,1,Good
Bandung,2026-02-21 22:00:00,2.79,3.79,179.44,0.82,34.39,0.31,1,Good
Bandung,2026-02-21 23:00:00,2.55,3.51,177.62,0.78,34.4,0.28,1,Good
Bandung,2026-02-22 00:00:00,2.41,3.31,177.89,0.78,34.73,0.27,1,Good
Bandung,2026-02-22 01:00:00,2.59,3.44,182.18,0.87,35.02,0.28,1,Good
Bandung,2026-02-22 02:00:00,2.9,3.63,187.15,0.89,35.53,0.28,1,Good
Bandung,2026-02-22 03:00:00,3.08,3.67,189.2,0.77,36.83,0.26,1,Good
Bandung,2026-02-22 04:00:00,3.37,3.85,189.29,0.57,39.25,0.23,1,Good
Bandung,2026-02-22 05:00:00,3.72,4.14,187.18,0.41,41.47,0.2,1,Good
Bandung,2026-02-22 06:00:00,4.0,4.41,184.72,0.32,42.83,0.17,1,Good
Bandung,2026-02-22 07:00:00,4.08,4.47,183.1,0.34,43.5,0.17,1,Good
Bandung,2026-02-22 08:00:00,4.08,4.46,183.02,0.42,43.99,0.17,1,Good
Bandung,2026-02-22 09:00:00,4.27,4.64,185.8,0.54,44.74,0.19,1,Good
Bandung,2026-02-22 10:00:00,4.43,4.79,189.22,0.65,45.75,0.2,1,Good
Bandung,2026-02-22 11:00:00,4.64,5.04,195.28,0.79,46.63,0.2,1,Good
Bandung,2026-02-22 12:00:00,4.9,5.36,203.47,0.92,47.46,0.2,1,Good
Bandung,2026-02-22 13:00:00,5.09,5.62,209.58,1.0,47.65,0.2,1,Good
Bandung,2026-02-22 14:00:00,5.23,5.84,217.46,1.1,47.44,0.2,1,Good
Bandung,2026-02-22 15:00:00,5.24,5.92,225.44,1.18,46.5,0.19,1,Good
Bandung,2026-02-22 16:00:00,5.07,5.82,231.37,1.23,44.6,0.18,1,Good
Bandung,2026-02-22 17:00:00,4.66,5.5,230.57,1.21,41.81,0.16,1,Good
Bandung,2026-02-22 18:00:00,4.08,5.04,224.03,1.13,38.41,0.14,1,Good
Bandung,2026-02-22 19:00:00,3.38,4.48,212.13,0.99,34.89,0.13,1,Good
Bandung,2026-02-22 20:00:00,2.79,4.04,199.3,0.87,31.85,0.12,1,Good
Bandung,2026-02-22 21:00:00,2.4,3.83,188.69,0.78,29.84,0.12,1,Good
Bandung,2026-02-22 22:00:00,2.2,3.82,179.92,0.72,28.63,0.12,1,Good
Bandung,2026-02-22 23:00:00,2.08,3.67,175.32,0.69,27.92,0.13,1,Good
Bandung,2026-02-23 00:00:00,1.95,3.4,172.6,0.68,27.58,0.14,1,Good
Bandung,2026-02-24 01:00:00,1.06,2.89,155.57,0.3,26.37,0.12,1,Good
Bandung,2026-02-24 02:00:00,1.24,3.92,155.61,0.27,26.92,0.13,1,Good
Bandung,2026-02-24 03:00:00,1.37,4.78,154.07,0.21,27.67,0.14,1,Good
Bandung,2026-02-24 04:00:00,1.42,5.06,152.33,0.15,28.33,0.14,1,Good
Bandung,2026-02-24 05:00:00,1.4,4.9,150.5,0.14,28.53,0.14,1,Good
Bandung,2026-02-24 06:00:00,1.38,4.69,148.73,0.14,28.52,0.14,1,Good
Bandung,2026-02-24 07:00:00,1.32,4.4,147.55,0.16,28.4,0.15,1,Good
Bandung,2026-02-24 08:00:00,1.37,4.77,146.43,0.18,28.08,0.15,1,Good
Bandung,2026-02-24 09:00:00,1.4,5.02,145.02,0.19,27.71,0.16,1,Good
Bandung,2026-02-24 10:00:00,1.36,4.34,144.69,0.2,27.23,0.16,1,Good
Bandung,2026-02-24 11:00:00,1.31,3.61,146.5,0.26,26.76,0.16,1,Good
Bandung,2026-02-24 12:00:00,1.28,3.18,149.19,0.31,26.34,0.16,1,Good
Bandung,2026-02-24 13:00:00,1.29,3.26,151.82,0.36,25.86,0.16,1,Good
Bandung,2026-02-24 14:00:00,1.35,3.57,155.03,0.43,25.45,0.17,1,Good
Bandung,2026-02-24 15:00:00,1.41,3.83,157.89,0.48,25.09,0.18,1,Good
Bandung,2026-02-24 16:00:00,1.38,3.78,159.49,0.51,24.66,0.18,1,Good
Bandung,2026-02-24 17:00:00,1.31,3.65,159.94,0.53,24.22,0.17,1,Good
Bandung,2026-02-24 18:00:00,1.26,3.54,159.57,0.52,23.88,0.17,1,Good
Bandung,2026-02-24 19:00:00,1.23,3.39,157.31,0.46,23.7,0.15,1,Good
Bandung,2026-02-24 20:00:00,1.3,3.42,157.12,0.44,23.42,0.15,1,Good
Bandung,2026-02-24 21:00:00,1.33,3.37,156.35,0.42,23.16,0.15,1,Good
Bandung,2026-02-24 22:00:00,1.28,3.16,154.95,0.4,22.97,0.14,1,Good
Bandung,2026-02-24 23:00:00,1.21,2.9,153.33,0.37,22.85,0.14,1,Good
Bandung,2026-02-25 00:00:00,1.14,2.76,152.4,0.37,22.73,0.14,1,Good
Bandung,2026-02-25 01:00:00,1.18,3.11,152.05,0.4,22.4,0.15,1,Good
Bandung,2026-02-25 02:00:00,1.31,3.7,154.44,0.46,22.28,0.17,1,Good
Bandung,2026-02-25 03:00:00,1.4,4.08,154.2,0.43,22.8,0.18,1,Good
Bandung,2026-02-25 04:00:00,1.22,3.87,144.54,0.23,23.93,0.15,1,Good
Bandung,2026-02-25 05:00:00,1.18,3.78,142.03,0.17,24.44,0.13,1,Good
Bandung,2026-02-25 06:00:00,1.15,3.64,140.34,0.14,24.66,0.13,1,Good
Bandung,2026-02-25 07:00:00,1.1,3.38,139.19,0.14,24.6,0.12,1,Good
Bandung,2026-02-25 08:00:00,1.06,3.16,138.18,0.15,24.24,0.12,1,Good
Bandung,2026-02-25 09:00:00,1.01,2.98,136.87,0.18,23.76,0.12,1,Good
Bandung,2026-02-25 10:00:00,0.94,2.76,135.37,0.2,23.25,0.12,1,Good
Bandung,2026-02-25 11:00:00,0.91,2.7,134.85,0.25,22.59,0.12,1,Good
Bandung,2026-02-25 12:00:00,0.93,2.7,136.37,0.33,22.02,0.13,1,Good
Bandung,2026-02-25 13:00:00,0.96,2.68,139.47,0.44,21.55,0.15,1,Good
Bandung,2026-02-25 14:00:00,1.02,2.67,144.26,0.58,21.1,0.17,1,Good
Bandung,2026-02-25 15:00:00,1.13,2.73,150.41,0.72,20.71,0.18,1,Good
Bandung,2026-02-25 16:00:00,1.24,2.66,156.83,0.87,20.22,0.19,1,Good
Bandung,2026-02-25 17:00:00,1.28,2.47,159.71,0.94,19.84,0.18,1,Good
Bandung,2026-02-25 18:00:00,1.24,2.22,156.86,0.87,19.62,0.15,1,Good
Bandung,2026-02-25 19:00:00,1.09,1.95,150.0,0.73,19.5,0.12,1,Good
Bandung,2026-02-25 20:00:00,0.98,1.87,144.34,0.61,19.39,0.11,1,Good
Bandung,2026-02-25 21:00:00,0.91,1.85,140.07,0.53,19.38,0.1,1,Good
Bandung,2026-02-25 22:00:00,0.75,1.64,132.88,0.39,19.65,0.09,1,Good
Bandung,2026-02-25 23:00:00,0.75,1.6,132.33,0.39,19.63,0.09,1,Good
Bandung,2026-02-26 00:00:00,0.77,1.57,133.26,0.43,19.56,0.09,1,Good
Bandung,2026-02-26 01:00:00,0.8,1.6,134.13,0.47,19.33,0.1,1,Good
Bandung,2026-02-26 02:00:00,0.84,1.64,136.0,0.5,19.42,0.11,1,Good
Bandung,2026-02-26 03:00:00,0.9,1.64,137.34,0.47,20.32,0.12,1,Good
Bandung,2026-02-26 04:00:00,0.96,1.67,136.91,0.35,22.67,0.12,1,Good
Bandung,2026-02-26 05:00:00,1.06,1.97,135.49,0.24,24.57,0.11,1,Good
Bandung,2026-02-26 06:00:00,1.16,2.43,133.61,0.17,25.5,0.11,1,Good
Bandung,2026-02-26 07:00:00,1.02,2.16,131.93,0.12,25.39,0.09,1,Good
Bandung,2026-02-26 08:00:00,0.9,2.08,130.15,0.11,24.42,0.08,1,Good
Bandung,2026-02-26 09:00:00,0.83,2.1,129.61,0.12,23.52,0.09,1,Good
Bandung,2026-02-26 10:00:00,0.82,2.09,129.4,0.16,22.71,0.1,1,Good
Bandung,2026-02-26 11:00:00,0.84,2.16,128.17,0.19,21.86,0.1,1,Good
Bandung,2026-02-26 12:00:00,0.88,2.3,126.47,0.2,21.08,0.11,1,Good
Bandung,2026-02-26 13:00:00,0.92,2.44,124.62,0.2,20.42,0.11,1,Good
Bandung,2026-02-26 14:00:00,0.95,2.43,123.9,0.22,19.81,0.11,1,Good
Bandung,2026-02-26 15:00:00,0.98,2.35,124.0,0.25,19.17,0.12,1,Good
Bandung,2026-02-26 16:00:00,0.98,2.18,124.64,0.32,18.42,0.12,1,Good
Bandung,2026-02-26 17:00:00,0.96,2.07,125.04,0.38,17.76,0.13,1,Good
Bandung,2026-02-26 18:00:00,0.92,1.98,123.63,0.39,17.28,0.12,1,Good
Bandung,2026-02-26 19:00:00,0.85,1.84,121.14,0.37,16.8,0.11,1,Good
Bandung,2026-02-26 20:00:00,0.78,1.73,119.4,0.35,16.45,0.1,1,Good
Bandung,2026-02-26 21:00:00,0.73,1.64,118.25,0.33,16.15,0.1,1,Good
Bandung,2026-02-26 22:00:00,0.68,1.56,117.6,0.29,16.0,0.09,1,Good
Bandung,2026-02-26 23:00:00,0.67,1.52,118.27,0.28,15.84,0.09,1,Good
Bandung,2026-02-27 00:00:00,0.68,1.5,119.99,0.28,15.71,0.09,1,Good
Bandung,2026-02-27 01:00:00,0.72,1.57,122.89,0.31,15.63,0.1,1,Good
Bandung,2026-02-27 02:00:00,0.82,1.81,126.33,0.35,15.67,0.11,1,Good
Bandung,2026-02-27 03:00:00,0.95,2.13,129.11,0.37,15.99,0.12,1,Good
Bandung,2026-02-27 04:00:00,1.04,2.43,129.81,0.34,16.79,0.11,1,Good
Bandung,2026-02-27 05:00:00,1.11,2.7,129.7,0.27,18.23,0.11,1,Good
Bandung,2026-02-27 06:00:00,1.22,2.99,129.25,0.22,20.08,0.12,1,Good
Bandung,2026-02-27 07:00:00,1.29,3.41,128.0,0.15,22.04,0.11,1,Good
Bandung,2026-02-27 08:00:00,1.41,3.88,127.88,0.13,23.19,0.12,1,Good
Bandung,2026-02-27 09:00:00,1.52,4.21,129.17,0.14,23.51,0.12,1,Good
Bandung,2026-02-27 10:00:00,1.49,4.38,132.77,0.14,23.33,0.12,1,Good
Bandung,2026-02-27 11:00:00,1.39,4.13,136.32,0.16,22.76,0.12,1,Good
Bandung,2026-02-27 12:00:00,1.37,3.86,138.0,0.18,22.29,0.13,1,Good
Bandung,2026-02-27 13:00:00,1.45,3.63,138.31,0.23,22.04,0.15,1,Good
Bandung,2026-02-27 14:00:00,1.55,3.67,137.36,0.28,21.92,0.16,1,Good
Bandung,2026-02-27 15:00:00,1.58,3.63,135.88,0.29,21.8,0.17,1,Good
Bandung,2026-02-27 16:00:00,1.57,3.53,133.28,0.29,21.56,0.16,1,Good
Bandung,2026-02-27 17:00:00,1.66,3.71,131.5,0.29,21.37,0.15,1,Good
Bandung,2026-02-27 18:00:00,1.75,3.89,130.0,0.28,21.15,0.14,1,Good
Bandung,2026-02-27 19:00:00,1.7,3.76,128.36,0.26,20.96,0.13,1,Good
Bandung,2026-02-27 20:00:00,1.62,3.64,126.8,0.28,20.9,0.12,1,Good
Bandung,2026-02-27 21:00:00,1.56,3.5,124.53,0.3,20.99,0.12,1,Good
Bandung,2026-02-27 22:00:00,1.53,3.4,122.37,0.33,21.34,0.12,1,Good
Bandung,2026-02-27 23:00:00,1.5,3.25,120.42,0.33,21.75,0.12,1,Good
Bandung,2026-02-28 00:00:00,1.46,3.08,119.41,0.33,22.22,0.12,1,Good
Bandung,2026-02-28 01:00:00,1.47,3.06,119.23,0.32,22.66,0.12,1,Good
Bandung,2026-02-28 02:00:00,1.54,3.28,119.96,0.31,23.24,0.13,1,Good
Bandung,2026-02-28 03:00:00,1.64,3.58,121.03,0.3,24.15,0.13,1,Good
Bandung,2026-02-28 04:00:00,1.77,3.91,122.51,0.27,25.6,0.14,1,Good
Bandung,2026-02-28 05:00:00,1.89,4.17,124.11,0.26,26.91,0.15,1,Good
Bandung,2026-02-28 06:00:00,1.96,4.34,125.07,0.24,27.87,0.15,1,Good
Bandung,2026-02-28 07:00:00,1.93,4.31,124.72,0.22,28.28,0.15,1,Good
Bandung,2026-02-28 08:00:00,1.81,4.05,123.84,0.22,28.18,0.14,1,Good
Bandung,2026-02-28 09:00:00,1.63,3.65,123.66,0.23,27.92,0.13,1,Good
Bandung,2026-02-28 10:00:00,1.52,3.48,124.79,0.27,27.7,0.13,1,Good
Bandung,2026-02-28 11:00:00,1.55,3.72,126.36,0.32,27.55,0.13,1,Good
Bandung,2026-02-28 12:00:00,1.56,3.9,127.23,0.36,27.7,0.13,1,Good
Bandung,2026-02-28 13:00:00,1.56,3.96,127.59,0.38,28.09,0.13,1,Good
Bandung,2026-02-28 14:00:00,1.54,3.85,129.39,0.42,28.49,0.14,1,Good
Bandung,2026-02-28 15:00:00,1.48,3.63,131.71,0.48,28.83,0.15,1,Good
Bandung,2026-02-28 16:00:00,1.39,3.43,134.14,0.53,28.95,0.16,1,Good
Bandung,2026-02-28 17:00:00,1.33,3.39,135.14,0.54,28.95,0.16,1,Good
Bandung,2026-02-28 18:00:00,1.3,3.39,134.67,0.5,28.85,0.15,1,Good
Bandung,2026-02-28 19:00:00,1.3,3.42,133.49,0.43,28.65,0.14,1,Good
Bandung,2026-02-28 20:00:00,1.38,3.54,133.17,0.39,28.46,0.14,1,Good
Bandung,2026-02-28 21:00:00,1.45,3.63,133.14,0.37,28.32,0.14,1,Good
Bandung,2026-02-28 22:00:00,1.49,3.67,132.87,0.35,28.35,0.13,1,Good
Bandung,2026-02-28 23:00:00,1.5,3.67,133.31,0.37,28.31,0.13,1,Good
Bandung,2026-03-01 00:00:00,1.47,3.59,134.32,0.39,28.51,0.13,1,Good
Bandung,2026-03-01 01:00:00,1.44,3.52,134.75,0.38,29.16,0.13,1,Good
Bandung,2026-03-01 02:00:00,1.41,3.32,134.52,0.35,29.84,0.13,1,Good
Bandung,2026-03-01 03:00:00,1.38,3.04,133.35,0.28,30.61,0.12,1,Good
Bandung,2026-03-01 04:00:00,1.37,2.92,131.24,0.21,31.32,0.11,1,Good
Bandung,2026-03-01 05:00:00,1.44,3.16,130.11,0.18,31.55,0.11,1,Good
Bandung,2026-03-01 06:00:00,1.52,3.59,129.69,0.16,31.3,0.11,1,Good
Bandung,2026-03-01 07:00:00,1.6,4.07,130.54,0.16,30.69,0.12,1,Good
Bandung,2026-03-01 08:00:00,1.64,4.14,132.61,0.19,29.96,0.12,1,Good
Bandung,2026-03-01 09:00:00,1.67,4.05,134.85,0.24,29.47,0.13,1,Good
Bandung,2026-03-01 10:00:00,1.67,3.84,136.46,0.28,29.23,0.13,1,Good
Bandung,2026-03-01 11:00:00,1.7,3.78,137.14,0.31,29.07,0.14,1,Good
Bandung,2026-03-01 12:00:00,1.75,3.76,137.35,0.32,29.16,0.13,1,Good
Bandung,2026-03-01 13:00:00,1.74,3.67,136.51,0.3,29.56,0.13,1,Good
Bandung,2026-03-01 14:00:00,1.75,3.62,136.82,0.31,29.91,0.13,1,Good
Bandung,2026-03-01 15:00:00,1.74,3.53,137.66,0.34,30.18,0.14,1,Good
Bandung,2026-03-01 16:00:00,1.67,3.35,139.37,0.4,30.09,0.15,1,Good
Bandung,2026-03-01 17:00:00,1.59,3.21,142.12,0.48,29.93,0.15,1,Good
Bandung,2026-03-01 18:00:00,1.48,3.01,144.05,0.5,29.88,0.14,1,Good
Bandung,2026-03-01 19:00:00,1.48,3.05,145.34,0.48,29.75,0.13,1,Good
Bandung,2026-03-01 20:00:00,1.63,3.51,146.17,0.47,29.52,0.14,1,Good
Bandung,2026-03-01 21:00:00,1.79,4.02,146.76,0.47,29.19,0.14,1,Good
Bandung,2026-03-01 22:00:00,1.84,4.31,145.38,0.45,29.27,0.15,1,Good
Bandung,2026-03-01 23:00:00,1.87,4.56,144.77,0.47,29.09,0.16,1,Good
Bandung,2026-03-02 00:00:00,1.87,4.61,145.04,0.51,28.86,0.18,1,Good
Bandung,2026-03-02 01:00:00,1.81,4.47,145.75,0.55,28.65,0.19,1,Good
Bandung,2026-03-02 02:00:00,1.72,4.17,145.85,0.56,28.51,0.19,1,Good
Bandung,2026-03-02 03:00:00,1.61,3.79,144.78,0.52,28.67,0.18,1,Good
Bandung,2026-03-02 04:00:00,1.48,3.44,143.79,0.46,29.26,0.17,1,Good
Bandung,2026-03-02 05:00:00,1.6,3.87,145.98,0.48,30.14,0.2,1,Good
Bandung,2026-03-02 06:00:00,1.83,4.48,149.11,0.53,31.28,0.23,1,Good
Bandung,2026-03-02 07:00:00,2.06,4.75,150.87,0.55,31.82,0.25,1,Good
Bandung,2026-03-02 08:00:00,2.1,4.69,149.23,0.55,31.23,0.24,1,Good
Bandung,2026-03-02 09:00:00,2.05,4.54,146.72,0.55,30.05,0.22,1,Good
Bandung,2026-03-02 10:00:00,1.94,4.41,142.9,0.54,28.53,0.2,1,Good
Bandung,2026-03-02 11:00:00,1.9,4.6,137.73,0.49,27.13,0.18,1,Good
Bandung,2026-03-02 12:00:00,1.95,4.9,132.25,0.41,25.98,0.16,1,Good
Bandung,2026-03-02 13:00:00,2.01,5.14,127.58,0.34,25.09,0.15,1,Good
Bandung,2026-03-02 14:00:00,2.17,5.61,124.01,0.31,24.48,0.15,1,Good
Bandung,2026-03-02 15:00:00,2.33,6.05,118.95,0.28,24.08,0.15,1,Good
Bandung,2026-03-02 16:00:00,2.47,7.08,111.55,0.23,23.81,0.14,1,Good
Bandung,2026-03-02 17:00:00,2.53,7.72,106.27,0.22,23.67,0.15,1,Good
Bandung,2026-03-02 18:00:00,2.48,7.67,102.53,0.23,23.58,0.15,1,Good
Bandung,2026-03-02 19:00:00,2.09,5.52,99.98,0.23,23.99,0.13,1,Good
Bandung,2026-03-02 20:00:00,1.79,4.36,98.2,0.22,24.05,0.11,1,Good
Bandung,2026-03-02 21:00:00,1.65,4.12,98.34,0.22,23.7,0.11,1,Good
Bandung,2026-03-02 22:00:00,1.6,4.15,100.03,0.21,23.05,0.1,1,Good
Bandung,2026-03-02 23:00:00,1.57,4.17,102.98,0.2,22.46,0.1,1,Good
Bandung,2026-03-03 00:00:00,1.55,4.16,106.39,0.2,21.9,0.1,1,Good
Bandung,2026-03-03 01:00:00,1.61,4.48,109.99,0.23,21.31,0.11,1,Good
Bandung,2026-03-03 02:00:00,1.73,4.79,113.55,0.25,20.79,0.12,1,Good
Bandung,2026-03-03 03:00:00,1.75,4.8,115.81,0.25,20.63,0.12,1,Good
Bandung,2026-03-03 04:00:00,1.67,4.64,115.8,0.2,21.01,0.12,1,Good
Bandung,2026-03-03 05:00:00,1.58,4.48,115.04,0.17,21.63,0.11,1,Good
Bandung,2026-03-03 06:00:00,1.53,4.34,114.86,0.14,22.21,0.11,1,Good
Bandung,2026-03-03 07:00:00,1.5,4.21,116.75,0.14,22.81,0.11,1,Good
Bandung,2026-03-03 08:00:00,1.54,4.36,119.13,0.16,23.25,0.12,1,Good
Bandung,2026-03-03 09:00:00,1.55,4.49,120.28,0.19,23.73,0.13,1,Good
Bandung,2026-03-03 10:00:00,1.49,4.25,120.31,0.23,24.18,0.13,1,Good
Bandung,2026-03-03 11:00:00,1.46,4.13,119.59,0.25,24.35,0.13,1,Good
Bandung,2026-03-03 12:00:00,1.46,4.08,118.5,0.26,24.17,0.13,1,Good
Bandung,2026-03-03 13:00:00,1.49,4.26,116.51,0.25,23.76,0.13,1,Good
Bandung,2026-03-03 14:00:00,1.47,4.13,114.84,0.25,23.51,0.12,1,Good
Bandung,2026-03-03 15:00:00,1.43,3.84,112.81,0.24,23.31,0.11,1,Good
Bandung,2026-03-03 16:00:00,1.44,3.7,111.36,0.24,23.05,0.11,1,Good
Bandung,2026-03-03 17:00:00,1.56,4.08,110.26,0.25,22.82,0.12,1,Good
Bandung,2026-03-03 18:00:00,1.7,4.56,108.1,0.25,22.73,0.13,1,Good
Bandung,2026-03-03 19:00:00,1.81,4.97,104.46,0.25,22.74,0.14,1,Good
Bandung,2026-03-03 20:00:00,1.82,4.94,99.93,0.24,22.86,0.14,1,Good
Bandung,2026-03-03 21:00:00,1.77,4.66,94.81,0.23,23.09,0.13,1,Good
Bandung,2026-03-03 22:00:00,1.75,4.56,89.78,0.21,23.54,0.13,1,Good
Bandung,2026-03-03 23:00:00,1.79,4.79,84.99,0.2,24.18,0.14,1,Good
Bandung,2026-03-04 00:00:00,1.79,4.91,81.49,0.2,24.88,0.14,1,Good
Bandung,2026-03-04 01:00:00,1.65,4.6,79.39,0.2,25.52,0.14,1,Good
Bandung,2026-03-04 02:00:00,1.38,3.92,78.03,0.2,26.17,0.14,1,Good
Bandung,2026-03-04 03:00:00,1.17,3.25,76.8,0.18,26.73,0.13,1,Good
Bandung,2026-03-04 04:00:00,1.02,2.73,76.11,0.14,26.95,0.11,1,Good
Bandung,2026-03-04 05:00:00,1.05,2.94,75.67,0.1,26.76,0.1,1,Good
Bandung,2026-03-04 06:00:00,1.12,3.34,76.08,0.08,26.36,0.1,1,Good
Bandung,2026-03-04 07:00:00,1.28,4.15,77.72,0.08,25.95,0.1,1,Good
Bandung,2026-03-04 08:00:00,1.51,4.78,81.21,0.09,25.74,0.11,1,Good
Bandung,2026-03-04 09:00:00,1.69,5.05,86.15,0.14,25.74,0.13,1,Good
Bandung,2026-03-04 10:00:00,1.78,4.87,91.33,0.19,25.94,0.13,1,Good
Bandung,2026-03-04 11:00:00,1.81,4.74,96.69,0.24,26.12,0.14,1,Good
Bandung,2026-03-04 12:00:00,1.84,4.61,101.39,0.26,26.37,0.14,1,Good
Bandung,2026-03-04 13:00:00,1.78,4.22,104.74,0.26,26.66,0.13,1,Good
Bandung,2026-03-04 14:00:00,1.69,4.04,107.63,0.26,26.91,0.13,1,Good
Bandung,2026-03-04 15:00:00,1.62,4.0,110.35,0.26,27.16,0.12,1,Good
Bandung,2026-03-04 16:00:00,1.52,3.96,112.55,0.26,27.17,0.12,1,Good
Bandung,2026-03-04 17:00:00,1.5,4.18,114.07,0.24,27.09,0.11,1,Good
Bandung,2026-03-04 18:00:00,1.55,4.55,113.87,0.22,26.78,0.11,1,Good
Bandung,2026-03-04 19:00:00,1.66,5.01,111.81,0.19,26.14,0.11,1,Good
Bandung,2026-03-04 20:00:00,1.67,4.81,107.19,0.18,25.15,0.11,1,Good
Bandung,2026-03-04 21:00:00,1.58,4.24,100.29,0.17,24.24,0.11,1,Good
Bandung,2026-03-04 22:00:00,1.45,3.68,93.01,0.16,23.81,0.11,1,Good
Bandung,2026-03-04 23:00:00,1.33,3.3,86.46,0.16,23.71,0.1,1,Good
Bandung,2026-03-05 00:00:00,1.21,2.97,81.25,0.16,23.88,0.1,1,Good
Bandung,2026-03-05 01:00:00,1.13,2.72,77.62,0.18,24.17,0.1,1,Good
Bandung,2026-03-05 02:00:00,1.09,2.54,75.86,0.19,24.5,0.1,1,Good
Bandung,2026-03-05 03:00:00,1.06,2.35,74.81,0.19,24.73,0.1,1,Good
Bandung,2026-03-05 04:00:00,1.08,2.33,74.29,0.19,24.92,0.1,1,Good
Bandung,2026-03-05 05:00:00,1.14,2.54,72.77,0.17,25.07,0.1,1,Good
Bandung,2026-03-05 06:00:00,1.22,2.82,70.6,0.14,25.21,0.1,1,Good
Bandung,2026-03-05 07:00:00,1.28,3.04,68.66,0.12,25.17,0.1,1,Good
Bandung,2026-03-05 08:00:00,1.3,3.08,67.94,0.12,24.99,0.11,1,Good
Bandung,2026-03-05 09:00:00,1.31,3.1,67.83,0.14,24.81,0.11,1,Good
Bandung,2026-03-05 10:00:00,1.32,3.09,68.34,0.16,24.74,0.12,1,Good
Bandung,2026-03-05 11:00:00,1.3,2.9,69.92,0.21,24.61,0.12,1,Good
Bandung,2026-03-05 12:00:00,1.27,2.67,72.17,0.27,24.46,0.13,1,Good
Bandung,2026-03-05 13:00:00,1.21,2.49,73.19,0.29,24.45,0.12,1,Good
Bandung,2026-03-05 14:00:00,1.22,2.62,73.18,0.28,24.48,0.11,1,Good
Bandung,2026-03-05 15:00:00,1.24,2.87,72.47,0.25,24.46,0.11,1,Good
Bandung,2026-03-05 16:00:00,1.26,3.1,71.5,0.23,24.25,0.11,1,Good
Bandung,2026-03-05 17:00:00,1.26,3.26,71.03,0.21,23.96,0.11,1,Good
Bandung,2026-03-05 18:00:00,1.26,3.38,70.6,0.2,23.69,0.11,1,Good
Bandung,2026-03-05 19:00:00,1.26,3.5,70.24,0.19,23.48,0.11,1,Good
Bandung,2026-03-05 20:00:00,1.27,3.63,69.68,0.17,23.38,0.11,1,Good
Bandung,2026-03-05 21:00:00,1.27,3.68,69.36,0.15,23.4,0.11,1,Good
Bandung,2026-03-05 22:00:00,1.32,4.0,69.44,0.14,23.53,0.11,1,Good
Bandung,2026-03-05 23:00:00,1.37,4.3,69.84,0.15,23.66,0.12,1,Good
Bandung,2026-03-06 00:00:00,1.39,4.35,70.61,0.17,23.69,0.12,1,Good
Bandung,2026-03-06 01:00:00,1.37,4.14,72.35,0.21,23.73,0.13,1,Good
Bandung,2026-03-06 02:00:00,1.42,4.3,73.94,0.23,23.79,0.14,1,Good
Bandung,2026-03-06 03:00:00,1.48,4.46,73.9,0.21,23.96,0.14,1,Good
Bandung,2026-03-06 04:00:00,1.5,4.5,72.55,0.17,23.99,0.14,1,Good
Bandung,2026-03-06 05:00:00,1.5,4.52,71.22,0.15,23.93,0.14,1,Good
Bandung,2026-03-06 06:00:00,1.52,4.65,70.38,0.14,23.78,0.14,1,Good
Bandung,2026-03-06 07:00:00,1.55,4.63,69.51,0.13,23.62,0.14,1,Good
Bandung,2026-03-06 08:00:00,1.64,4.77,68.6,0.13,23.3,0.14,1,Good
Bandung,2026-03-06 09:00:00,1.75,4.96,67.79,0.13,22.99,0.14,1,Good
Bandung,2026-03-06 10:00:00,1.88,5.25,67.34,0.14,22.74,0.14,1,Good
Bandung,2026-03-06 11:00:00,2.0,5.48,68.34,0.2,22.45,0.15,1,Good
Bandung,2026-03-06 12:00:00,2.03,5.44,69.56,0.25,22.2,0.16,1,Good
Bandung,2026-03-06 13:00:00,2.04,5.41,70.69,0.27,21.98,0.16,1,Good
Bandung,2026-03-06 14:00:00,2.01,5.15,71.82,0.29,21.85,0.16,1,Good
Bandung,2026-03-06 15:00:00,1.9,4.65,72.73,0.29,21.84,0.15,1,Good
Bandung,2026-03-06 16:00:00,1.77,4.17,73.39,0.29,21.8,0.14,1,Good
Bandung,2026-03-06 17:00:00,1.77,4.29,74.36,0.28,21.88,0.14,1,Good
Bandung,2026-03-06 18:00:00,1.82,4.58,75.89,0.25,22.12,0.13,1,Good
Bandung,2026-03-06 19:00:00,1.71,4.46,77.54,0.22,22.49,0.12,1,Good
Bandung,2026-03-06 20:00:00,1.57,4.39,78.93,0.19,22.78,0.12,1,Good
Bandung,2026-03-06 21:00:00,1.56,4.55,79.74,0.18,22.81,0.12,1,Good
Bandung,2026-03-06 22:00:00,1.6,4.64,81.16,0.17,22.96,0.12,1,Good
Bandung,2026-03-06 23:00:00,1.61,4.52,84.46,0.16,23.42,0.11,1,Good
Bandung,2026-03-07 00:00:00,1.58,4.33,91.26,0.16,24.62,0.11,1,Good
Bandung,2026-03-07 01:00:00,1.55,4.22,100.9,0.17,26.58,0.11,1,Good
Bandung,2026-03-07 02:00:00,1.58,4.46,110.82,0.18,28.96,0.11,1,Good
Bandung,2026-03-07 03:00:00,1.66,4.79,119.26,0.17,31.3,0.11,1,Good
Bandung,2026-03-07 04:00:00,1.67,4.79,128.4,0.17,34.05,0.11,1,Good
Bandung,2026-03-07 05:00:00,1.67,4.81,138.64,0.16,37.25,0.11,1,Good
Bandung,2026-03-07 06:00:00,1.69,4.84,146.99,0.15,40.31,0.11,1,Good
Bandung,2026-03-07 07:00:00,1.7,4.68,150.96,0.14,42.59,0.11,1,Good
Bandung,2026-03-07 08:00:00,1.73,4.52,150.85,0.15,43.16,0.12,1,Good
Bandung,2026-03-07 09:00:00,1.78,4.39,148.74,0.17,42.59,0.12,1,Good
Bandung,2026-03-07 10:00:00,1.84,4.46,145.31,0.2,41.1,0.12,1,Good
Bandung,2026-03-07 11:00:00,1.83,4.31,142.89,0.25,39.01,0.13,1,Good
Bandung,2026-03-07 12:00:00,1.76,4.0,141.0,0.29,36.59,0.13,1,Good
Bandung,2026-03-07 13:00:00,1.5,3.33,138.46,0.32,34.08,0.13,1,Good
Bandung,2026-03-07 14:00:00,1.34,3.14,136.09,0.36,31.93,0.14,1,Good
Bandung,2026-03-07 15:00:00,1.34,3.3,134.89,0.42,30.5,0.15,1,Good
Bandung,2026-03-07 16:00:00,1.39,3.55,135.01,0.49,29.63,0.17,1,Good
Bandung,2026-03-07 17:00:00,1.43,3.72,134.81,0.54,29.1,0.19,1,Good
Bandung,2026-03-07 18:00:00,1.4,3.72,133.86,0.56,28.72,0.19,1,Good
Bandung,2026-03-07 19:00:00,1.37,3.86,128.88,0.5,28.76,0.18,1,Good
Bandung,2026-03-07 20:00:00,1.38,4.05,126.09,0.48,28.59,0.19,1,Good
Bandung,2026-03-07 21:00:00,1.41,4.12,125.22,0.47,28.55,0.19,1,Good
Bandung,2026-03-07 22:00:00,1.4,4.27,124.57,0.46,28.66,0.2,1,Good
Bandung,2026-03-07 23:00:00,1.36,4.3,123.67,0.43,28.95,0.2,1,Good
Bandung,2026-03-08 00:00:00,1.31,4.28,123.24,0.42,29.49,0.2,1,Good
Bandung,2026-03-08 01:00:00,1.35,4.12,125.26,0.41,30.02,0.22,1,Good
Bandung,2026-03-08 02:00:00,1.58,4.44,131.5,0.42,31.07,0.25,1,Good
Bandung,2026-03-08 03:00:00,1.96,4.96,138.97,0.42,34.18,0.29,1,Good
Bandung,2026-03-08 04:00:00,2.92,6.12,147.7,0.4,39.71,0.36,1,Good
Bandung,2026-03-08 05:00:00,4.22,7.54,157.01,0.38,45.14,0.45,1,Good
Bandung,2026-03-08 06:00:00,5.27,8.61,164.5,0.37,48.92,0.53,1,Good
Bandung,2026-03-08 07:00:00,5.6,9.2,166.19,0.37,49.85,0.56,1,Good
Bandung,2026-03-08 08:00:00,5.51,9.59,163.14,0.36,48.89,0.56,1,Good
Bandung,2026-03-08 09:00:00,4.96,9.3,157.06,0.36,46.85,0.51,1,Good
Bandung,2026-03-08 10:00:00,4.22,9.05,150.14,0.35,44.43,0.44,1,Good
Bandung,2026-03-08 11:00:00,3.59,8.64,146.01,0.38,42.6,0.39,1,Good
Bandung,2026-03-08 12:00:00,3.18,8.12,145.43,0.41,41.21,0.37,1,Good
Bandung,2026-03-08 13:00:00,2.72,6.8,143.48,0.45,39.78,0.35,1,Good
Bandung,2026-03-08 14:00:00,2.46,6.12,141.15,0.51,38.38,0.34,1,Good
Bandung,2026-03-08 15:00:00,2.34,5.93,138.58,0.53,37.26,0.33,1,Good
Bandung,2026-03-08 16:00:00,2.23,5.94,133.01,0.49,36.29,0.29,1,Good
Bandung,2026-03-08 17:00:00,2.27,6.42,126.95,0.43,35.42,0.25,1,Good
Bandung,2026-03-08 18:00:00,2.46,7.08,122.06,0.39,34.83,0.23,1,Good
Bandung,2026-03-08 19:00:00,2.69,7.48,116.56,0.34,34.36,0.22,1,Good
Bandung,2026-03-08 20:00:00,2.93,7.89,110.64,0.29,34.1,0.2,1,Good
Bandung,2026-03-08 21:00:00,3.23,8.46,106.35,0.25,34.09,0.19,1,Good
Bandung,2026-03-08 22:00:00,3.6,8.88,103.68,0.23,34.15,0.18,1,Good
Bandung,2026-03-08 23:00:00,4.0,8.93,103.03,0.23,34.26,0.17,1,Good
Bandung,2026-03-09 00:00:00,4.2,8.39,103.38,0.25,34.37,0.16,1,Good
Bandung,2026-03-09 01:00:00,3.9,7.25,104.25,0.24,34.66,0.16,1,Good
Bandung,2026-03-09 02:00:00,3.49,6.35,104.62,0.21,35.36,0.16,1,Good
Bandung,2026-03-09 03:00:00,3.32,5.94,104.32,0.15,36.4,0.16,1,Good
Bandung,2026-03-09 04:00:00,3.16,5.58,102.82,0.11,37.29,0.15,1,Good
Bandung,2026-03-09 05:00:00,2.95,5.27,100.58,0.08,37.36,0.14,1,Good
Bandung,2026-03-09 06:00:00,2.82,5.19,99.06,0.07,36.93,0.14,1,Good
Bandung,2026-03-09 07:00:00,2.81,5.52,98.44,0.07,36.45,0.14,1,Good
Bandung,2026-03-09 08:00:00,2.89,6.19,98.22,0.08,36.1,0.16,1,Good
Bandung,2026-03-09 09:00:00,2.93,6.86,98.38,0.1,35.72,0.17,1,Good
Bandung,2026-03-09 10:00:00,2.92,7.49,98.95,0.15,35.27,0.18,1,Good
Bandung,2026-03-09 11:00:00,2.87,7.93,99.89,0.22,34.48,0.19,1,Good
Bandung,2026-03-09 12:00:00,2.85,8.33,101.21,0.28,33.74,0.2,1,Good
Bandung,2026-03-09 13:00:00,2.85,8.65,102.03,0.31,33.15,0.21,1,Good
Bandung,2026-03-09 14:00:00,2.87,8.83,102.93,0.34,32.89,0.22,1,Good
Bandung,2026-03-09 15:00:00,2.91,8.89,103.66,0.35,32.71,0.22,1,Good
Bandung,2026-03-09 16:00:00,2.94,8.79,104.24,0.36,32.58,0.22,1,Good
Bandung,2026-03-09 17:00:00,3.03,8.91,104.44,0.36,32.66,0.22,1,Good
Bandung,2026-03-09 18:00:00,3.22,9.36,104.7,0.35,32.72,0.22,1,Good
Bandung,2026-03-09 19:00:00,3.45,9.92,104.7,0.34,32.73,0.23,1,Good
Bandung,2026-03-09 20:00:00,3.7,10.61,104.21,0.31,32.68,0.24,1,Good
Bandung,2026-03-09 21:00:00,3.91,11.26,103.61,0.29,32.63,0.24,1,Good
Bandung,2026-03-09 22:00:00,4.0,11.7,102.27,0.26,32.72,0.24,1,Good
Bandung,2026-03-09 23:00:00,3.97,11.87,101.84,0.24,32.81,0.23,1,Good
Bandung,2026-03-10 00:00:00,3.81,11.62,102.33,0.25,32.91,0.22,1,Good
Bandung,2026-03-10 01:00:00,3.58,10.92,103.8,0.24,33.12,0.22,1,Good
Bandung,2026-03-10 02:00:00,3.43,10.27,105.3,0.21,33.99,0.22,1,Good
Bandung,2026-03-10 03:00:00,3.29,9.63,104.76,0.15,35.09,0.2,1,Good
Bandung,2026-03-10 04:00:00,3.05,8.69,103.61,0.1,35.17,0.17,1,Good
Bandung,2026-03-10 05:00:00,2.7,7.74,102.17,0.07,34.0,0.15,1,Good
Bandung,2026-03-10 06:00:00,2.34,7.08,100.66,0.05,32.26,0.13,1,Good
Bandung,2026-03-10 07:00:00,1.98,6.61,99.87,0.04,30.26,0.11,1,Good
Bandung,2026-03-10 08:00:00,1.75,6.4,99.52,0.04,28.46,0.11,1,Good
Bandung,2026-03-10 09:00:00,1.58,6.27,99.58,0.04,27.01,0.11,1,Good
Bandung,2026-03-10 10:00:00,1.46,6.19,100.12,0.06,25.8,0.11,1,Good
Bandung,2026-03-10 11:00:00,1.39,6.05,100.71,0.09,24.74,0.11,1,Good
Bandung,2026-03-10 12:00:00,1.34,5.87,101.74,0.12,23.78,0.11,1,Good
Bandung,2026-03-10 13:00:00,1.35,5.84,102.48,0.15,22.94,0.12,1,Good
Bandung,2026-03-10 14:00:00,1.5,6.32,104.87,0.21,22.27,0.14,1,Good
Bandung,2026-03-10 15:00:00,1.66,6.8,108.5,0.29,21.66,0.17,1,Good
Bandung,2026-03-10 16:00:00,1.82,7.15,112.09,0.38,21.08,0.2,1,Good
Bandung,2026-03-10 17:00:00,1.91,7.33,113.72,0.43,20.71,0.21,1,Good
Bandung,2026-03-10 18:00:00,1.94,7.38,113.54,0.44,20.5,0.21,1,Good
Bandung,2026-03-10 19:00:00,1.86,7.11,110.96,0.38,20.33,0.19,1,Good
Bandung,2026-03-10 20:00:00,1.73,6.67,108.03,0.32,20.29,0.17,1,Good
Bandung,2026-03-10 21:00:00,1.65,6.38,106.39,0.28,20.34,0.16,1,Good
Bandung,2026-03-10 22:00:00,1.6,6.21,105.94,0.26,20.38,0.15,1,Good
Bandung,2026-03-10 23:00:00,1.61,6.16,107.5,0.27,20.37,0.15,1,Good
Bandung,2026-03-11 00:00:00,1.64,6.11,110.11,0.29,20.43,0.16,1,Good
Bandung,2026-03-11 01:00:00,1.54,5.6,112.74,0.26,21.03,0.17,1,Good
Bandung,2026-03-11 02:00:00,1.38,4.89,113.23,0.2,22.43,0.15,1,Good
Bandung,2026-03-11 03:00:00,1.27,4.46,110.9,0.13,23.61,0.12,1,Good
Bandung,2026-03-11 04:00:00,1.2,4.17,108.64,0.08,24.11,0.1,1,Good
Bandung,2026-03-11 05:00:00,1.2,4.06,107.04,0.06,24.09,0.09,1,Good
Bandung,2026-03-11 06:00:00,1.17,3.98,105.24,0.05,23.61,0.08,1,Good
Bandung,2026-03-11 07:00:00,1.09,3.85,103.68,0.04,22.96,0.08,1,Good
Bandung,2026-03-11 08:00:00,0.98,3.66,102.3,0.04,22.24,0.07,1,Good
Bandung,2026-03-11 09:00:00,0.89,3.48,101.37,0.04,21.76,0.07,1,Good
Bandung,2026-03-11 10:00:00,0.81,3.32,100.88,0.05,21.55,0.07,1,Good
Bandung,2026-03-11 11:00:00,0.77,3.18,100.87,0.07,21.44,0.07,1,Good
Bandung,2026-03-11 12:00:00,0.77,3.14,101.99,0.1,21.39,0.08,1,Good
Bandung,2026-03-11 13:00:00,0.78,3.14,103.01,0.13,21.33,0.1,1,Good
Bandung,2026-03-11 14:00:00,0.81,3.25,104.13,0.16,21.34,0.11,1,Good
Bandung,2026-03-11 15:00:00,0.87,3.45,105.89,0.19,21.19,0.11,1,Good
Bandung,2026-03-11 16:00:00,1.02,3.78,110.83,0.29,20.83,0.14,1,Good
Bandung,2026-03-11 17:00:00,1.25,4.23,118.08,0.41,20.41,0.16,1,Good
Bandung,2026-03-11 18:00:00,1.45,4.62,123.1,0.49,20.1,0.17,1,Good
Bandung,2026-03-11 19:00:00,1.58,4.87,125.26,0.5,19.89,0.17,1,Good
Bandung,2026-03-11 20:00:00,1.57,4.87,123.57,0.46,19.84,0.16,1,Good
Bandung,2026-03-11 21:00:00,1.46,4.71,119.19,0.38,20.06,0.14,1,Good
Bandung,2026-03-11 22:00:00,1.28,4.42,113.19,0.29,20.56,0.12,1,Good
Bandung,2026-03-11 23:00:00,1.21,4.22,110.77,0.26,21.21,0.11,1,Good
Bandung,2026-03-12 00:00:00,1.16,4.02,109.87,0.25,21.9,0.11,1,Good
Bandung,2026-03-12 01:00:00,1.12,3.84,109.27,0.21,22.74,0.12,1,Good
Bandung,2026-03-12 02:00:00,1.08,3.67,107.82,0.16,23.86,0.11,1,Good
Bandung,2026-03-12 03:00:00,1.04,3.5,105.08,0.11,24.63,0.09,1,Good
Bandung,2026-03-12 04:00:00,1.0,3.34,102.65,0.07,24.74,0.08,1,Good
Bandung,2026-03-12 05:00:00,0.95,3.17,100.29,0.05,24.22,0.06,1,Good
Bandung,2026-03-12 06:00:00,0.89,3.01,98.31,0.04,23.56,0.06,1,Good
Bandung,2026-03-12 07:00:00,0.86,2.95,97.42,0.03,23.0,0.05,1,Good
Bandung,2026-03-12 08:00:00,0.85,2.99,96.87,0.03,22.51,0.05,1,Good
Bandung,2026-03-12 09:00:00,0.84,3.02,96.46,0.04,22.17,0.06,1,Good
Bandung,2026-03-12 10:00:00,0.82,3.04,96.42,0.04,22.01,0.06,1,Good
Bandung,2026-03-12 11:00:00,0.81,3.05,96.52,0.07,21.82,0.06,1,Good
Bandung,2026-03-12 12:00:00,0.82,3.11,97.73,0.1,21.63,0.07,1,Good
Bandung,2026-03-12 13:00:00,0.87,3.27,98.97,0.14,21.42,0.09,1,Good
Bandung,2026-03-12 14:00:00,0.98,3.63,101.75,0.19,21.2,0.11,1,Good
Bandung,2026-03-12 15:00:00,1.11,4.02,105.43,0.26,20.93,0.13,1,Good
Bandung,2026-03-12 16:00:00,1.3,4.41,111.43,0.39,20.62,0.16,1,Good
Bandung,2026-03-12 17:00:00,1.47,4.71,116.41,0.49,20.39,0.17,1,Good
Bandung,2026-03-12 18:00:00,1.57,4.84,117.78,0.51,20.27,0.17,1,Good
Bandung,2026-03-12 19:00:00,1.58,4.7,117.19,0.49,20.24,0.16,1,Good
Bandung,2026-03-12 20:00:00,1.53,4.36,115.32,0.45,20.3,0.16,1,Good
Bandung,2026-03-12 21:00:00,1.44,4.03,111.99,0.4,20.41,0.15,1,Good
Bandung,2026-03-12 22:00:00,1.35,3.85,107.79,0.34,20.37,0.14,1,Good
Bandung,2026-03-12 23:00:00,1.32,3.79,106.22,0.33,20.37,0.14,1,Good
Bandung,2026-03-13 00:00:00,1.35,3.76,107.45,0.33,20.54,0.15,1,Good
Bandung,2026-03-13 01:00:00,1.3,3.57,107.71,0.26,21.46,0.15,1,Good
Bandung,2026-03-13 02:00:00,1.21,3.28,105.93,0.2,23.23,0.14,1,Good
Bandung,2026-03-13 03:00:00,1.13,3.09,103.17,0.13,24.74,0.11,1,Good
Bandung,2026-03-13 04:00:00,1.01,2.91,99.54,0.09,25.39,0.08,1,Good
Bandung,2026-03-13 05:00:00,0.93,2.86,96.86,0.06,25.23,0.07,1,Good
Bandung,2026-03-13 06:00:00,0.88,2.86,95.27,0.05,24.94,0.06,1,Good
Bandung,2026-03-13 07:00:00,0.83,2.85,94.83,0.04,24.66,0.06,1,Good
Bandung,2026-03-13 08:00:00,0.8,2.87,94.69,0.04,24.44,0.06,1,Good
Bandung,2026-03-13 09:00:00,0.77,2.88,94.96,0.04,24.24,0.06,1,Good
Bandung,2026-03-13 10:00:00,0.76,2.91,95.63,0.05,23.95,0.06,1,Good
Bandung,2026-03-13 11:00:00,0.77,2.95,96.54,0.07,23.4,0.07,1,Good
Bandung,2026-03-13 12:00:00,0.8,3.0,98.6,0.11,22.7,0.08,1,Good
Bandung,2026-03-13 13:00:00,0.84,2.95,101.18,0.16,21.99,0.1,1,Good
Bandung,2026-03-13 14:00:00,0.89,2.9,103.82,0.19,21.44,0.11,1,Good
Bandung,2026-03-13 15:00:00,0.94,2.91,106.22,0.21,21.01,0.11,1,Good
Bandung,2026-03-13 16:00:00,0.99,2.98,107.55,0.24,20.5,0.12,1,Good
Bandung,2026-03-13 17:00:00,1.01,3.04,107.09,0.22,20.2,0.11,1,Good
Bandung,2026-03-13 18:00:00,1.02,3.03,105.75,0.18,19.91,0.1,1,Good
Bandung,2026-03-13 19:00:00,1.04,3.0,106.5,0.19,19.48,0.1,1,Good
Bandung,2026-03-13 20:00:00,1.06,2.85,109.07,0.24,19.06,0.1,1,Good
Bandung,2026-03-13 21:00:00,1.06,2.62,111.0,0.27,18.77,0.1,1,Good
Bandung,2026-03-13 22:00:00,1.05,2.4,113.71,0.31,18.43,0.1,1,Good
Bandung,2026-03-13 23:00:00,1.1,2.34,117.99,0.38,18.03,0.1,1,Good
Bandung,2026-03-14 00:00:00,1.18,2.37,121.85,0.43,17.84,0.12,1,Good
Bandung,2026-03-14 01:00:00,1.14,2.33,119.71,0.3,18.35,0.12,1,Good
Bandung,2026-03-14 02:00:00,1.16,2.42,117.99,0.24,19.62,0.12,1,Good
Bandung,2026-03-14 03:00:00,1.21,2.49,115.33,0.17,21.11,0.11,1,Good
Bandung,2026-03-14 04:00:00,1.3,2.58,112.83,0.12,22.07,0.1,1,Good
Bandung,2026-03-14 05:00:00,1.3,2.62,108.91,0.09,21.78,0.08,1,Good
Bandung,2026-03-14 06:00:00,1.23,2.65,105.43,0.07,20.93,0.08,1,Good
Bandung,2026-03-14 07:00:00,1.07,2.58,103.09,0.06,19.88,0.07,1,Good
Bandung,2026-03-14 08:00:00,1.05,2.87,102.0,0.06,19.14,0.07,1,Good
Bandung,2026-03-14 09:00:00,1.09,3.34,101.89,0.07,18.69,0.09,1,Good
Bandung,2026-03-14 10:00:00,1.14,3.8,103.07,0.12,18.44,0.11,1,Good
Bandung,2026-03-14 11:00:00,1.16,4.08,104.35,0.2,18.04,0.13,1,Good
Bandung,2026-03-14 12:00:00,1.15,4.17,105.16,0.27,17.68,0.14,1,Good
Bandung,2026-03-14 13:00:00,1.12,3.96,105.26,0.31,17.42,0.14,1,Good
Bandung,2026-03-14 14:00:00,1.13,3.77,106.17,0.38,17.24,0.15,1,Good
Bandung,2026-03-14 15:00:00,1.14,3.59,106.55,0.45,17.13,0.16,1,Good
Bandung,2026-03-14 16:00:00,1.17,3.2,107.24,0.57,16.87,0.16,1,Good
Bandung,2026-03-14 17:00:00,1.16,2.77,107.12,0.65,16.71,0.14,1,Good
Bandung,2026-03-14 18:00:00,1.09,2.37,105.24,0.66,16.69,0.12,1,Good
Bandung,2026-03-14 19:00:00,1.1,2.24,105.4,0.71,16.59,0.11,1,Good
Bandung,2026-03-14 20:00:00,1.19,2.4,106.26,0.78,16.44,0.11,1,Good
Bandung,2026-03-14 21:00:00,1.2,2.39,104.65,0.74,16.45,0.1,1,Good
Bandung,2026-03-14 22:00:00,1.13,2.26,100.91,0.62,16.47,0.1,1,Good
Bandung,2026-03-14 23:00:00,1.05,2.08,99.3,0.57,16.39,0.09,1,Good
Bandung,2026-03-15 00:00:00,0.95,1.8,99.27,0.54,16.31,0.09,1,Good
Bandung,2026-03-15 01:00:00,0.83,1.44,98.83,0.44,16.54,0.09,1,Good
Bandung,2026-03-15 02:00:00,0.76,1.49,96.55,0.32,17.0,0.09,1,Good
Bandung,2026-03-15 03:00:00,0.67,1.54,91.45,0.2,17.76,0.07,1,Good
Bandung,2026-03-15 04:00:00,0.61,1.53,87.17,0.12,18.28,0.06,1,Good
Bandung,2026-03-15 05:00:00,0.59,1.51,84.78,0.1,18.38,0.06,1,Good
Bandung,2026-03-15 06:00:00,0.58,1.53,83.4,0.09,18.41,0.06,1,Good
Bandung,2026-03-15 07:00:00,0.56,1.57,82.78,0.07,18.36,0.06,1,Good
Bandung,2026-03-15 08:00:00,0.54,1.68,81.97,0.07,18.1,0.07,1,Good
Bandung,2026-03-15 09:00:00,0.55,1.87,81.35,0.07,17.9,0.07,1,Good
Bandung,2026-03-15 10:00:00,0.58,2.0,80.94,0.08,17.81,0.08,1,Good
Bandung,2026-03-15 11:00:00,0.61,2.01,81.01,0.11,17.75,0.08,1,Good
Bandung,2026-03-15 12:00:00,0.61,1.9,82.08,0.15,17.68,0.09,1,Good
Bandung,2026-03-15 13:00:00,0.62,1.8,83.33,0.19,17.51,0.1,1,Good
Bandung,2026-03-15 14:00:00,0.65,1.72,85.11,0.24,17.35,0.11,1,Good
Bandung,2026-03-15 15:00:00,0.66,1.56,86.93,0.28,17.22,0.12,1,Good
Bandung,2026-03-15 16:00:00,0.67,1.48,89.16,0.33,16.96,0.12,1,Good
Bandung,2026-03-15 17:00:00,0.66,1.48,91.18,0.35,16.65,0.12,1,Good
Bandung,2026-03-15 18:00:00,0.68,1.48,93.02,0.36,16.43,0.11,1,Good
Bandung,2026-03-15 19:00:00,0.71,1.44,95.82,0.39,16.21,0.1,1,Good
Bandung,2026-03-15 20:00:00,0.82,1.59,100.23,0.46,15.71,0.1,1,Good
Bandung,2026-03-15 21:00:00,0.92,1.79,104.17,0.51,15.24,0.11,1,Good
Bandung,2026-03-15 22:00:00,0.88,1.8,102.29,0.46,15.15,0.1,1,Good
Bandung,2026-03-15 23:00:00,0.88,1.84,103.47,0.46,14.86,0.1,1,Good
Bandung,2026-03-16 00:00:00,0.86,1.8,105.34,0.43,14.64,0.1,1,Good
Bandung,2026-03-16 01:00:00,0.81,1.57,106.76,0.3,14.98,0.1,1,Good
Bandung,2026-03-16 02:00:00,0.78,1.54,106.41,0.25,15.91,0.09,1,Good
Bandung,2026-03-16 03:00:00,0.77,1.52,105.07,0.19,17.16,0.08,1,Good
Bandung,2026-03-16 04:00:00,0.72,1.43,102.67,0.12,18.01,0.07,1,Good
Bandung,2026-03-16 05:00:00,0.68,1.47,100.35,0.08,18.14,0.06,1,Good
Bandung,2026-03-16 06:00:00,0.69,1.69,99.09,0.07,18.24,0.07,1,Good
Bandung,2026-03-16 07:00:00,0.74,2.0,98.2,0.06,18.3,0.09,1,Good
Bandung,2026-03-16 08:00:00,0.81,2.41,96.78,0.07,18.34,0.1,1,Good
Bandung,2026-03-16 09:00:00,0.88,2.9,95.22,0.07,18.37,0.11,1,Good
Bandung,2026-03-16 10:00:00,0.95,3.4,94.21,0.09,18.27,0.11,1,Good
Bandung,2026-03-16 11:00:00,1.02,3.8,95.0,0.17,17.94,0.13,1,Good
Bandung,2026-03-16 12:00:00,1.13,4.14,98.42,0.32,17.61,0.16,1,Good
Bandung,2026-03-16 13:00:00,1.24,4.37,101.33,0.42,17.34,0.19,1,Good
Bandung,2026-03-16 14:00:00,1.35,4.56,103.91,0.48,17.18,0.22,1,Good
Bandung,2026-03-16 15:00:00,1.45,4.74,107.18,0.56,17.01,0.25,1,Good
Bandung,2026-03-16 16:00:00,1.62,4.99,111.48,0.66,16.93,0.29,1,Good
Bandung,2026-03-16 17:00:00,1.79,5.22,113.69,0.72,17.21,0.31,1,Good
Bandung,2026-03-16 18:00:00,1.95,5.4,115.09,0.75,17.7,0.32,1,Good
Bandung,2026-03-16 19:00:00,2.08,5.52,116.27,0.76,18.34,0.32,1,Good
Bandung,2026-03-16 20:00:00,2.18,5.59,117.22,0.74,19.01,0.31,1,Good
Bandung,2026-03-16 21:00:00,2.24,5.58,119.16,0.72,19.78,0.3,1,Good
Bandung,2026-03-16 22:00:00,2.24,5.31,121.72,0.67,20.69,0.28,1,Good
Bandung,2026-03-16 23:00:00,2.22,5.12,123.31,0.61,21.57,0.25,1,Good
Bandung,2026-03-17 00:00:00,2.2,4.96,124.62,0.55,22.47,0.24,1,Good
Bandung,2026-03-17 01:00:00,2.2,4.84,125.6,0.42,23.99,0.23,1,Good
Bandung,2026-03-17 02:00:00,2.28,4.81,125.49,0.3,26.58,0.21,1,Good
Bandung,2026-03-17 03:00:00,2.43,4.84,123.8,0.19,28.99,0.18,1,Good
Bandung,2026-03-17 04:00:00,2.59,4.92,122.01,0.13,30.27,0.16,1,Good
Bandung,2026-03-17 05:00:00,2.65,4.88,119.53,0.1,30.35,0.14,1,Good
Bandung,2026-03-17 06:00:00,2.58,4.72,117.0,0.08,29.74,0.13,1,Good
Bandung,2026-03-17 07:00:00,2.34,4.37,114.25,0.07,28.62,0.11,1,Good
Bandung,2026-03-17 08:00:00,2.03,3.98,111.39,0.07,27.21,0.1,1,Good
Bandung,2026-03-17 09:00:00,1.74,3.65,109.06,0.07,25.84,0.09,1,Good
Bandung,2026-03-17 10:00:00,1.5,3.41,107.07,0.08,24.51,0.09,1,Good
Bandung,2026-03-17 11:00:00,1.37,3.27,107.18,0.15,23.34,0.09,1,Good
Bandung,2026-03-17 12:00:00,1.37,3.26,110.25,0.26,22.38,0.12,1,Good
Bandung,2026-03-17 13:00:00,1.69,3.67,122.9,0.62,21.48,0.21,1,Good
Bandung,2026-03-17 14:00:00,2.33,4.47,143.28,1.18,20.64,0.35,1,Good
Bandung,2026-03-17 15:00:00,2.98,5.29,162.47,1.65,20.04,0.47,1,Good
Bandung,2026-03-17 16:00:00,3.67,6.12,181.1,2.08,19.66,0.6,1,Good
Bandung,2026-03-17 17:00:00,4.08,6.58,190.2,2.21,19.67,0.65,1,Good
Bandung,2026-03-17 18:00:00,3.94,6.36,183.73,1.93,20.01,0.6,1,Good
Bandung,2026-03-17 19:00:00,2.67,4.76,150.01,1.07,20.03,0.38,1,Good
Bandung,2026-03-17 20:00:00,2.42,4.44,142.83,0.87,19.59,0.31,1,Good
Bandung,2026-03-17 21:00:00,2.56,4.57,144.29,0.86,19.4,0.31,1,Good
Bandung,2026-03-17 22:00:00,2.68,4.66,145.86,0.85,19.5,0.3,1,Good
Bandung,2026-03-17 23:00:00,2.61,4.49,144.26,0.79,19.42,0.28,1,Good
Bandung,2026-03-18 00:00:00,2.41,4.17,141.27,0.74,19.14,0.25,1,Good
Bandung,2026-03-18 01:00:00,2.19,3.8,137.88,0.64,19.11,0.23,1,Good
Bandung,2026-03-18 02:00:00,2.14,3.65,135.28,0.49,20.21,0.21,1,Good
Bandung,2026-03-18 03:00:00,2.34,3.8,132.04,0.33,22.48,0.2,1,Good
Bandung,2026-03-18 04:00:00,2.93,4.36,129.78,0.2,25.19,0.18,1,Good
Bandung,2026-03-18 05:00:00,3.57,4.98,127.46,0.15,26.76,0.16,1,Good
Bandung,2026-03-18 06:00:00,3.92,5.31,123.75,0.12,27.28,0.14,1,Good
Bandung,2026-03-18 07:00:00,3.82,5.19,119.35,0.1,26.86,0.12,1,Good
Bandung,2026-03-18 08:00:00,3.44,4.77,114.22,0.09,25.68,0.1,1,Good
Bandung,2026-03-18 09:00:00,2.94,4.25,109.85,0.08,24.35,0.09,1,Good
Bandung,2026-03-18 10:00:00,2.4,3.69,106.16,0.1,22.67,0.08,1,Good
Bandung,2026-03-18 11:00:00,1.93,3.18,103.1,0.13,20.87,0.07,1,Good
Bandung,2026-03-18 12:00:00,1.57,2.77,101.06,0.14,19.39,0.06,1,Good
Bandung,2026-03-18 13:00:00,1.24,2.37,99.95,0.17,18.04,0.06,1,Good
Bandung,2026-03-18 14:00:00,1.12,2.21,102.35,0.25,17.01,0.08,1,Good
Bandung,2026-03-18 15:00:00,1.22,2.32,109.97,0.4,16.34,0.12,1,Good
Bandung,2026-03-18 16:00:00,1.6,2.75,124.58,0.65,15.72,0.19,1,Good
Bandung,2026-03-18 17:00:00,1.92,3.1,135.87,0.82,15.38,0.22,1,Good
Bandung,2026-03-18 18:00:00,2.08,3.23,140.93,0.88,15.15,0.23,1,Good
Bandung,2026-03-18 19:00:00,2.09,3.16,140.89,0.86,14.82,0.21,1,Good
Bandung,2026-03-18 20:00:00,2.12,3.11,141.9,0.86,14.46,0.2,1,Good
Bandung,2026-03-18 21:00:00,2.17,3.09,143.09,0.88,14.18,0.21,1,Good
Bandung,2026-03-18 22:00:00,2.14,2.94,142.77,0.87,14.06,0.2,1,Good
Bandung,2026-03-18 23:00:00,2.04,2.76,140.6,0.83,13.96,0.19,1,Good
Bandung,2026-03-19 00:00:00,1.86,2.5,136.37,0.72,14.02,0.18,1,Good
Bandung,2026-03-19 01:00:00,1.4,1.78,123.36,0.41,14.53,0.12,1,Good
Bandung,2026-03-19 02:00:00,1.17,1.47,115.52,0.29,15.19,0.09,1,Good
Bandung,2026-03-19 03:00:00,1.07,1.31,109.93,0.21,16.02,0.07,1,Good
Bandung,2026-03-19 04:00:00,1.1,1.27,106.26,0.15,17.08,0.06,1,Good
Bandung,2026-03-19 05:00:00,1.17,1.31,103.39,0.12,17.77,0.05,1,Good
Bandung,2026-03-19 06:00:00,1.16,1.3,100.41,0.09,17.89,0.05,1,Good
Bandung,2026-03-19 07:00:00,1.07,1.2,98.16,0.08,17.47,0.04,1,Good
Bandung,2026-03-19 08:00:00,0.95,1.07,96.35,0.08,16.87,0.04,1,Good
Bandung,2026-03-19 09:00:00,0.86,0.98,95.3,0.1,16.43,0.04,1,Good
Bandung,2026-03-19 10:00:00,0.79,0.9,94.83,0.14,15.99,0.04,1,Good
Bandung,2026-03-19 11:00:00,0.73,0.86,94.07,0.16,15.56,0.04,1,Good
Bandung,2026-03-19 12:00:00,0.69,0.83,93.21,0.17,15.31,0.04,1,Good
Bandung,2026-03-19 13:00:00,0.65,0.78,92.29,0.18,15.19,0.04,1,Good
Bandung,2026-03-19 14:00:00,0.62,0.73,91.77,0.19,15.01,0.04,1,Good
Bandung,2026-03-19 15:00:00,0.59,0.71,91.18,0.19,14.82,0.04,1,Good
Bandung,2026-03-19 16:00:00,0.56,0.69,89.31,0.18,14.48,0.03,1,Good
Bandung,2026-03-19 17:00:00,0.55,0.64,88.41,0.18,14.24,0.03,1,Good
Bandung,2026-03-19 18:00:00,0.55,0.59,88.07,0.18,14.1,0.03,1,Good
Bandung,2026-03-19 19:00:00,0.57,0.62,89.03,0.19,14.05,0.04,1,Good
Bandung,2026-03-19 20:00:00,0.63,0.73,92.93,0.25,13.92,0.07,1,Good
Bandung,2026-03-19 21:00:00,0.75,0.91,99.75,0.34,13.72,0.11,1,Good
Bandung,2026-03-19 22:00:00,0.9,1.12,107.62,0.45,13.56,0.16,1,Good
Bandung,2026-03-19 23:00:00,0.99,1.23,111.01,0.51,13.42,0.17,1,Good
Bandung,2026-03-20 00:00:00,0.98,1.21,109.47,0.49,13.43,0.16,1,Good
Bandung,2026-03-20 01:00:00,0.72,0.83,96.93,0.25,13.91,0.1,1,Good
Bandung,2026-03-20 02:00:00,0.65,0.73,92.89,0.17,14.57,0.08,1,Good
Bandung,2026-03-20 03:00:00,0.66,0.75,90.37,0.13,15.53,0.07,1,Good
Bandung,2026-03-20 04:00:00,0.68,0.82,86.98,0.08,16.22,0.05,1,Good
Bandung,2026-03-20 05:00:00,0.76,0.99,84.89,0.07,16.7,0.05,1,Good
Bandung,2026-03-20 06:00:00,0.85,1.16,83.04,0.06,16.97,0.05,1,Good
Bandung,2026-03-20 07:00:00,0.84,1.23,81.02,0.05,16.84,0.04,1,Good
Bandung,2026-03-20 08:00:00,0.79,1.27,78.73,0.05,16.36,0.04,1,Good
Bandung,2026-03-20 09:00:00,0.74,1.34,76.71,0.05,15.87,0.03,1,Good
Bandung,2026-03-20 10:00:00,0.7,1.44,75.25,0.06,15.44,0.03,1,Good
Bandung,2026-03-20 11:00:00,0.67,1.57,74.53,0.09,14.98,0.04,1,Good
Bandung,2026-03-20 12:00:00,0.67,1.72,74.19,0.11,14.68,0.04,1,Good
Bandung,2026-03-20 13:00:00,0.71,1.87,74.97,0.15,14.5,0.05,1,Good
Bandung,2026-03-20 14:00:00,0.76,1.97,77.79,0.24,14.36,0.07,1,Good
Bandung,2026-03-20 15:00:00,0.87,2.09,83.52,0.37,14.21,0.11,1,Good
Bandung,2026-03-20 16:00:00,1.13,2.37,96.23,0.59,13.95,0.21,1,Good
Bandung,2026-03-20 17:00:00,1.44,2.72,110.11,0.81,13.67,0.3,1,Good
Bandung,2026-03-20 18:00:00,1.6,2.88,116.89,0.9,13.62,0.32,1,Good
Bandung,2026-03-20 19:00:00,1.55,2.73,114.74,0.82,13.66,0.29,1,Good
Bandung,2026-03-20 20:00:00,1.72,2.84,120.71,0.92,13.58,0.3,1,Good
Bandung,2026-03-20 21:00:00,1.85,2.86,125.16,1.01,13.64,0.3,1,Good
Bandung,2026-03-20 22:00:00,1.87,2.8,125.13,1.02,13.74,0.27,1,Good
Bandung,2026-03-20 23:00:00,1.87,2.76,124.72,1.01,13.91,0.24,1,Good
Bandung,2026-03-21 00:00:00,1.82,2.66,121.9,0.88,14.31,0.21,1,Good
Bandung,2026-03-21 01:00:00,1.21,1.85,99.21,0.36,15.77,0.11,1,Good
Bandung,2026-03-21 02:00:00,1.11,1.81,91.53,0.22,17.38,0.07,1,Good
Bandung,2026-03-21 03:00:00,1.23,2.07,88.73,0.16,19.2,0.06,1,Good
Bandung,2026-03-21 04:00:00,1.43,2.42,86.88,0.12,20.62,0.06,1,Good
Bandung,2026-03-21 05:00:00,1.62,2.82,85.04,0.09,21.35,0.05,1,Good
Bandung,2026-03-21 06:00:00,1.77,3.3,83.23,0.07,21.6,0.04,1,Good
Bandung,2026-03-21 07:00:00,1.87,3.88,81.89,0.05,21.42,0.04,1,Good
Bandung,2026-03-21 08:00:00,1.97,4.68,80.38,0.05,21.02,0.04,1,Good
Bandung,2026-03-21 09:00:00,2.13,5.65,79.51,0.05,20.79,0.04,1,Good
Bandung,2026-03-21 10:00:00,2.34,6.74,79.26,0.06,20.82,0.04,1,Good
Bandung,2026-03-21 11:00:00,2.55,7.69,78.83,0.07,20.92,0.04,1,Good
Bandung,2026-03-21 12:00:00,2.71,8.37,78.9,0.08,21.06,0.05,1,Good
Bandung,2026-03-21 13:00:00,2.83,8.75,81.16,0.15,21.32,0.07,1,Good
Bandung,2026-03-21 14:00:00,2.84,8.66,83.13,0.21,21.85,0.08,1,Good
Bandung,2026-03-21 15:00:00,2.76,8.31,83.82,0.24,22.59,0.08,1,Good
Bandung,2026-03-21 16:00:00,2.57,7.11,84.01,0.26,23.31,0.08,1,Good
Bandung,2026-03-21 17:00:00,2.34,5.83,84.91,0.28,24.25,0.08,1,Good
Bandung,2026-03-21 18:00:00,2.2,5.15,86.34,0.3,25.15,0.08,1,Good
Bandung,2026-03-21 19:00:00,2.12,4.79,86.86,0.3,25.63,0.08,1,Good
Bandung,2026-03-21 20:00:00,2.09,4.55,89.07,0.32,25.8,0.1,1,Good
Bandung,2026-03-21 21:00:00,2.08,4.33,92.4,0.35,26.26,0.11,1,Good
Bandung,2026-03-21 22:00:00,2.07,4.13,94.44,0.36,27.1,0.11,1,Good
Bandung,2026-03-21 23:00:00,2.03,3.95,94.83,0.36,27.89,0.11,1,Good
Bandung,2026-03-22 00:00:00,1.96,3.76,93.63,0.35,28.7,0.11,1,Good
Bandung,2026-03-22 01:00:00,1.82,3.56,87.79,0.24,29.36,0.09,1,Good
Bandung,2026-03-22 02:00:00,1.86,3.69,88.37,0.21,29.77,0.1,1,Good
Bandung,2026-03-22 03:00:00,1.89,3.84,87.25,0.16,30.64,0.09,1,Good
Bandung,2026-03-22 04:00:00,1.93,4.01,85.97,0.11,32.36,0.08,1,Good
Bandung,2026-03-22 05:00:00,2.02,4.25,84.19,0.08,32.84,0.07,1,Good
Bandung,2026-03-22 06:00:00,2.09,4.49,82.0,0.07,32.93,0.07,1,Good
Bandung,2026-03-22 07:00:00,2.12,4.74,79.9,0.06,32.83,0.06,1,Good
Bandung,2026-03-22 08:00:00,2.06,4.98,78.04,0.05,32.3,0.06,1,Good
Bandung,2026-03-22 09:00:00,1.96,5.36,76.82,0.05,31.84,0.06,1,Good
Bandung,2026-03-22 10:00:00,1.85,5.88,76.3,0.06,31.68,0.06,1,Good
Bandung,2026-03-22 11:00:00,1.89,6.43,76.24,0.08,31.73,0.06,1,Good
Bandung,2026-03-22 12:00:00,1.97,6.88,76.82,0.09,31.7,0.07,1,Good
Bandung,2026-03-22 13:00:00,1.98,6.88,79.16,0.15,31.48,0.09,1,Good
Bandung,2026-03-22 14:00:00,1.95,6.56,84.64,0.25,31.17,0.13,1,Good
Bandung,2026-03-22 15:00:00,2.06,6.68,91.29,0.37,30.87,0.18,1,Good
Bandung,2026-03-22 16:00:00,2.26,7.04,97.8,0.48,30.48,0.21,1,Good
Bandung,2026-03-22 17:00:00,2.35,7.32,99.26,0.5,30.24,0.21,1,Good
Bandung,2026-03-22 18:00:00,2.26,7.32,95.36,0.42,30.13,0.18,1,Good
Bandung,2026-03-22 19:00:00,2.15,7.29,89.81,0.32,30.12,0.15,1,Good
Bandung,2026-03-22 20:00:00,2.28,7.68,91.77,0.37,29.67,0.16,1,Good
Bandung,2026-03-22 21:00:00,2.44,8.08,94.26,0.43,29.17,0.18,1,Good
Bandung,2026-03-22 22:00:00,2.49,8.15,95.39,0.48,28.98,0.2,1,Good
Bandung,2026-03-22 23:00:00,2.35,7.72,93.8,0.48,28.98,0.19,1,Good
Bandung,2026-03-23 00:00:00,2.19,7.38,90.99,0.45,29.15,0.18,1,Good
Bandung,2026-03-23 01:00:00,1.95,6.97,84.93,0.31,29.5,0.15,1,Good
Bandung,2026-03-23 02:00:00,1.9,6.97,82.46,0.19,30.15,0.13,1,Good
Bandung,2026-03-23 03:00:00,1.93,7.12,80.52,0.12,30.92,0.11,1,Good
Bandung,2026-03-23 04:00:00,2.0,7.3,78.92,0.08,31.16,0.1,1,Good
Bandung,2026-03-23 05:00:00,2.07,7.43,77.56,0.06,30.97,0.08,1,Good
Bandung,2026-03-23 06:00:00,2.11,7.51,76.32,0.05,30.49,0.08,1,Good
Bandung,2026-03-23 07:00:00,2.09,7.57,75.33,0.05,29.83,0.07,1,Good
Bandung,2026-03-23 08:00:00,2.04,7.63,74.29,0.04,28.95,0.06,1,Good
Bandung,2026-03-23 09:00:00,1.99,7.66,73.83,0.05,28.35,0.07,1,Good
Bandung,2026-03-23 10:00:00,1.95,7.67,73.91,0.06,28.18,0.07,1,Good
Bandung,2026-03-23 11:00:00,1.93,7.61,74.31,0.09,28.1,0.08,1,Good
Bandung,2026-03-23 12:00:00,1.96,7.64,76.71,0.17,28.04,0.09,1,Good
Bandung,2026-03-23 13:00:00,2.02,7.69,79.38,0.25,27.94,0.12,1,Good
Bandung,2026-03-23 14:00:00,2.08,7.73,82.66,0.31,27.92,0.15,1,Good
Bandung,2026-03-23 15:00:00,2.18,7.85,86.8,0.36,27.78,0.17,1,Good
Bandung,2026-03-23 16:00:00,2.32,8.06,91.61,0.44,27.44,0.2,1,Good
Bandung,2026-03-23 17:00:00,2.42,8.26,93.48,0.47,27.22,0.2,1,Good
Bandung,2026-03-23 18:00:00,2.47,8.37,93.19,0.45,27.1,0.18,1,Good
Bandung,2026-03-23 19:00:00,2.48,8.38,91.79,0.4,26.97,0.16,1,Good
Bandung,2026-03-23 20:00:00,2.48,8.37,90.85,0.37,26.8,0.14,1,Good
Bandung,2026-03-23 21:00:00,2.47,8.33,89.97,0.34,26.65,0.13,1,Good
Bandung,2026-03-23 22:00:00,2.44,8.27,89.04,0.31,26.61,0.12,1,Good
Bandung,2026-03-23 23:00:00,2.43,8.23,88.89,0.3,26.57,0.11,1,Good
Bandung,2026-03-24 00:00:00,2.42,8.18,89.72,0.3,26.58,0.11,1,Good
Bandung,2026-03-24 01:00:00,2.39,8.03,90.41,0.25,27.12,0.12,1,Good
Bandung,2026-03-24 02:00:00,2.33,7.77,89.01,0.19,28.32,0.11,1,Good
Bandung,2026-03-24 03:00:00,2.26,7.48,85.93,0.13,29.34,0.09,1,Good
Bandung,2026-03-24 04:00:00,2.14,7.08,82.43,0.08,29.8,0.07,1,Good
Bandung,2026-03-24 05:00:00,2.01,6.68,79.84,0.06,29.68,0.06,1,Good
Bandung,2026-03-24 06:00:00,1.95,6.47,78.33,0.05,29.11,0.06,1,Good
Bandung,2026-03-24 07:00:00,1.88,6.27,77.76,0.05,28.46,0.06,1,Good
Bandung,2026-03-24 08:00:00,1.82,6.09,77.25,0.05,27.82,0.07,1,Good
Bandung,2026-03-24 09:00:00,1.75,5.89,77.3,0.06,27.5,0.08,1,Good
Bandung,2026-03-24 10:00:00,1.72,5.73,78.05,0.09,27.23,0.09,1,Good
Bandung,2026-03-24 11:00:00,1.75,5.69,80.84,0.18,26.63,0.12,1,Good
Bandung,2026-03-24 12:00:00,1.83,5.77,85.82,0.32,25.9,0.16,1,Good
Bandung,2026-03-24 13:00:00,1.98,5.99,94.88,0.57,24.99,0.21,1,Good
Bandung,2026-03-24 14:00:00,2.09,5.55,106.11,0.85,24.22,0.24,1,Good
Bandung,2026-03-24 15:00:00,2.08,4.68,113.27,1.03,23.87,0.23,1,Good
Bandung,2026-03-24 16:00:00,2.01,3.86,114.12,1.07,23.79,0.21,1,Good
Bandung,2026-03-24 17:00:00,2.05,3.76,115.48,1.14,23.26,0.19,1,Good
Bandung,2026-03-24 18:00:00,1.98,3.74,111.64,1.07,23.01,0.18,1,Good
Bandung,2026-03-24 19:00:00,1.75,3.58,102.2,0.83,23.06,0.16,1,Good
Bandung,2026-03-24 20:00:00,1.72,3.57,100.33,0.76,22.92,0.15,1,Good
Bandung,2026-03-24 21:00:00,1.59,3.31,96.17,0.65,23.04,0.14,1,Good
Bandung,2026-03-24 22:00:00,1.33,2.76,88.81,0.48,23.54,0.11,1,Good
Bandung,2026-03-24 23:00:00,1.19,2.47,84.49,0.39,23.65,0.11,1,Good
Bandung,2026-03-25 00:00:00,1.1,2.24,81.69,0.35,23.7,0.11,1,Good
Bandung,2026-03-25 01:00:00,0.99,1.82,80.73,0.32,23.86,0.1,1,Good
Bandung,2026-03-25 02:00:00,0.97,1.75,79.92,0.27,24.03,0.09,1,Good
Bandung,2026-03-25 03:00:00,0.99,1.85,78.12,0.21,24.49,0.09,1,Good
Bandung,2026-03-25 04:00:00,0.96,1.89,75.42,0.14,24.85,0.08,1,Good
Bandung,2026-03-25 05:00:00,0.91,1.82,74.37,0.11,24.95,0.07,1,Good
Bandung,2026-03-25 06:00:00,0.86,1.69,73.86,0.1,24.95,0.07,1,Good
Bandung,2026-03-25 07:00:00,0.8,1.57,73.97,0.1,24.84,0.07,1,Good
Bandung,2026-03-25 08:00:00,0.74,1.46,74.25,0.11,24.73,0.07,1,Good
Bandung,2026-03-25 09:00:00,0.67,1.37,74.56,0.13,24.59,0.07,1,Good
Bandung,2026-03-25 10:00:00,0.64,1.4,75.1,0.16,24.41,0.07,1,Good
Bandung,2026-03-25 11:00:00,0.65,1.49,76.09,0.21,24.1,0.08,1,Good
Bandung,2026-03-25 12:00:00,0.66,1.5,77.26,0.25,23.78,0.09,1,Good
Bandung,2026-03-25 13:00:00,0.67,1.42,78.35,0.28,23.46,0.09,1,Good
Bandung,2026-03-25 14:00:00,0.68,1.31,80.1,0.32,23.22,0.09,1,Good
Bandung,2026-03-25 15:00:00,0.68,1.21,81.19,0.36,23.0,0.08,1,Good
Bandung,2026-03-25 16:00:00,0.72,1.22,83.11,0.43,22.64,0.08,1,Good
Bandung,2026-03-25 17:00:00,0.81,1.39,85.08,0.54,22.19,0.09,1,Good
Bandung,2026-03-25 18:00:00,0.9,1.62,86.0,0.63,21.76,0.1,1,Good
Bandung,2026-03-25 19:00:00,0.98,1.87,86.15,0.68,21.34,0.11,1,Good
Bandung,2026-03-25 20:00:00,1.06,2.12,86.23,0.72,20.95,0.12,1,Good
Bandung,2026-03-25 21:00:00,1.16,2.4,86.78,0.76,20.6,0.14,1,Good
Bandung,2026-03-25 22:00:00,1.24,2.63,87.22,0.78,20.33,0.15,1,Good
Bandung,2026-03-25 23:00:00,1.37,2.91,89.82,0.85,19.87,0.15,1,Good
Bandung,2026-03-26 00:00:00,1.51,3.2,93.62,0.94,19.31,0.16,1,Good
Bandung,2026-03-26 01:00:00,1.67,3.4,97.69,1.02,18.6,0.19,1,Good
Bandung,2026-03-26 02:00:00,1.83,3.49,101.06,1.07,18.13,0.22,1,Good
Bandung,2026-03-26 03:00:00,1.98,3.5,103.43,1.07,18.16,0.27,1,Good
Bandung,2026-03-26 04:00:00,2.22,3.6,106.82,1.04,19.85,0.36,1,Good
Bandung,2026-03-26 05:00:00,2.93,4.35,112.47,1.05,23.28,0.42,1,Good
Bandung,2026-03-26 06:00:00,3.6,5.12,115.65,0.87,27.75,0.4,1,Good
Bandung,2026-03-26 07:00:00,3.78,5.55,113.66,0.66,30.72,0.33,1,Good
Bandung,2026-03-26 08:00:00,3.45,5.3,108.42,0.53,30.76,0.26,1,Good
Bandung,2026-03-26 09:00:00,2.89,4.52,102.5,0.48,28.82,0.21,1,Good
Bandung,2026-03-26 10:00:00,2.31,3.66,96.87,0.48,26.26,0.18,1,Good
Bandung,2026-03-26 11:00:00,1.84,2.98,92.56,0.51,23.89,0.16,1,Good
Bandung,2026-03-26 12:00:00,1.52,2.43,89.42,0.56,22.21,0.14,1,Good
Bandung,2026-03-26 13:00:00,1.26,1.92,87.47,0.58,21.26,0.12,1,Good
Bandung,2026-03-26 14:00:00,1.18,1.85,88.06,0.65,20.63,0.11,1,Good
Bandung,2026-03-26 15:00:00,1.17,1.89,89.64,0.73,20.15,0.12,1,Good
Bandung,2026-03-26 16:00:00,1.2,1.93,91.48,0.79,19.85,0.12,1,Good
Bandung,2026-03-26 17:00:00,1.16,1.92,90.93,0.77,19.77,0.12,1,Good
Bandung,2026-03-26 18:00:00,1.09,1.86,89.74,0.71,19.84,0.11,1,Good
Bandung,2026-03-26 19:00:00,1.0,1.8,88.48,0.64,20.0,0.1,1,Good
Bandung,2026-03-26 20:00:00,0.95,1.77,89.27,0.63,20.14,0.09,1,Good
Bandung,2026-03-26 21:00:00,0.93,1.71,91.55,0.66,20.19,0.09,1,Good
Bandung,2026-03-26 22:00:00,0.91,1.61,94.18,0.69,20.22,0.1,1,Good
Bandung,2026-03-26 23:00:00,0.91,1.58,95.79,0.72,20.23,0.1,1,Good
Bandung,2026-03-27 00:00:00,0.93,1.59,96.82,0.79,20.2,0.11,1,Good
Bandung,2026-03-27 01:00:00,0.98,1.7,97.64,0.89,20.17,0.13,1,Good
Bandung,2026-03-27 02:00:00,1.04,1.81,98.01,0.91,20.38,0.14,1,Good
Bandung,2026-03-27 03:00:00,1.1,1.87,96.8,0.8,21.26,0.15,1,Good
Bandung,2026-03-27 04:00:00,1.26,1.97,96.88,0.79,23.23,0.16,1,Good
Bandung,2026-03-27 05:00:00,1.53,2.24,98.89,0.86,25.19,0.18,1,Good
Bandung,2026-03-27 06:00:00,1.85,2.58,99.61,0.84,27.4,0.2,1,Good
Bandung,2026-03-27 07:00:00,1.95,2.76,97.38,0.79,29.07,0.2,1,Good
Bandung,2026-03-27 08:00:00,1.99,2.9,96.66,0.78,30.1,0.2,1,Good
Bandung,2026-03-27 09:00:00,2.12,3.08,99.54,0.81,30.73,0.21,1,Good
Bandung,2026-03-27 10:00:00,2.16,3.13,102.98,0.84,30.78,0.21,1,Good
Bandung,2026-03-27 11:00:00,2.24,3.08,108.91,0.92,30.37,0.24,1,Good
Bandung,2026-03-27 12:00:00,2.34,3.06,116.56,1.07,29.72,0.27,1,Good
Bandung,2026-03-27 13:00:00,2.57,3.29,129.07,1.4,28.83,0.34,1,Good
Bandung,2026-03-27 14:00:00,3.08,3.99,151.46,2.08,27.45,0.47,1,Good
Bandung,2026-03-27 15:00:00,3.86,5.02,181.44,3.0,25.96,0.65,1,Good
Bandung,2026-03-27 16:00:00,4.83,6.18,218.56,4.09,24.4,0.86,1,Good
Bandung,2026-03-27 17:00:00,5.75,7.24,250.38,4.8,23.34,1.01,1,Good
Bandung,2026-03-27 18:00:00,6.64,8.27,276.43,5.2,22.67,1.09,1,Good
Bandung,2026-03-27 19:00:00,7.34,9.07,293.38,5.39,21.99,1.09,1,Good
Bandung,2026-03-27 20:00:00,7.96,9.7,307.56,5.53,21.39,1.04,1,Good
Bandung,2026-03-27 21:00:00,8.55,10.25,320.68,5.7,20.75,0.98,1,Good
Bandung,2026-03-27 22:00:00,9.05,10.63,333.42,5.88,20.16,0.9,1,Good
Bandung,2026-03-27 23:00:00,9.33,10.76,340.76,6.08,19.59,0.82,1,Good
Bandung,2026-03-28 00:00:00,9.41,10.72,342.14,6.19,19.0,0.74,1,Good
Bandung,2026-03-28 01:00:00,9.72,11.0,352.96,6.67,18.02,0.69,1,Good
Bandung,2026-03-28 02:00:00,9.73,10.88,357.73,6.94,17.62,0.58,1,Good
Bandung,2026-03-28 03:00:00,9.16,10.06,340.89,6.43,19.07,0.46,1,Good
Bandung,2026-03-28 04:00:00,8.66,9.45,303.82,4.96,24.31,0.4,1,Good
Bandung,2026-03-28 05:00:00,9.54,10.41,286.3,4.14,30.37,0.39,1,Good
Bandung,2026-03-28 06:00:00,11.05,12.03,275.27,3.57,36.25,0.42,2,Fair
Bandung,2026-03-28 07:00:00,12.71,13.68,261.53,3.18,42.42,0.46,2,Fair
Bandung,2026-03-28 08:00:00,13.63,14.61,251.72,3.13,45.71,0.49,2,Fair
Bandung,2026-03-28 09:00:00,13.73,14.71,244.62,3.09,47.48,0.49,2,Fair
Bandung,2026-03-28 10:00:00,13.33,14.27,239.84,3.15,47.15,0.46,2,Fair
Bandung,2026-03-28 11:00:00,13.13,14.08,242.26,3.3,45.05,0.46,2,Fair
Bandung,2026-03-28 12:00:00,13.19,14.18,254.24,3.44,42.75,0.49,2,Fair
Bandung,2026-03-28 13:00:00,13.74,14.79,277.24,3.8,40.86,0.54,2,Fair
Bandung,2026-03-28 14:00:00,14.37,15.46,302.88,4.21,39.42,0.59,2,Fair
Bandung,2026-03-28 15:00:00,14.93,16.06,327.85,4.59,38.04,0.64,2,Fair
Bandung,2026-03-28 16:00:00,15.57,16.74,355.82,5.06,36.67,0.69,2,Fair
Bandung,2026-03-28 17:00:00,16.61,17.82,385.59,5.44,35.88,0.72,2,Fair
Bandung,2026-03-28 18:00:00,17.82,19.02,414.56,5.57,35.9,0.68,2,Fair
Bandung,2026-03-28 19:00:00,18.58,19.72,424.07,5.02,36.93,0.57,2,Fair
Bandung,2026-03-28 20:00:00,20.21,21.45,454.65,4.82,37.91,0.53,2,Fair
Bandung,2026-03-28 21:00:00,22.85,24.23,506.22,4.78,39.23,0.52,2,Fair
Bandung,2026-03-28 22:00:00,25.95,27.48,564.56,4.6,41.39,0.52,3,Moderate
Bandung,2026-03-28 23:00:00,28.4,30.09,602.67,4.28,43.65,0.55,3,Moderate
Bandung,2026-03-29 00:00:00,30.31,32.21,630.54,4.02,46.16,0.6,3,Moderate
Bandung,2026-03-29 01:00:00,31.99,34.1,653.05,3.73,51.01,0.67,3,Moderate
Bandung,2026-03-29 02:00:00,36.39,38.88,683.22,3.13,63.3,0.76,3,Moderate
Bandung,2026-03-29 03:00:00,44.25,47.11,705.63,2.25,82.05,0.83,3,Moderate
Bandung,2026-03-29 04:00:00,53.64,56.64,710.83,1.58,100.05,0.87,4,Poor
Bandung,2026-03-29 05:00:00,60.22,63.1,694.43,1.36,109.65,0.87,4,Poor
Bandung,2026-03-29 06:00:00,64.11,66.81,672.24,1.28,114.24,0.84,4,Poor
Bandung,2026-03-29 07:00:00,64.12,66.52,639.31,1.22,114.13,0.77,4,Poor
Bandung,2026-03-29 08:00:00,61.73,63.89,610.04,1.24,111.67,0.68,4,Poor
Bandung,2026-03-29 09:00:00,58.69,60.67,587.29,1.27,109.1,0.61,4,Poor
Bandung,2026-03-29 10:00:00,54.89,56.67,567.44,1.25,105.93,0.54,4,Poor
Bandung,2026-03-29 11:00:00,51.83,53.44,548.35,1.15,103.05,0.49,4,Poor
Bandung,2026-03-29 12:00:00,49.51,51.0,534.11,1.02,100.94,0.47,3,Moderate
Bandung,2026-03-29 13:00:00,46.92,48.2,517.67,0.92,98.44,0.48,3,Moderate
Bandung,2026-03-29 14:00:00,44.4,45.47,501.54,0.84,96.36,0.48,3,Moderate
Bandung,2026-03-29 15:00:00,42.38,43.32,489.32,0.77,94.52,0.47,3,Moderate
Bandung,2026-03-29 16:00:00,40.5,41.36,477.93,0.74,91.97,0.47,3,Moderate
Bandung,2026-03-29 17:00:00,38.81,39.63,469.06,0.73,89.64,0.46,3,Moderate
Bandung,2026-03-29 18:00:00,36.75,37.53,456.19,0.68,87.08,0.43,3,Moderate
Bandung,2026-03-29 19:00:00,34.14,34.86,441.54,0.61,84.27,0.37,3,Moderate
Bandung,2026-03-29 20:00:00,31.96,32.65,433.77,0.58,81.77,0.33,3,Moderate
Bandung,2026-03-29 21:00:00,30.43,31.11,430.21,0.56,79.62,0.3,3,Moderate
Bandung,2026-03-29 22:00:00,29.13,29.76,421.54,0.49,78.03,0.24,3,Moderate
Bandung,2026-03-29 23:00:00,27.58,28.2,415.49,0.47,76.47,0.21,3,Moderate
Bandung,2026-03-30 00:00:00,25.44,26.06,407.07,0.47,74.73,0.18,3,Moderate
Bandung,2026-03-30 01:00:00,23.34,24.06,395.6,0.5,72.57,0.16,2,Fair
Bandung,2026-03-30 02:00:00,21.72,22.54,383.54,0.51,70.66,0.14,2,Fair
Bandung,2026-03-30 03:00:00,20.26,21.14,371.58,0.46,69.09,0.12,2,Fair
Bandung,2026-03-30 04:00:00,19.09,20.02,359.32,0.34,67.48,0.1,2,Fair
Bandung,2026-03-30 05:00:00,17.66,18.57,346.47,0.25,65.76,0.08,2,Fair
Bandung,2026-03-30 06:00:00,16.08,16.94,330.39,0.2,63.71,0.07,2,Fair
Bandung,2026-03-30 07:00:00,13.34,14.02,312.32,0.19,61.91,0.05,2,Fair
Bandung,2026-03-30 08:00:00,11.4,12.04,296.69,0.24,59.82,0.05,2,Fair
Bandung,2026-03-30 09:00:00,10.37,11.06,283.31,0.3,57.95,0.06,2,Fair
Bandung,2026-03-30 10:00:00,9.38,10.12,269.26,0.37,56.2,0.08,1,Good
Bandung,2026-03-30 11:00:00,8.16,8.98,251.7,0.4,53.94,0.09,1,Good
Bandung,2026-03-30 12:00:00,6.72,7.69,231.77,0.35,51.52,0.08,1,Good
Bandung,2026-03-30 13:00:00,5.11,6.24,209.97,0.27,48.65,0.07,1,Good
Bandung,2026-03-30 14:00:00,3.8,5.09,194.34,0.27,45.63,0.08,1,Good
Bandung,2026-03-30 15:00:00,2.92,4.3,184.44,0.28,42.98,0.08,1,Good
Bandung,2026-03-30 16:00:00,2.28,3.61,178.36,0.27,40.68,0.09,1,Good
Bandung,2026-03-30 17:00:00,1.77,3.02,172.66,0.25,38.46,0.09,1,Good
Bandung,2026-03-30 18:00:00,1.57,2.71,169.32,0.26,36.09,0.1,1,Good
Bandung,2026-03-30 19:00:00,1.52,2.53,167.49,0.3,33.78,0.11,1,Good
Bandung,2026-03-30 20:00:00,1.62,2.72,166.0,0.36,31.38,0.14,1,Good
Bandung,2026-03-30 21:00:00,1.77,3.0,164.34,0.45,29.01,0.18,1,Good
Bandung,2026-03-30 22:00:00,1.95,3.42,162.58,0.56,26.84,0.22,1,Good
Bandung,2026-03-30 23:00:00,2.21,3.96,162.42,0.72,24.93,0.28,1,Good
Bandung,2026-03-31 00:00:00,2.41,4.38,161.2,0.87,23.31,0.33,1,Good
Bandung,2026-03-31 01:00:00,2.45,4.53,155.13,0.88,22.26,0.36,1,Good
Bandung,2026-03-31 02:00:00,2.44,4.64,145.85,0.74,22.78,0.37,1,Good
Bandung,2026-03-31 03:00:00,2.54,4.84,137.92,0.59,25.21,0.38,1,Good
Bandung,2026-03-31 04:00:00,2.53,4.89,124.54,0.39,27.76,0.34,1,Good
Bandung,2026-03-31 05:00:00,2.56,4.76,113.49,0.28,29.56,0.31,1,Good
Bandung,2026-03-31 06:00:00,2.81,4.7,107.13,0.23,31.07,0.3,1,Good
Bandung,2026-03-31 07:00:00,3.1,4.81,102.05,0.19,32.33,0.28,1,Good
Bandung,2026-03-31 08:00:00,3.35,5.15,98.49,0.18,33.18,0.26,1,Good
Bandung,2026-03-31 09:00:00,3.52,5.44,96.69,0.2,34.03,0.25,1,Good
Bandung,2026-03-31 10:00:00,3.57,5.66,96.52,0.24,34.69,0.25,1,Good
Bandung,2026-03-31 11:00:00,3.49,5.84,97.97,0.33,34.75,0.27,1,Good
Bandung,2026-03-31 12:00:00,3.39,6.02,101.76,0.4,34.73,0.3,1,Good
Bandung,2026-03-31 13:00:00,3.2,6.21,104.04,0.46,34.57,0.34,1,Good
Bandung,2026-03-31 14:00:00,3.05,6.45,108.77,0.56,34.37,0.38,1,Good
Bandung,2026-03-31 15:00:00,3.0,6.47,117.91,0.71,34.45,0.43,1,Good
Bandung,2026-03-31 16:00:00,3.04,6.37,130.98,0.9,34.6,0.48,1,Good
Bandung,2026-03-31 17:00:00,2.94,6.17,139.28,1.02,34.69,0.49,1,Good
Bandung,2026-03-31 18:00:00,2.86,6.02,143.13,1.06,34.38,0.48,1,Good
Bandung,2026-03-31 19:00:00,2.87,6.15,145.22,1.07,33.88,0.48,1,Good
Bandung,2026-03-31 20:00:00,3.06,6.63,148.31,1.08,33.12,0.51,1,Good
Bandung,2026-03-31 21:00:00,3.33,7.13,151.39,1.1,32.37,0.54,1,Good
Bandung,2026-03-31 22:00:00,3.43,6.92,152.02,1.12,31.55,0.54,1,Good
Bandung,2026-03-31 23:00:00,3.51,6.71,151.43,1.15,30.71,0.52,1,Good
Bandung,2026-04-01 00:00:00,3.6,6.56,150.54,1.2,30.11,0.49,1,Good
Bandung,2026-04-01 01:00:00,3.75,6.76,148.63,1.22,30.3,0.45,1,Good
Bandung,2026-04-01 02:00:00,3.99,7.23,143.89,1.13,31.89,0.4,1,Good
Bandung,2026-04-01 03:00:00,4.4,7.69,136.7,0.9,34.85,0.34,1,Good
Bandung,2026-04-01 04:00:00,5.23,8.76,128.08,0.61,38.36,0.3,1,Good
Bandung,2026-04-01 05:00:00,6.13,9.94,120.78,0.43,40.62,0.29,1,Good
Bandung,2026-04-01 06:00:00,6.53,10.37,113.72,0.35,41.0,0.28,1,Good
Bandung,2026-04-01 07:00:00,6.14,10.03,107.01,0.34,39.66,0.25,1,Good
Bandung,2026-04-01 08:00:00,5.39,9.32,102.57,0.38,37.58,0.22,1,Good
Bandung,2026-04-01 09:00:00,4.61,8.62,99.77,0.42,35.47,0.2,1,Good
Bandung,2026-04-01 10:00:00,3.83,8.11,97.0,0.45,33.48,0.19,1,Good
Bandung,2026-04-01 11:00:00,3.38,8.29,94.15,0.44,32.0,0.19,1,Good
Bandung,2026-04-01 12:00:00,3.28,8.94,91.99,0.42,31.37,0.19,1,Good
Bandung,2026-04-01 13:00:00,3.34,9.36,89.4,0.37,30.99,0.18,1,Good
Bandung,2026-04-01 14:00:00,3.47,9.41,88.13,0.37,30.59,0.19,1,Good
Bandung,2026-04-01 15:00:00,3.5,9.13,86.98,0.36,30.22,0.19,1,Good
Bandung,2026-04-01 16:00:00,3.4,8.24,87.22,0.37,29.94,0.19,1,Good
Bandung,2026-04-01 17:00:00,3.3,7.13,89.91,0.42,30.06,0.19,1,Good
Bandung,2026-04-01 18:00:00,3.21,6.23,93.28,0.48,30.22,0.19,1,Good
Bandung,2026-04-01 19:00:00,3.08,5.45,96.8,0.53,30.31,0.2,1,Good
Bandung,2026-04-01 20:00:00,3.03,5.13,100.81,0.58,30.3,0.23,1,Good
Bandung,2026-04-01 21:00:00,2.97,4.87,103.79,0.59,30.22,0.25,1,Good
Bandung,2026-04-01 22:00:00,2.73,4.47,102.42,0.55,29.86,0.25,1,Good
Bandung,2026-04-01 23:00:00,2.55,4.18,100.85,0.51,29.42,0.24,1,Good
Bandung,2026-04-02 00:00:00,2.43,3.97,100.22,0.51,29.09,0.24,1,Good
Bandung,2026-04-02 01:00:00,2.37,3.83,98.84,0.46,29.4,0.24,1,Good
Bandung,2026-04-02 02:00:00,2.32,3.71,94.1,0.34,30.63,0.21,1,Good
Bandung,2026-04-02 03:00:00,2.43,3.79,89.66,0.23,32.08,0.18,1,Good
Bandung,2026-04-02 04:00:00,2.59,3.92,86.22,0.16,32.76,0.16,1,Good
Bandung,2026-04-02 05:00:00,2.75,4.09,83.86,0.12,32.49,0.14,1,Good
Bandung,2026-04-02 06:00:00,2.83,4.21,81.92,0.1,31.75,0.13,1,Good
Bandung,2026-04-02 07:00:00,2.78,4.18,80.43,0.1,30.84,0.12,1,Good
Bandung,2026-04-02 08:00:00,2.65,4.1,79.83,0.12,30.07,0.12,1,Good
Bandung,2026-04-02 09:00:00,2.48,4.02,80.77,0.17,29.31,0.14,1,Good
Bandung,2026-04-02 10:00:00,2.35,3.98,82.95,0.25,28.61,0.16,1,Good
Bandung,2026-04-02 11:00:00,2.31,4.01,84.79,0.33,28.12,0.16,1,Good
Bandung,2026-04-02 12:00:00,2.29,4.04,86.57,0.42,27.7,0.16,1,Good
Bandung,2026-04-02 13:00:00,2.28,3.87,88.51,0.51,26.99,0.17,1,Good
Bandung,2026-04-02 14:00:00,2.32,3.84,90.6,0.57,26.51,0.18,1,Good
Bandung,2026-04-02 15:00:00,2.37,3.88,92.46,0.62,26.24,0.18,1,Good
Bandung,2026-04-02 16:00:00,2.46,4.2,94.46,0.66,25.95,0.2,1,Good
Bandung,2026-04-02 17:00:00,2.54,4.47,96.49,0.7,25.75,0.22,1,Good
Bandung,2026-04-02 18:00:00,2.58,4.54,97.75,0.72,25.59,0.23,1,Good
Bandung,2026-04-02 19:00:00,2.57,4.4,97.63,0.7,25.45,0.24,1,Good
Bandung,2026-04-02 20:00:00,2.54,4.32,97.01,0.67,25.26,0.25,1,Good
Bandung,2026-04-02 21:00:00,2.54,4.36,96.81,0.64,25.05,0.26,1,Good
Bandung,2026-04-02 22:00:00,2.4,4.09,93.72,0.58,24.92,0.24,1,Good
Bandung,2026-04-02 23:00:00,2.43,4.03,93.95,0.61,24.83,0.24,1,Good
Bandung,2026-04-03 00:00:00,2.59,4.18,95.94,0.66,24.85,0.24,1,Good
Bandung,2026-04-03 01:00:00,2.75,4.43,98.11,0.65,25.42,0.24,1,Good
Bandung,2026-04-03 02:00:00,2.89,4.67,98.95,0.63,26.5,0.24,1,Good
Bandung,2026-04-03 03:00:00,2.91,4.74,97.1,0.55,27.47,0.21,1,Good
Bandung,2026-04-03 04:00:00,2.9,4.76,93.93,0.4,28.29,0.19,1,Good
Bandung,2026-04-03 05:00:00,2.99,4.95,90.74,0.29,28.8,0.17,1,Good
Bandung,2026-04-03 06:00:00,2.98,4.95,86.86,0.22,28.81,0.16,1,Good
Bandung,2026-04-03 07:00:00,2.75,4.68,82.65,0.2,28.2,0.14,1,Good
Bandung,2026-04-03 08:00:00,2.32,4.14,79.43,0.22,27.0,0.12,1,Good
Bandung,2026-04-03 09:00:00,1.95,3.64,77.48,0.25,25.98,0.11,1,Good
Bandung,2026-04-03 10:00:00,1.65,3.24,76.27,0.27,25.26,0.11,1,Good
Bandung,2026-04-03 11:00:00,1.59,3.3,76.28,0.31,24.98,0.13,1,Good
Bandung,2026-04-03 12:00:00,1.72,3.72,77.27,0.34,24.88,0.14,1,Good
Bandung,2026-04-03 13:00:00,1.86,3.99,78.73,0.39,24.72,0.16,1,Good
Bandung,2026-04-03 14:00:00,1.88,3.87,80.2,0.43,24.36,0.17,1,Good
Bandung,2026-04-03 15:00:00,1.79,3.6,81.2,0.46,23.87,0.17,1,Good
Bandung,2026-04-03 16:00:00,1.77,3.4,83.23,0.52,23.3,0.18,1,Good
Bandung,2026-04-03 17:00:00,1.87,3.53,86.49,0.6,22.84,0.2,1,Good
Bandung,2026-04-03 18:00:00,1.93,3.6,89.29,0.66,22.43,0.22,1,Good
Bandung,2026-04-03 19:00:00,1.99,3.62,92.34,0.7,22.14,0.24,1,Good
Bandung,2026-04-03 20:00:00,2.1,3.69,96.15,0.75,21.96,0.26,1,Good
Bandung,2026-04-03 21:00:00,2.25,3.81,100.67,0.81,22.0,0.29,1,Good
Bandung,2026-04-03 22:00:00,2.38,3.89,104.68,0.84,22.26,0.31,1,Good
Bandung,2026-04-03 23:00:00,2.49,3.96,108.06,0.87,22.63,0.32,1,Good
Bandung,2026-04-04 00:00:00,2.59,4.0,111.09,0.91,22.98,0.33,1,Good
Bandung,2026-04-04 01:00:00,2.69,4.42,111.64,0.88,23.51,0.33,1,Good
Bandung,2026-04-04 02:00:00,2.81,4.9,109.01,0.7,24.73,0.29,1,Good
Bandung,2026-04-04 03:00:00,2.93,5.09,104.15,0.49,26.33,0.24,1,Good
Bandung,2026-04-04 04:00:00,3.05,5.24,98.29,0.32,27.52,0.2,1,Good
Bandung,2026-04-04 05:00:00,3.01,5.22,92.5,0.22,27.45,0.17,1,Good
Bandung,2026-04-04 06:00:00,2.8,4.92,87.31,0.17,26.74,0.14,1,Good
Bandung,2026-04-04 07:00:00,2.43,4.15,83.85,0.15,26.12,0.11,1,Good
Bandung,2026-04-04 08:00:00,2.18,3.72,83.7,0.16,26.04,0.09,1,Good
Bandung,2026-04-04 09:00:00,2.13,3.66,87.11,0.2,26.82,0.09,1,Good
Bandung,2026-04-04 10:00:00,2.23,3.8,94.26,0.27,28.35,0.1,1,Good
Bandung,2026-04-04 11:00:00,2.51,4.24,103.53,0.36,30.19,0.12,1,Good
Bandung,2026-04-04 12:00:00,2.91,4.86,115.84,0.47,32.36,0.14,1,Good
Bandung,2026-04-04 13:00:00,3.44,5.34,130.7,0.6,34.93,0.17,1,Good
Bandung,2026-04-04 14:00:00,4.1,5.96,148.16,0.74,37.27,0.2,1,Good
Bandung,2026-04-04 15:00:00,4.82,6.7,166.97,0.89,39.1,0.24,1,Good
Bandung,2026-04-04 16:00:00,5.57,7.46,189.61,1.11,40.14,0.3,1,Good
Bandung,2026-04-04 17:00:00,6.22,8.1,213.78,1.31,41.06,0.36,1,Good
Bandung,2026-04-04 18:00:00,6.63,8.43,234.59,1.45,41.83,0.42,1,Good
Bandung,2026-04-04 19:00:00,6.71,8.42,248.55,1.48,42.45,0.46,1,Good
Bandung,2026-04-04 20:00:00,6.65,8.53,253.34,1.43,42.67,0.47,1,Good
Bandung,2026-04-04 21:00:00,6.48,8.61,250.24,1.33,42.32,0.47,1,Good
Bandung,2026-04-04 22:00:00,6.09,8.24,237.31,1.2,41.36,0.45,1,Good
Bandung,2026-04-04 23:00:00,5.67,7.72,220.6,1.07,39.74,0.4,1,Good
Bandung,2026-04-05 00:00:00,5.27,7.27,205.09,0.99,37.91,0.35,1,Good
Bandung,2026-04-05 01:00:00,4.8,6.89,191.48,0.98,36.26,0.31,1,Good
Bandung,2026-04-05 02:00:00,4.38,6.52,178.56,0.96,35.1,0.28,1,Good
Bandung,2026-04-05 03:00:00,3.98,6.06,167.06,0.88,34.57,0.26,1,Good
Bandung,2026-04-05 04:00:00,3.89,5.9,158.13,0.7,35.46,0.23,1,Good
Bandung,2026-04-05 05:00:00,4.13,6.06,150.67,0.51,37.16,0.22,1,Good
Bandung,2026-04-05 06:00:00,4.49,6.3,143.35,0.39,38.48,0.21,1,Good
Bandung,2026-04-05 07:00:00,4.62,6.23,135.68,0.34,38.6,0.19,1,Good
Bandung,2026-04-05 08:00:00,4.34,5.75,128.93,0.34,37.59,0.17,1,Good
Bandung,2026-04-05 09:00:00,3.93,5.2,124.74,0.36,36.49,0.17,1,Good
Bandung,2026-04-05 10:00:00,3.46,4.56,122.15,0.39,35.47,0.16,1,Good
Bandung,2026-04-05 11:00:00,3.12,4.06,121.87,0.42,34.81,0.17,1,Good
Bandung,2026-04-05 12:00:00,2.97,3.78,125.52,0.45,34.57,0.2,1,Good
Bandung,2026-04-05 13:00:00,3.02,3.79,131.64,0.51,34.52,0.24,1,Good
Bandung,2026-04-05 14:00:00,3.16,3.96,139.21,0.58,34.89,0.26,1,Good
Bandung,2026-04-05 15:00:00,3.34,4.22,146.66,0.64,35.26,0.28,1,Good
Bandung,2026-04-05 16:00:00,3.64,4.53,157.93,0.74,35.3,0.32,1,Good
Bandung,2026-04-05 17:00:00,4.0,4.85,170.11,0.89,34.82,0.36,1,Good
Bandung,2026-04-05 18:00:00,4.31,5.11,179.18,1.03,34.15,0.39,1,Good
Bandung,2026-04-05 19:00:00,4.59,5.39,189.36,1.18,33.21,0.41,1,Good
Bandung,2026-04-05 20:00:00,4.95,5.78,203.88,1.38,31.99,0.43,1,Good
Bandung,2026-04-05 21:00:00,5.24,6.08,216.14,1.53,30.87,0.44,1,Good
Bandung,2026-04-05 22:00:00,5.07,5.84,210.56,1.44,30.68,0.41,1,Good
Bandung,2026-04-05 23:00:00,4.82,5.51,202.35,1.28,30.36,0.36,1,Good
Bandung,2026-04-06 00:00:00,4.48,5.09,192.37,1.12,30.09,0.29,1,Good
Bandung,2026-04-06 01:00:00,4.16,4.7,181.04,0.99,29.8,0.22,1,Good
Bandung,2026-04-06 02:00:00,3.91,4.46,169.77,0.88,29.26,0.18,1,Good
Bandung,2026-04-06 03:00:00,3.64,4.22,154.38,0.72,28.81,0.16,1,Good
Bandung,2026-04-06 04:00:00,3.51,4.13,137.19,0.51,29.01,0.13,1,Good
Bandung,2026-04-06 05:00:00,3.45,4.06,121.77,0.36,29.05,0.11,1,Good
Bandung,2026-04-06 06:00:00,3.34,3.91,108.26,0.26,28.78,0.09,1,Good
Bandung,2026-04-06 07:00:00,3.0,3.52,97.71,0.21,28.34,0.07,1,Good
Bandung,2026-04-06 08:00:00,2.55,3.06,91.42,0.2,27.72,0.06,1,Good
Bandung,2026-04-06 09:00:00,2.12,2.64,88.13,0.2,27.26,0.05,1,Good
Bandung,2026-04-06 10:00:00,1.69,2.24,86.37,0.22,26.96,0.05,1,Good
Bandung,2026-04-06 11:00:00,1.38,2.0,85.35,0.23,26.76,0.05,1,Good
Bandung,2026-04-06 12:00:00,1.22,1.92,85.25,0.25,26.64,0.06,1,Good
Bandung,2026-04-06 13:00:00,1.15,1.9,85.12,0.26,26.56,0.06,1,Good
Bandung,2026-04-06 14:00:00,1.14,1.98,85.57,0.29,26.54,0.07,1,Good
Bandung,2026-04-06 15:00:00,1.19,2.18,86.68,0.33,26.51,0.08,1,Good
Bandung,2026-04-06 16:00:00,1.31,2.41,89.69,0.4,26.42,0.09,1,Good
Bandung,2026-04-06 17:00:00,1.46,2.59,93.51,0.48,26.43,0.11,1,Good
Bandung,2026-04-06 18:00:00,1.62,2.77,97.84,0.56,26.51,0.13,1,Good
Bandung,2026-04-06 19:00:00,1.77,2.95,102.95,0.63,26.73,0.14,1,Good
Bandung,2026-04-06 20:00:00,1.91,3.12,107.96,0.7,26.97,0.17,1,Good
Bandung,2026-04-06 21:00:00,2.08,3.35,112.85,0.76,27.24,0.19,1,Good
Bandung,2026-04-06 22:00:00,2.21,3.47,115.9,0.8,27.52,0.21,1,Good
Bandung,2026-04-06 23:00:00,2.38,3.61,119.87,0.84,27.74,0.22,1,Good
Bandung,2026-04-07 00:00:00,2.61,3.82,125.24,0.9,27.98,0.24,1,Good
Bandung,2026-04-07 01:00:00,2.92,4.04,131.24,0.93,28.84,0.26,1,Good
Bandung,2026-04-07 02:00:00,3.1,4.09,131.24,0.88,30.06,0.25,1,Good
Bandung,2026-04-07 03:00:00,3.11,3.95,125.07,0.73,30.99,0.22,1,Good
Bandung,2026-04-07 04:00:00,2.96,3.71,115.5,0.55,30.99,0.18,1,Good
Bandung,2026-04-07 05:00:00,2.81,3.52,106.63,0.4,30.82,0.15,1,Good
Bandung,2026-04-07 06:00:00,2.63,3.31,98.79,0.3,30.51,0.12,1,Good
Bandung,2026-04-07 07:00:00,2.47,3.14,92.68,0.24,30.24,0.1,1,Good
Bandung,2026-04-07 08:00:00,2.32,2.97,88.4,0.21,29.76,0.09,1,Good
Bandung,2026-04-07 09:00:00,2.18,2.81,85.94,0.21,29.38,0.08,1,Good
Bandung,2026-04-07 10:00:00,2.07,2.66,85.63,0.24,29.26,0.08,1,Good
Bandung,2026-04-07 11:00:00,2.12,2.7,91.31,0.38,29.2,0.12,1,Good
Bandung,2026-04-07 12:00:00,2.48,3.11,106.18,0.63,29.41,0.22,1,Good
Bandung,2026-04-07 13:00:00,3.13,3.81,127.96,0.9,29.98,0.31,1,Good
Bandung,2026-04-07 14:00:00,4.03,4.75,154.07,1.19,30.87,0.4,1,Good
Bandung,2026-04-07 15:00:00,5.06,5.84,180.55,1.43,31.9,0.47,1,Good
Bandung,2026-04-07 16:00:00,6.51,7.43,217.01,1.82,32.92,0.58,1,Good
Bandung,2026-04-07 17:00:00,8.51,9.59,260.13,2.26,33.91,0.7,1,Good
Bandung,2026-04-07 18:00:00,10.33,11.54,301.05,2.56,34.95,0.8,2,Fair
Bandung,2026-04-07 19:00:00,11.57,12.79,331.4,2.63,35.86,0.84,2,Fair
Bandung,2026-04-07 20:00:00,11.78,12.93,345.34,2.45,36.6,0.81,2,Fair
Bandung,2026-04-07 21:00:00,11.16,12.16,339.1,2.09,37.16,0.72,2,Fair
Bandung,2026-04-07 22:00:00,9.46,10.24,310.43,1.55,37.78,0.56,1,Good
Bandung,2026-04-07 23:00:00,9.66,10.42,312.23,1.41,37.7,0.51,1,Good
Bandung,2026-04-08 00:00:00,10.38,11.16,325.08,1.4,37.56,0.49,2,Fair
Bandung,2026-04-08 01:00:00,11.37,12.18,345.7,1.5,38.13,0.49,2,Fair
Bandung,2026-04-08 02:00:00,11.92,12.71,355.76,1.5,39.16,0.48,2,Fair
Bandung,2026-04-08 03:00:00,11.71,12.42,346.45,1.32,40.82,0.43,2,Fair
Bandung,2026-04-08 04:00:00,10.77,11.33,308.68,0.94,42.98,0.33,2,Fair
Bandung,2026-04-08 05:00:00,10.15,10.66,271.06,0.67,43.36,0.27,2,Fair
Bandung,2026-04-08 06:00:00,9.51,10.0,235.04,0.5,42.49,0.22,1,Good
Bandung,2026-04-08 07:00:00,8.06,8.54,197.86,0.41,40.24,0.19,1,Good
Bandung,2026-04-08 08:00:00,6.26,6.74,168.73,0.36,37.31,0.17,1,Good
Bandung,2026-04-08 09:00:00,4.77,5.31,150.97,0.36,34.56,0.18,1,Good
Bandung,2026-04-08 10:00:00,3.68,4.24,142.74,0.41,32.17,0.2,1,Good
Bandung,2026-04-08 11:00:00,2.99,3.55,141.73,0.53,29.79,0.22,1,Good
Bandung,2026-04-08 12:00:00,2.52,3.07,145.17,0.68,27.43,0.25,1,Good
Bandung,2026-04-08 13:00:00,2.31,2.9,149.92,0.81,25.16,0.26,1,Good
Bandung,2026-04-08 14:00:00,2.3,2.94,158.2,1.0,23.25,0.29,1,Good
Bandung,2026-04-08 15:00:00,2.37,3.03,167.64,1.19,21.51,0.31,1,Good
Bandung,2026-04-08 16:00:00,2.56,3.24,179.67,1.4,20.08,0.34,1,Good
Bandung,2026-04-08 17:00:00,2.77,3.5,188.14,1.52,18.97,0.36,1,Good
Bandung,2026-04-08 18:00:00,3.0,3.79,195.27,1.59,18.15,0.37,1,Good
Bandung,2026-04-08 19:00:00,3.14,3.9,198.32,1.6,17.48,0.35,1,Good
Bandung,2026-04-08 20:00:00,3.23,3.92,199.21,1.58,16.96,0.32,1,Good
Bandung,2026-04-08 21:00:00,3.38,4.01,199.4,1.56,16.58,0.3,1,Good
Bandung,2026-04-08 22:00:00,3.54,4.14,201.02,1.55,16.35,0.28,1,Good
Bandung,2026-04-08 23:00:00,3.87,4.51,208.78,1.65,16.17,0.29,1,Good
Bandung,2026-04-09 00:00:00,4.25,4.98,219.02,1.82,15.91,0.3,1,Good
Bandung,2026-04-09 01:00:00,4.66,5.44,233.59,2.09,15.91,0.31,1,Good
Bandung,2026-04-09 02:00:00,4.69,5.42,239.67,2.25,16.24,0.29,1,Good
Bandung,2026-04-09 03:00:00,4.2,4.84,226.34,2.14,16.75,0.23,1,Good
Bandung,2026-04-09 04:00:00,3.33,3.94,192.48,1.75,17.2,0.17,1,Good
Bandung,2026-04-09 05:00:00,2.74,3.39,164.15,1.4,17.66,0.14,1,Good
Bandung,2026-04-09 06:00:00,2.25,2.98,140.52,1.05,18.22,0.12,1,Good
Bandung,2026-04-09 07:00:00,1.79,2.53,119.65,0.72,18.85,0.11,1,Good
Bandung,2026-04-09 08:00:00,1.37,2.02,104.7,0.53,18.66,0.1,1,Good
Bandung,2026-04-09 09:00:00,1.07,1.62,96.56,0.44,18.17,0.09,1,Good
Bandung,2026-04-09 10:00:00,0.86,1.32,92.69,0.39,17.64,0.08,1,Good
Bandung,2026-04-09 11:00:00,0.78,1.19,93.19,0.42,17.09,0.08,1,Good
Bandung,2026-04-09 12:00:00,0.77,1.18,97.08,0.51,16.61,0.1,1,Good
Bandung,2026-04-09 13:00:00,0.82,1.19,102.54,0.63,16.27,0.12,1,Good
Bandung,2026-04-09 14:00:00,0.91,1.28,109.29,0.77,15.96,0.13,1,Good
Bandung,2026-04-09 15:00:00,0.99,1.39,115.59,0.88,15.74,0.14,1,Good
Bandung,2026-04-09 16:00:00,1.15,1.62,123.99,1.06,15.36,0.17,1,Good
Bandung,2026-04-09 17:00:00,1.31,1.86,132.19,1.24,14.98,0.17,1,Good
Bandung,2026-04-09 18:00:00,1.33,1.91,134.69,1.29,14.69,0.15,1,Good
Bandung,2026-04-09 19:00:00,1.0,1.51,119.74,0.93,14.86,0.1,1,Good
Bandung,2026-04-09 20:00:00,0.96,1.53,118.89,0.87,14.89,0.1,1,Good
Bandung,2026-04-09 21:00:00,1.03,1.69,122.15,0.88,14.97,0.11,1,Good
Bandung,2026-04-09 22:00:00,1.15,1.85,126.64,0.91,15.28,0.11,1,Good
Bandung,2026-04-09 23:00:00,1.3,1.99,131.91,0.96,15.47,0.12,1,Good
Bandung,2026-04-10 00:00:00,1.42,2.08,136.67,1.0,15.61,0.13,1,Good
Bandung,2026-04-10 01:00:00,1.57,2.23,141.49,0.98,16.0,0.14,1,Good
Bandung,2026-04-10 02:00:00,1.57,2.29,138.09,0.82,17.18,0.14,1,Good
Bandung,2026-04-10 03:00:00,1.46,2.21,125.09,0.56,18.58,0.12,1,Good
Bandung,2026-04-10 04:00:00,1.11,1.83,108.78,0.31,18.67,0.09,1,Good
Bandung,2026-04-10 05:00:00,0.82,1.53,99.96,0.2,17.9,0.07,1,Good
Bandung,2026-04-10 06:00:00,0.67,1.39,96.09,0.15,17.35,0.07,1,Good
Bandung,2026-04-10 07:00:00,0.58,1.35,94.68,0.13,16.91,0.07,1,Good
Bandung,2026-04-10 08:00:00,0.59,1.4,96.17,0.19,16.55,0.08,1,Good
Bandung,2026-04-10 09:00:00,0.69,1.46,101.12,0.37,16.18,0.11,1,Good
Bandung,2026-04-10 10:00:00,0.78,1.5,105.19,0.55,15.61,0.13,1,Good
Bandung,2026-04-10 11:00:00,0.88,1.63,108.91,0.68,15.16,0.15,1,Good
Bandung,2026-04-10 12:00:00,0.97,1.76,112.58,0.78,14.79,0.16,1,Good
Bandung,2026-04-10 13:00:00,1.02,1.84,113.78,0.8,14.66,0.15,1,Good
Bandung,2026-04-10 14:00:00,1.06,1.89,116.72,0.84,14.57,0.15,1,Good
Bandung,2026-04-10 15:00:00,1.1,1.91,120.78,0.9,14.47,0.15,1,Good
Bandung,2026-04-10 16:00:00,1.19,1.99,127.3,1.04,14.32,0.16,1,Good
Bandung,2026-04-10 17:00:00,1.28,2.08,133.69,1.2,14.2,0.17,1,Good
Bandung,2026-04-10 18:00:00,1.4,2.19,140.01,1.37,14.07,0.19,1,Good
Bandung,2026-04-10 19:00:00,1.56,2.38,147.09,1.58,13.88,0.2,1,Good
Bandung,2026-04-10 20:00:00,1.8,2.68,155.81,1.83,13.58,0.22,1,Good
Bandung,2026-04-10 21:00:00,2.09,2.98,165.36,2.09,13.31,0.25,1,Good
Bandung,2026-04-10 22:00:00,2.37,3.26,173.22,2.25,13.2,0.26,1,Good
Bandung,2026-04-10 23:00:00,2.58,3.43,178.12,2.29,13.18,0.25,1,Good
Bandung,2026-04-11 00:00:00,2.69,3.47,180.27,2.24,13.26,0.24,1,Good
Bandung,2026-04-11 01:00:00,2.6,3.26,178.36,1.99,13.8,0.21,1,Good
Bandung,2026-04-11 02:00:00,2.47,3.07,175.28,1.67,14.89,0.19,1,Good
Bandung,2026-04-11 03:00:00,2.64,3.24,176.3,1.36,17.66,0.18,1,Good
Bandung,2026-04-11 04:00:00,3.65,4.25,178.76,0.98,24.59,0.17,1,Good
Bandung,2026-04-11 05:00:00,4.78,5.37,177.4,0.75,30.34,0.15,1,Good
Bandung,2026-04-11 06:00:00,5.65,6.22,174.63,0.6,34.24,0.14,1,Good
Bandung,2026-04-11 07:00:00,6.2,6.74,170.06,0.5,37.02,0.13,1,Good
Bandung,2026-04-11 08:00:00,6.32,6.86,165.73,0.49,38.03,0.12,1,Good
Bandung,2026-04-11 09:00:00,6.42,6.96,164.26,0.5,38.83,0.12,1,Good
Bandung,2026-04-11 10:00:00,6.5,7.04,167.03,0.6,39.18,0.13,1,Good
Bandung,2026-04-11 11:00:00,6.92,7.51,177.6,0.82,39.54,0.16,1,Good
Bandung,2026-04-11 12:00:00,7.71,8.41,196.34,1.12,40.43,0.23,1,Good
Bandung,2026-04-11 13:00:00,8.76,9.64,219.35,1.44,41.67,0.3,1,Good
Bandung,2026-04-11 14:00:00,9.81,10.8,242.71,1.74,42.76,0.36,1,Good
Bandung,2026-04-11 15:00:00,10.6,11.59,261.16,1.94,43.44,0.4,2,Fair
Bandung,2026-04-11 16:00:00,10.98,11.89,269.93,1.96,44.0,0.4,2,Fair
Bandung,2026-04-11 17:00:00,11.27,12.18,276.5,1.92,44.12,0.41,2,Fair
Bandung,2026-04-11 18:00:00,11.43,12.35,280.26,1.79,44.18,0.39,2,Fair
Bandung,2026-04-11 19:00:00,11.39,12.29,279.8,1.61,44.19,0.35,2,Fair
Bandung,2026-04-11 20:00:00,11.4,12.29,282.86,1.56,43.94,0.34,2,Fair
Bandung,2026-04-11 21:00:00,11.42,12.32,287.89,1.57,43.78,0.34,2,Fair
Bandung,2026-04-11 22:00:00,10.76,11.63,282.17,1.46,42.78,0.31,2,Fair
Bandung,2026-04-11 23:00:00,9.63,10.41,266.37,1.24,41.0,0.26,1,Good
Bandung,2026-04-12 00:00:00,8.88,9.58,256.64,1.07,40.36,0.22,1,Good
Bandung,2026-04-12 01:00:00,7.93,8.48,243.94,0.8,41.13,0.17,1,Good
Bandung,2026-04-12 02:00:00,7.46,7.95,235.76,0.61,42.2,0.14,1,Good
Bandung,2026-04-12 03:00:00,7.54,8.02,232.39,0.47,43.43,0.13,1,Good
Bandung,2026-04-12 04:00:00,8.36,8.83,229.34,0.3,45.37,0.12,1,Good
Bandung,2026-04-12 05:00:00,9.36,9.83,224.92,0.21,46.51,0.1,1,Good
Bandung,2026-04-12 06:00:00,9.67,10.15,216.49,0.15,45.93,0.08,1,Good
Bandung,2026-04-12 07:00:00,9.29,9.77,206.52,0.12,44.14,0.07,1,Good
Bandung,2026-04-12 08:00:00,8.34,8.82,195.13,0.11,41.61,0.06,1,Good
Bandung,2026-04-12 09:00:00,7.01,7.51,182.47,0.11,38.65,0.05,1,Good
Bandung,2026-04-12 10:00:00,5.52,6.06,168.58,0.13,35.21,0.04,1,Good
Bandung,2026-04-12 11:00:00,4.31,4.91,155.31,0.14,32.12,0.04,1,Good
Bandung,2026-04-12 12:00:00,3.5,4.19,144.14,0.14,29.82,0.04,1,Good
Bandung,2026-04-12 13:00:00,2.9,3.7,132.84,0.15,27.67,0.05,1,Good
Bandung,2026-04-12 14:00:00,2.43,3.33,121.59,0.17,25.74,0.06,1,Good
Bandung,2026-04-12 15:00:00,2.09,3.08,112.18,0.19,24.06,0.07,1,Good
Bandung,2026-04-12 16:00:00,1.91,2.99,107.58,0.23,22.82,0.08,1,Good
Bandung,2026-04-12 17:00:00,1.76,2.95,104.33,0.28,21.77,0.09,1,Good
Bandung,2026-04-12 18:00:00,1.63,2.95,100.38,0.32,20.79,0.11,1,Good
Bandung,2026-04-12 19:00:00,1.64,3.15,99.02,0.37,20.1,0.12,1,Good
Bandung,2026-04-12 20:00:00,1.88,3.64,101.88,0.48,19.68,0.17,1,Good
Bandung,2026-04-12 21:00:00,2.22,4.25,106.02,0.62,19.52,0.23,1,Good
Bandung,2026-04-12 22:00:00,2.52,4.79,108.78,0.79,19.52,0.33,1,Good
Bandung,2026-04-12 23:00:00,2.76,5.22,110.68,0.95,19.62,0.46,1,Good
Bandung,2026-04-13 00:00:00,2.95,5.52,112.24,1.01,19.99,0.59,1,Good
Bandung,2026-04-13 01:00:00,3.24,5.93,111.78,0.84,22.13,0.72,1,Good
Bandung,2026-04-13 02:00:00,3.96,6.94,109.65,0.75,27.82,0.86,1,Good
Bandung,2026-04-13 03:00:00,5.44,8.75,108.99,0.6,36.27,0.99,1,Good
Bandung,2026-04-13 04:00:00,7.48,11.14,108.97,0.46,43.98,1.08,1,Good
Bandung,2026-04-13 05:00:00,9.38,13.36,109.21,0.36,49.08,1.12,1,Good
Bandung,2026-04-13 06:00:00,10.35,14.55,108.67,0.3,51.14,1.08,2,Fair
Bandung,2026-04-13 07:00:00,10.1,14.41,106.41,0.25,50.38,0.96,2,Fair
Bandung,2026-04-13 08:00:00,9.06,13.43,102.61,0.22,47.72,0.82,1,Good
Bandung,2026-04-13 09:00:00,7.72,12.19,98.46,0.21,44.3,0.71,1,Good
Bandung,2026-04-13 10:00:00,6.28,10.85,94.22,0.23,40.34,0.61,1,Good
Bandung,2026-04-13 11:00:00,5.02,9.66,90.08,0.27,35.88,0.53,1,Good
Bandung,2026-04-13 12:00:00,4.14,8.78,86.87,0.26,32.18,0.46,1,Good
Bandung,2026-04-13 13:00:00,3.57,8.15,84.87,0.26,29.53,0.42,1,Good
Bandung,2026-04-13 14:00:00,3.32,8.08,85.02,0.3,27.9,0.4,1,Good
Bandung,2026-04-13 15:00:00,3.31,8.41,87.38,0.38,27.03,0.4,1,Good
Bandung,2026-04-13 16:00:00,3.6,8.94,93.72,0.51,26.81,0.44,1,Good
Bandung,2026-04-13 17:00:00,4.25,9.85,103.55,0.7,27.34,0.53,1,Good
Bandung,2026-04-13 18:00:00,5.21,11.11,115.55,0.9,28.27,0.63,1,Good
Bandung,2026-04-13 19:00:00,6.16,11.94,125.57,1.03,29.11,0.7,1,Good
Bandung,2026-04-13 20:00:00,6.87,12.19,132.6,1.08,29.7,0.72,1,Good
Bandung,2026-04-13 21:00:00,7.24,11.79,137.0,1.07,30.32,0.71,1,Good
Bandung,2026-04-13 22:00:00,7.23,11.21,138.23,1.0,31.05,0.65,1,Good
Bandung,2026-04-13 23:00:00,7.18,10.84,140.49,0.95,31.89,0.6,1,Good
Bandung,2026-04-14 00:00:00,7.36,10.89,145.44,0.97,32.94,0.58,1,Good
Bandung,2026-04-14 01:00:00,7.75,11.14,151.07,0.97,35.03,0.59,1,Good
Bandung,2026-04-14 02:00:00,8.17,11.19,152.63,0.88,38.67,0.57,1,Good
Bandung,2026-04-14 03:00:00,8.63,11.13,152.61,0.76,42.34,0.52,1,Good
Bandung,2026-04-14 04:00:00,9.11,11.16,153.86,0.63,45.76,0.46,1,Good
Bandung,2026-04-14 05:00:00,9.56,11.32,156.13,0.52,48.81,0.4,1,Good
Bandung,2026-04-14 06:00:00,10.16,11.73,159.21,0.45,51.42,0.35,2,Fair
Bandung,2026-04-14 07:00:00,10.7,12.11,162.43,0.44,53.55,0.32,2,Fair
Bandung,2026-04-14 08:00:00,11.4,12.75,167.8,0.5,55.23,0.32,2,Fair
Bandung,2026-04-14 09:00:00,12.22,13.46,177.38,0.6,57.72,0.34,2,Fair
Bandung,2026-04-14 10:00:00,12.94,14.07,187.43,0.69,60.53,0.34,2,Fair
Bandung,2026-04-14 11:00:00,13.66,14.76,200.91,0.79,63.85,0.36,2,Fair
Bandung,2026-04-14 12:00:00,14.24,15.32,217.43,0.88,67.47,0.4,2,Fair
Bandung,2026-04-14 13:00:00,14.45,15.44,232.92,0.94,71.05,0.42,2,Fair
Bandung,2026-04-14 14:00:00,14.37,15.32,243.74,0.93,73.69,0.4,2,Fair
Bandung,2026-04-14 15:00:00,14.0,14.93,248.24,0.89,74.84,0.36,2,Fair
Bandung,2026-04-14 16:00:00,13.42,14.36,248.52,0.87,73.74,0.34,2,Fair
Bandung,2026-04-14 17:00:00,12.83,13.81,246.56,0.86,70.74,0.33,2,Fair
Bandung,2026-04-14 18:00:00,12.31,13.33,241.9,0.84,66.39,0.32,2,Fair
Bandung,2026-04-14 19:00:00,12.17,13.24,245.51,0.87,62.05,0.34,2,Fair
Bandung,2026-04-14 20:00:00,12.62,13.74,263.66,0.97,58.66,0.4,2,Fair
Bandung,2026-04-14 21:00:00,13.65,14.79,291.31,1.09,56.73,0.46,2,Fair
Bandung,2026-04-14 22:00:00,15.0,16.2,321.22,1.18,55.69,0.51,2,Fair
Bandung,2026-04-14 23:00:00,15.83,17.06,344.85,1.21,55.4,0.54,2,Fair
Bandung,2026-04-15 00:00:00,15.5,16.69,349.08,1.22,56.11,0.5,2,Fair
Bandung,2026-04-15 01:00:00,12.05,13.03,286.98,0.93,58.4,0.32,2,Fair
Bandung,2026-04-15 02:00:00,10.27,11.33,255.46,0.78,58.67,0.25,2,Fair
Bandung,2026-04-15 03:00:00,9.17,10.49,223.3,0.59,57.68,0.21,1,Good
Bandung,2026-04-15 04:00:00,8.43,10.12,189.81,0.4,55.48,0.19,1,Good
Bandung,2026-04-15 05:00:00,8.15,10.23,159.92,0.26,52.71,0.18,1,Good
Bandung,2026-04-15 06:00:00,7.73,10.21,134.26,0.18,49.5,0.17,1,Good
Bandung,2026-04-15 07:00:00,7.17,9.97,117.05,0.14,46.8,0.15,1,Good
Bandung,2026-04-15 08:00:00,6.36,9.26,106.37,0.15,44.76,0.14,1,Good
Bandung,2026-04-15 09:00:00,5.57,8.39,100.94,0.17,43.73,0.12,1,Good
Bandung,2026-04-15 10:00:00,4.63,6.96,99.47,0.19,43.45,0.13,1,Good
Bandung,2026-04-15 11:00:00,3.79,5.87,100.63,0.23,43.57,0.15,1,Good
Bandung,2026-04-15 12:00:00,3.31,5.46,103.12,0.27,43.65,0.2,1,Good
Bandung,2026-04-15 13:00:00,3.24,5.99,105.93,0.32,43.03,0.27,1,Good
Bandung,2026-04-15 14:00:00,3.44,7.11,109.17,0.38,41.99,0.35,1,Good
Bandung,2026-04-15 15:00:00,3.59,7.91,113.01,0.45,40.85,0.4,1,Good
Bandung,2026-04-15 16:00:00,3.8,8.36,120.02,0.55,39.48,0.45,1,Good
Bandung,2026-04-15 17:00:00,4.05,8.22,129.0,0.66,38.43,0.48,1,Good
Bandung,2026-04-15 18:00:00,4.29,7.63,137.57,0.76,37.41,0.49,1,Good
Bandung,2026-04-15 19:00:00,4.32,6.44,143.84,0.81,36.57,0.47,1,Good
Bandung,2026-04-15 20:00:00,4.52,6.24,151.54,0.86,35.74,0.45,1,Good
Bandung,2026-04-15 21:00:00,4.78,6.29,159.3,0.91,35.16,0.44,1,Good
Bandung,2026-04-15 22:00:00,4.63,5.97,158.47,0.86,34.7,0.39,1,Good
Bandung,2026-04-15 23:00:00,4.13,5.38,151.56,0.75,34.27,0.34,1,Good
Bandung,2026-04-16 00:00:00,3.79,5.06,146.8,0.71,34.2,0.31,1,Good
Bandung,2026-04-16 01:00:00,3.58,5.01,140.58,0.65,35.08,0.3,1,Good
Bandung,2026-04-16 02:00:00,3.5,5.16,130.05,0.51,36.61,0.28,1,Good
Bandung,2026-04-16 03:00:00,3.72,5.64,121.69,0.39,37.71,0.26,1,Good
Bandung,2026-04-16 04:00:00,3.97,6.25,114.94,0.3,38.03,0.25,1,Good
Bandung,2026-04-16 05:00:00,4.08,6.91,109.82,0.27,37.51,0.24,1,Good
Bandung,2026-04-16 06:00:00,3.95,7.29,105.46,0.25,36.71,0.24,1,Good
Bandung,2026-04-16 07:00:00,3.68,7.38,101.76,0.26,36.19,0.23,1,Good
Bandung,2026-04-16 08:00:00,3.33,7.27,99.53,0.29,35.84,0.23,1,Good
Bandung,2026-04-16 09:00:00,3.08,7.31,98.58,0.33,35.66,0.24,1,Good
Bandung,2026-04-16 10:00:00,2.97,6.94,97.61,0.36,35.42,0.25,1,Good
Bandung,2026-04-16 11:00:00,2.99,6.72,96.33,0.36,35.0,0.25,1,Good
Bandung,2026-04-16 12:00:00,3.04,6.88,94.82,0.35,34.53,0.24,1,Good
Bandung,2026-04-16 13:00:00,3.11,7.07,93.72,0.35,33.94,0.23,1,Good
Bandung,2026-04-16 14:00:00,3.27,7.34,93.62,0.36,33.39,0.23,1,Good
Bandung,2026-04-16 15:00:00,3.52,7.68,94.92,0.39,32.9,0.24,1,Good
Bandung,2026-04-16 16:00:00,3.8,7.81,99.8,0.46,32.45,0.26,1,Good
Bandung,2026-04-16 17:00:00,4.1,7.86,108.89,0.57,32.45,0.29,1,Good
Bandung,2026-04-16 18:00:00,4.35,7.85,118.75,0.69,32.58,0.31,1,Good
Bandung,2026-04-16 19:00:00,4.49,7.84,126.08,0.76,32.6,0.32,1,Good
Bandung,2026-04-16 20:00:00,4.57,7.91,130.22,0.81,32.52,0.32,1,Good
Bandung,2026-04-16 21:00:00,4.54,7.76,132.66,0.84,32.43,0.31,1,Good
Bandung,2026-04-16 22:00:00,4.39,7.44,132.24,0.84,32.41,0.3,1,Good
Bandung,2026-04-16 23:00:00,4.25,7.25,130.53,0.83,32.34,0.3,1,Good
Bandung,2026-04-17 00:00:00,4.18,7.22,127.82,0.84,32.16,0.29,1,Good
Bandung,2026-04-17 01:00:00,4.24,8.12,121.23,0.78,32.07,0.29,1,Good
Bandung,2026-04-17 02:00:00,4.47,9.69,110.81,0.56,32.81,0.28,1,Good
Bandung,2026-04-17 03:00:00,4.89,11.08,100.43,0.34,34.43,0.27,1,Good
Bandung,2026-04-17 04:00:00,5.33,11.65,92.58,0.21,35.62,0.24,1,Good
Bandung,2026-04-17 05:00:00,5.54,11.99,86.4,0.15,35.15,0.22,1,Good
Bandung,2026-04-17 06:00:00,5.41,11.82,82.06,0.12,34.15,0.2,1,Good
Bandung,2026-04-17 07:00:00,5.0,11.22,79.52,0.11,33.22,0.18,1,Good
Bandung,2026-04-17 08:00:00,4.66,10.69,79.53,0.11,33.1,0.18,1,Good
Bandung,2026-04-17 09:00:00,4.64,10.67,82.08,0.15,33.94,0.2,1,Good
Bandung,2026-04-17 10:00:00,4.88,11.2,86.32,0.22,35.16,0.24,1,Good
Bandung,2026-04-17 11:00:00,5.2,12.0,90.06,0.3,35.74,0.28,1,Good
Bandung,2026-04-17 12:00:00,5.43,12.69,92.69,0.35,35.72,0.32,1,Good
Bandung,2026-04-17 13:00:00,5.51,13.09,93.26,0.37,35.36,0.34,1,Good
Bandung,2026-04-17 14:00:00,5.41,13.25,93.1,0.37,34.95,0.35,1,Good
Bandung,2026-04-17 15:00:00,5.06,13.1,92.11,0.37,34.46,0.34,1,Good
Bandung,2026-04-17 16:00:00,4.7,12.7,92.98,0.4,34.01,0.34,1,Good
Bandung,2026-04-17 17:00:00,4.43,12.23,95.77,0.45,33.84,0.35,1,Good
Bandung,2026-04-17 18:00:00,4.23,11.68,98.37,0.49,33.9,0.36,1,Good
Bandung,2026-04-17 19:00:00,3.81,10.54,96.68,0.45,34.05,0.33,1,Good
Bandung,2026-04-17 20:00:00,3.58,9.82,96.23,0.42,34.17,0.31,1,Good
Bandung,2026-04-17 21:00:00,3.56,9.69,96.02,0.41,34.08,0.29,1,Good
Bandung,2026-04-17 22:00:00,3.54,9.2,94.48,0.39,33.75,0.27,1,Good
Bandung,2026-04-17 23:00:00,3.51,8.75,91.91,0.37,33.36,0.25,1,Good
Bandung,2026-04-18 00:00:00,3.54,8.66,90.16,0.38,33.14,0.25,1,Good
Bandung,2026-04-18 01:00:00,3.66,8.93,89.19,0.36,33.37,0.25,1,Good
Bandung,2026-04-18 02:00:00,3.89,9.55,87.95,0.36,34.08,0.26,1,Good
Bandung,2026-04-18 03:00:00,4.15,10.39,85.61,0.31,34.91,0.27,1,Good
Bandung,2026-04-18 04:00:00,4.51,11.39,83.31,0.21,36.17,0.27,1,Good
Bandung,2026-04-18 05:00:00,4.81,12.33,80.81,0.14,36.74,0.25,1,Good
Bandung,2026-04-18 06:00:00,4.82,12.83,78.78,0.11,36.35,0.22,1,Good
Bandung,2026-04-18 07:00:00,4.81,13.27,77.8,0.09,35.84,0.2,1,Good
Bandung,2026-04-18 08:00:00,4.87,13.81,77.73,0.1,35.69,0.2,1,Good
Bandung,2026-04-18 09:00:00,4.96,14.42,78.22,0.12,35.86,0.21,1,Good
Bandung,2026-04-18 10:00:00,5.02,14.98,78.7,0.17,36.14,0.22,1,Good
Bandung,2026-04-18 11:00:00,5.02,15.25,79.07,0.21,36.36,0.23,1,Good
Bandung,2026-04-18 12:00:00,4.94,15.23,79.47,0.23,36.77,0.24,1,Good
Bandung,2026-04-18 13:00:00,4.76,14.73,80.14,0.25,37.22,0.25,1,Good
Bandung,2026-04-18 14:00:00,4.64,14.44,81.57,0.28,38.02,0.25,1,Good
Bandung,2026-04-18 15:00:00,4.49,14.06,83.44,0.3,38.92,0.25,1,Good
Bandung,2026-04-18 16:00:00,4.27,13.49,84.97,0.32,39.66,0.25,1,Good
Bandung,2026-04-18 17:00:00,3.98,12.63,84.39,0.32,40.52,0.23,1,Good
Bandung,2026-04-18 18:00:00,3.81,12.01,83.03,0.3,41.3,0.21,1,Good
Bandung,2026-04-18 19:00:00,3.73,11.64,81.69,0.29,41.86,0.19,1,Good
Bandung,2026-04-18 20:00:00,3.62,11.11,81.35,0.29,42.17,0.18,1,Good
Bandung,2026-04-18 21:00:00,3.52,10.69,80.66,0.29,42.23,0.17,1,Good
Bandung,2026-04-18 22:00:00,3.45,10.44,79.12,0.27,42.18,0.16,1,Good
Bandung,2026-04-18 23:00:00,3.51,10.76,77.71,0.26,41.79,0.16,1,Good
Bandung,2026-04-19 00:00:00,3.67,11.47,77.06,0.27,41.17,0.18,1,Good
Bandung,2026-04-19 01:00:00,3.79,11.92,76.27,0.22,40.58,0.19,1,Good
Bandung,2026-04-19 02:00:00,3.77,11.71,75.19,0.17,40.44,0.18,1,Good
Bandung,2026-04-19 03:00:00,3.68,11.07,74.73,0.12,40.51,0.18,1,Good
Bandung,2026-04-19 04:00:00,3.6,10.17,74.8,0.1,40.68,0.17,1,Good
Bandung,2026-04-19 05:00:00,3.66,9.66,75.42,0.09,40.92,0.17,1,Good
Bandung,2026-04-19 06:00:00,3.7,9.42,75.3,0.08,40.84,0.17,1,Good
Bandung,2026-04-19 07:00:00,3.73,9.67,74.8,0.07,40.62,0.16,1,Good
Bandung,2026-04-19 08:00:00,3.82,10.37,74.17,0.07,40.34,0.15,1,Good
Bandung,2026-04-19 09:00:00,4.0,11.38,73.43,0.07,40.27,0.15,1,Good
Bandung,2026-04-19 10:00:00,4.25,12.55,72.86,0.08,40.36,0.15,1,Good
Bandung,2026-04-19 11:00:00,4.5,13.54,72.42,0.1,40.43,0.15,1,Good
Bandung,2026-04-19 12:00:00,4.75,14.31,72.28,0.11,40.68,0.15,1,Good
Bandung,2026-04-19 13:00:00,4.96,14.83,72.18,0.11,41.14,0.15,1,Good
Bandung,2026-04-19 14:00:00,5.12,15.18,72.17,0.12,41.78,0.16,1,Good
Bandung,2026-04-19 15:00:00,5.18,15.41,72.01,0.12,42.46,0.16,1,Good
Bandung,2026-04-19 16:00:00,5.15,15.49,72.06,0.13,43.09,0.16,1,Good
Bandung,2026-04-19 17:00:00,5.06,15.29,72.16,0.14,43.83,0.16,1,Good
Bandung,2026-04-19 18:00:00,4.92,14.81,72.17,0.15,44.6,0.17,1,Good
Bandung,2026-04-19 19:00:00,4.74,14.21,72.02,0.15,45.5,0.16,1,Good
Bandung,2026-04-19 20:00:00,4.59,13.63,71.82,0.15,46.39,0.16,1,Good
Bandung,2026-04-19 21:00:00,4.51,13.26,72.02,0.15,47.21,0.16,1,Good
Bandung,2026-04-19 22:00:00,4.51,13.08,72.04,0.14,47.85,0.15,1,Good
Bandung,2026-04-19 23:00:00,4.56,13.09,71.94,0.14,48.18,0.15,1,Good
Bandung,2026-04-20 00:00:00,4.61,13.08,72.3,0.14,48.22,0.16,1,Good
Bandung,2026-04-20 01:00:00,4.61,13.0,72.89,0.14,48.04,0.16,1,Good
Bandung,2026-04-20 02:00:00,4.58,12.84,73.65,0.12,48.03,0.17,1,Good
Bandung,2026-04-20 03:00:00,4.57,12.58,74.25,0.1,48.07,0.18,1,Good
Bandung,2026-04-20 04:00:00,4.75,12.94,75.19,0.08,47.57,0.19,1,Good
Bandung,2026-04-20 05:00:00,5.12,13.76,76.28,0.08,46.37,0.21,1,Good
Bandung,2026-04-20 06:00:00,5.46,14.26,77.29,0.08,45.13,0.23,1,Good
Bandung,2026-04-20 07:00:00,5.69,14.48,78.44,0.08,44.06,0.24,1,Good
Bandung,2026-04-20 08:00:00,5.78,14.29,79.48,0.09,43.05,0.25,1,Good
Bandung,2026-04-20 09:00:00,5.75,13.82,80.64,0.11,42.06,0.25,1,Good
Bandung,2026-04-20 10:00:00,5.54,13.03,81.82,0.14,41.06,0.25,1,Good
Bandung,2026-04-20 11:00:00,5.32,12.55,82.89,0.17,39.74,0.25,1,Good
Bandung,2026-04-20 12:00:00,5.11,12.11,84.2,0.18,38.56,0.25,1,Good
Bandung,2026-04-20 13:00:00,4.88,11.62,85.75,0.18,37.41,0.25,1,Good
Bandung,2026-04-20 14:00:00,4.65,11.13,87.42,0.17,36.3,0.24,1,Good
Bandung,2026-04-20 15:00:00,4.42,10.61,89.3,0.16,35.23,0.24,1,Good
Bandung,2026-04-20 16:00:00,4.15,9.91,91.7,0.16,34.5,0.24,1,Good
Bandung,2026-04-20 17:00:00,3.78,8.96,93.51,0.16,34.16,0.22,1,Good
Bandung,2026-04-20 18:00:00,3.41,8.01,94.94,0.16,33.75,0.2,1,Good
Bandung,2026-04-20 19:00:00,3.16,7.27,96.69,0.17,33.55,0.19,1,Good
Bandung,2026-04-20 20:00:00,3.11,6.94,99.9,0.2,33.37,0.2,1,Good
Bandung,2026-04-20 21:00:00,3.23,6.92,104.1,0.23,33.34,0.23,1,Good
Bandung,2026-04-20 22:00:00,3.37,6.77,106.49,0.26,33.51,0.24,1,Good
Bandung,2026-04-20 23:00:00,3.33,6.25,105.54,0.25,33.94,0.21,1,Good
Bandung,2026-04-21 00:00:00,3.13,5.56,103.21,0.22,34.5,0.17,1,Good
Bandung,2026-04-21 01:00:00,3.0,5.2,100.29,0.17,34.99,0.14,1,Good
Bandung,2026-04-21 02:00:00,3.28,5.71,99.29,0.15,35.55,0.13,1,Good
Bandung,2026-04-21 03:00:00,3.61,6.29,98.9,0.13,36.24,0.13,1,Good
Bandung,2026-04-21 04:00:00,3.97,7.24,98.93,0.11,36.69,0.14,1,Good
Bandung,2026-04-21 05:00:00,4.32,8.17,99.22,0.1,36.84,0.15,1,Good
Bandung,2026-04-21 06:00:00,4.5,8.43,99.22,0.11,36.7,0.15,1,Good
Bandung,2026-04-21 07:00:00,4.55,8.37,98.78,0.11,36.32,0.15,1,Good
Bandung,2026-04-21 08:00:00,4.49,8.2,97.92,0.12,35.48,0.15,1,Good
Bandung,2026-04-21 09:00:00,4.33,7.95,96.7,0.13,34.41,0.15,1,Good
Bandung,2026-04-21 10:00:00,3.9,7.08,95.48,0.15,33.08,0.14,1,Good
Bandung,2026-04-21 11:00:00,3.61,6.71,94.6,0.18,31.68,0.14,1,Good
Bandung,2026-04-21 12:00:00,3.44,6.48,94.53,0.2,30.65,0.15,1,Good
Bandung,2026-04-21 13:00:00,3.34,6.06,95.6,0.24,30.01,0.17,1,Good
Bandung,2026-04-21 14:00:00,3.29,5.77,98.2,0.31,29.72,0.19,1,Good
Bandung,2026-04-21 15:00:00,3.16,5.41,101.17,0.39,29.62,0.2,1,Good
Bandung,2026-04-21 16:00:00,3.08,5.42,104.1,0.49,29.54,0.21,1,Good
Bandung,2026-04-21 17:00:00,3.11,5.75,108.79,0.6,29.67,0.24,1,Good
Bandung,2026-04-21 18:00:00,3.17,5.98,113.66,0.7,29.79,0.28,1,Good
Bandung,2026-04-21 19:00:00,3.21,5.86,118.45,0.77,29.93,0.31,1,Good
Bandung,2026-04-21 20:00:00,3.28,5.7,122.85,0.81,29.81,0.32,1,Good
Bandung,2026-04-21 21:00:00,3.39,5.65,127.41,0.84,29.61,0.32,1,Good
Bandung,2026-04-21 22:00:00,3.62,5.8,133.77,0.9,29.19,0.32,1,Good
Bandung,2026-04-21 23:00:00,3.9,6.0,141.23,0.96,28.64,0.32,1,Good
Bandung,2026-04-22 00:00:00,4.08,6.06,146.41,1.03,28.47,0.32,1,Good
Bandung,2026-04-22 01:00:00,3.93,5.76,142.98,1.04,28.9,0.32,1,Good
Bandung,2026-04-22 02:00:00,3.79,5.5,136.09,0.92,29.19,0.3,1,Good
Bandung,2026-04-22 03:00:00,3.67,5.25,121.98,0.63,30.04,0.22,1,Good
Bandung,2026-04-22 04:00:00,3.22,4.57,102.8,0.31,30.62,0.13,1,Good
Bandung,2026-04-22 05:00:00,2.74,4.08,92.61,0.19,30.18,0.09,1,Good
Bandung,2026-04-22 06:00:00,2.37,3.83,86.67,0.13,29.64,0.08,1,Good
Bandung,2026-04-22 07:00:00,1.99,3.67,82.32,0.09,29.04,0.07,1,Good
Bandung,2026-04-22 08:00:00,1.76,3.65,79.91,0.06,28.78,0.06,1,Good
Bandung,2026-04-22 09:00:00,1.64,3.62,78.39,0.06,28.73,0.06,1,Good
Bandung,2026-04-22 10:00:00,1.55,3.52,77.76,0.07,28.96,0.06,1,Good
Bandung,2026-04-22 11:00:00,1.5,3.29,78.06,0.09,29.36,0.07,1,Good
Bandung,2026-04-22 12:00:00,1.54,3.16,82.21,0.16,29.86,0.1,1,Good
Bandung,2026-04-22 13:00:00,1.68,3.12,88.76,0.29,30.22,0.15,1,Good
Bandung,2026-04-22 14:00:00,1.81,3.09,92.08,0.37,30.55,0.17,1,Good
Bandung,2026-04-22 15:00:00,1.93,3.12,94.99,0.42,30.73,0.19,1,Good
Bandung,2026-04-22 16:00:00,2.14,3.42,100.26,0.54,30.51,0.22,1,Good
Bandung,2026-04-22 17:00:00,2.31,3.69,103.51,0.64,30.43,0.23,1,Good
Bandung,2026-04-22 18:00:00,2.38,3.75,104.78,0.68,30.58,0.22,1,Good
Bandung,2026-04-22 19:00:00,2.42,3.74,104.74,0.67,30.72,0.2,1,Good
Bandung,2026-04-22 20:00:00,2.56,3.91,106.89,0.67,30.77,0.19,1,Good
Bandung,2026-04-22 21:00:00,2.77,4.17,110.0,0.68,30.62,0.19,1,Good
Bandung,2026-04-22 22:00:00,2.94,4.32,113.68,0.66,30.72,0.17,1,Good
Bandung,2026-04-22 23:00:00,3.05,4.41,116.03,0.63,30.75,0.16,1,Good
Bandung,2026-04-23 00:00:00,3.09,4.46,116.75,0.59,30.91,0.15,1,Good
Bandung,2026-04-23 01:00:00,3.2,4.56,117.67,0.49,31.75,0.14,1,Good
Bandung,2026-04-23 02:00:00,3.48,4.82,119.0,0.41,33.84,0.14,1,Good
Bandung,2026-04-23 03:00:00,4.12,5.45,120.56,0.31,36.93,0.15,1,Good
Bandung,2026-04-23 04:00:00,5.36,6.72,124.9,0.24,40.53,0.16,1,Good
Bandung,2026-04-23 05:00:00,7.02,8.45,130.89,0.21,43.36,0.17,1,Good
Bandung,2026-04-23 06:00:00,8.73,10.26,134.73,0.2,45.49,0.17,1,Good
Bandung,2026-04-23 07:00:00,9.52,11.06,133.35,0.2,46.3,0.15,1,Good
Bandung,2026-04-23 08:00:00,10.17,11.73,135.29,0.24,47.02,0.14,2,Fair
Bandung,2026-04-23 09:00:00,11.29,12.93,145.46,0.35,48.67,0.17,2,Fair
Bandung,2026-04-23 10:00:00,12.22,13.84,159.78,0.48,51.09,0.22,2,Fair
Bandung,2026-04-23 11:00:00,12.85,14.35,179.75,0.62,54.36,0.28,2,Fair
Bandung,2026-04-23 12:00:00,14.17,15.66,208.33,0.77,58.83,0.36,2,Fair
Bandung,2026-04-23 13:00:00,16.39,17.83,248.37,0.92,65.55,0.45,2,Fair
Bandung,2026-04-23 14:00:00,19.29,20.71,295.23,1.06,73.46,0.54,2,Fair
Bandung,2026-04-23 15:00:00,21.66,23.08,331.35,1.14,79.29,0.6,2,Fair
Bandung,2026-04-23 16:00:00,23.29,24.71,358.62,1.19,82.64,0.67,2,Fair
Bandung,2026-04-23 17:00:00,25.23,26.67,382.14,1.17,86.23,0.73,3,Moderate
Bandung,2026-04-23 18:00:00,27.61,29.03,407.79,1.13,90.73,0.79,3,Moderate
Bandung,2026-04-23 19:00:00,29.75,31.19,433.72,1.12,94.19,0.8,3,Moderate
Bandung,2026-04-23 20:00:00,32.05,33.64,467.36,1.21,96.5,0.86,3,Moderate
Bandung,2026-04-23 21:00:00,35.12,36.95,507.04,1.29,99.01,0.95,3,Moderate
Bandung,2026-04-23 22:00:00,38.99,41.17,550.74,1.37,101.93,1.03,3,Moderate
Bandung,2026-04-23 23:00:00,42.96,45.53,586.14,1.4,104.58,1.07,3,Moderate
Bandung,2026-04-24 00:00:00,46.12,49.11,608.24,1.46,107.74,1.13,3,Moderate
Bandung,2026-04-24 01:00:00,49.18,52.48,604.9,1.43,114.89,1.23,3,Moderate
Bandung,2026-04-24 02:00:00,53.84,57.51,600.59,1.28,122.86,1.32,4,Poor
Bandung,2026-04-24 03:00:00,58.28,62.17,584.16,0.99,129.97,1.39,4,Poor
Bandung,2026-04-24 04:00:00,61.95,66.03,560.35,0.77,132.79,1.39,4,Poor
Bandung,2026-04-24 05:00:00,64.81,69.35,535.0,0.66,131.64,1.34,4,Poor
Bandung,2026-04-24 06:00:00,66.42,71.39,506.68,0.59,129.54,1.29,4,Poor
Bandung,2026-04-24 07:00:00,66.78,72.06,481.68,0.58,127.5,1.22,4,Poor
Bandung,2026-04-24 08:00:00,66.2,71.54,462.08,0.62,125.22,1.15,4,Poor
Bandung,2026-04-24 09:00:00,65.06,70.17,446.68,0.72,123.25,1.12,4,Poor
Bandung,2026-04-24 10:00:00,62.85,67.02,432.75,0.83,122.95,1.14,4,Poor
Bandung,2026-04-24 11:00:00,60.38,63.97,421.2,0.86,121.39,1.14,4,Poor
Bandung,2026-04-24 12:00:00,58.7,61.98,412.88,0.81,120.07,1.12,4,Poor
Bandung,2026-04-24 13:00:00,56.67,59.5,405.11,0.74,117.81,1.17,4,Poor
Bandung,2026-04-24 14:00:00,54.53,56.89,397.65,0.68,115.23,1.18,4,Poor
Bandung,2026-04-24 15:00:00,52.27,54.28,391.56,0.64,112.94,1.14,4,Poor
Bandung,2026-04-24 16:00:00,49.97,51.84,385.5,0.63,109.98,1.03,3,Moderate
Bandung,2026-04-24 17:00:00,49.33,51.28,393.07,0.69,106.59,0.97,3,Moderate
Bandung,2026-04-24 18:00:00,49.47,51.39,411.64,0.77,103.6,0.9,3,Moderate
Bandung,2026-04-24 19:00:00,49.4,51.26,417.87,0.74,103.43,0.76,3,Moderate
Bandung,2026-04-24 20:00:00,50.06,51.94,432.1,0.77,103.57,0.73,4,Poor
Bandung,2026-04-24 21:00:00,51.01,52.9,448.88,0.8,104.2,0.73,4,Poor
Bandung,2026-04-24 22:00:00,51.61,53.52,464.32,0.82,105.53,0.73,4,Poor
Bandung,2026-04-24 23:00:00,51.04,53.03,473.77,0.82,106.48,0.72,4,Poor
Bandung,2026-04-25 00:00:00,49.75,51.86,481.11,0.9,106.97,0.73,3,Moderate
Bandung,2026-04-25 01:00:00,46.77,48.96,485.7,1.03,108.33,0.75,3,Moderate
Bandung,2026-04-25 02:00:00,43.94,46.28,489.87,1.07,110.7,0.79,3,Moderate
Bandung,2026-04-25 03:00:00,43.48,46.06,491.72,0.94,114.84,0.86,3,Moderate
Bandung,2026-04-25 04:00:00,45.88,48.75,488.19,0.72,120.01,0.93,3,Moderate
Bandung,2026-04-25 05:00:00,49.29,52.6,476.06,0.66,122.19,1.02,3,Moderate
Bandung,2026-04-25 06:00:00,51.52,55.34,455.33,0.64,121.32,1.1,4,Poor
Bandung,2026-04-25 07:00:00,50.45,54.59,431.06,0.68,118.44,1.08,4,Poor
Bandung,2026-04-25 08:00:00,47.5,51.8,409.03,0.72,114.51,0.98,3,Moderate
Bandung,2026-04-25 09:00:00,43.35,47.67,392.25,0.79,110.78,0.87,3,Moderate
Bandung,2026-04-25 10:00:00,38.64,42.76,378.61,0.88,107.03,0.77,3,Moderate
Bandung,2026-04-25 11:00:00,34.92,38.82,369.36,0.93,103.68,0.7,3,Moderate
Bandung,2026-04-25 12:00:00,32.61,36.43,365.23,0.96,100.93,0.68,3,Moderate
Bandung,2026-04-25 13:00:00,31.01,34.31,364.13,0.99,98.46,0.7,3,Moderate
Bandung,2026-04-25 14:00:00,29.86,32.61,365.49,1.03,96.23,0.73,3,Moderate
Bandung,2026-04-25 15:00:00,29.42,31.87,368.37,1.06,94.44,0.77,3,Moderate
Bandung,2026-04-25 16:00:00,29.72,32.22,375.07,1.13,92.44,0.82,3,Moderate
Bandung,2026-04-25 17:00:00,30.78,33.67,383.72,1.19,90.42,0.92,3,Moderate
Bandung,2026-04-25 18:00:00,31.77,35.08,391.2,1.22,88.15,1.04,3,Moderate
Bandung,2026-04-25 19:00:00,32.3,35.94,402.13,1.3,85.32,1.15,3,Moderate
Bandung,2026-04-25 20:00:00,32.3,36.09,418.36,1.46,81.98,1.24,3,Moderate
Bandung,2026-04-25 21:00:00,32.48,36.28,438.55,1.64,78.83,1.33,3,Moderate
Bandung,2026-04-25 22:00:00,32.72,36.67,457.87,1.78,76.07,1.39,3,Moderate
Bandung,2026-04-25 23:00:00,33.04,37.2,471.21,1.83,74.09,1.37,3,Moderate
Bandung,2026-04-26 00:00:00,33.35,37.52,479.65,1.83,73.58,1.31,3,Moderate
Bandung,2026-04-26 01:00:00,33.23,37.04,479.98,1.79,75.23,1.23,3,Moderate
Bandung,2026-04-26 02:00:00,33.12,36.67,475.92,1.66,77.25,1.13,3,Moderate
Bandung,2026-04-26 03:00:00,33.09,36.41,464.39,1.43,80.29,1.02,3,Moderate
Bandung,2026-04-26 04:00:00,32.48,35.67,443.75,1.17,82.37,0.9,3,Moderate
Bandung,2026-04-26 05:00:00,32.06,35.27,421.74,0.96,83.26,0.83,3,Moderate
Bandung,2026-04-26 06:00:00,32.82,36.12,405.58,0.81,84.34,0.81,3,Moderate
Bandung,2026-04-26 07:00:00,32.8,36.1,386.5,0.72,84.59,0.77,3,Moderate
Bandung,2026-04-26 08:00:00,32.03,35.33,369.14,0.73,83.29,0.71,3,Moderate
Bandung,2026-04-26 09:00:00,31.66,35.01,359.35,0.79,82.68,0.67,3,Moderate
Bandung,2026-04-26 10:00:00,31.45,34.36,355.82,0.88,83.16,0.71,3,Moderate
Bandung,2026-04-26 11:00:00,30.86,33.32,352.94,0.94,82.01,0.7,3,Moderate
Bandung,2026-04-26 12:00:00,30.51,32.64,357.41,0.99,81.13,0.7,3,Moderate
Bandung,2026-04-26 13:00:00,30.42,32.37,362.65,1.03,79.74,0.68,3,Moderate
Bandung,2026-04-26 14:00:00,30.66,32.53,370.15,1.1,79.17,0.69,3,Moderate
Bandung,2026-04-26 15:00:00,30.85,32.63,376.83,1.15,78.72,0.7,3,Moderate
Bandung,2026-04-26 16:00:00,30.5,32.21,380.23,1.15,77.92,0.69,3,Moderate
Bandung,2026-04-26 17:00:00,29.52,31.17,378.59,1.1,76.76,0.65,3,Moderate
Bandung,2026-04-26 18:00:00,27.97,29.53,367.7,0.97,75.91,0.56,3,Moderate
Bandung,2026-04-26 19:00:00,24.96,26.31,338.78,0.69,75.53,0.4,2,Fair
Bandung,2026-04-26 20:00:00,23.43,24.7,331.81,0.63,74.58,0.33,2,Fair
Bandung,2026-04-26 21:00:00,22.33,23.55,330.58,0.61,74.22,0.3,2,Fair
Bandung,2026-04-26 22:00:00,20.84,21.96,328.56,0.58,74.79,0.26,2,Fair
Bandung,2026-04-26 23:00:00,19.87,21.03,324.25,0.55,74.67,0.24,2,Fair
Bandung,2026-04-27 00:00:00,19.41,20.66,318.77,0.57,74.42,0.23,2,Fair
Bandung,2026-04-27 01:00:00,18.19,19.45,301.46,0.56,73.79,0.2,2,Fair
Bandung,2026-04-27 02:00:00,16.89,18.08,278.06,0.44,73.15,0.16,2,Fair
Bandung,2026-04-27 03:00:00,16.38,17.51,259.25,0.29,72.52,0.13,2,Fair
Bandung,2026-04-27 04:00:00,15.64,16.69,241.75,0.19,70.33,0.11,2,Fair
Bandung,2026-04-27 05:00:00,16.21,17.28,232.95,0.15,68.3,0.1,2,Fair
Bandung,2026-04-27 06:00:00,17.2,18.34,227.65,0.14,66.41,0.1,2,Fair
Bandung,2026-04-27 07:00:00,17.92,19.11,223.47,0.13,64.78,0.1,2,Fair
Bandung,2026-04-27 08:00:00,17.78,19.04,215.99,0.13,62.64,0.09,2,Fair
Bandung,2026-04-27 09:00:00,16.83,18.18,205.74,0.14,60.11,0.09,2,Fair
Bandung,2026-04-27 10:00:00,15.12,16.58,192.69,0.18,56.94,0.09,2,Fair
Bandung,2026-04-27 11:00:00,12.87,14.44,177.13,0.21,52.85,0.1,2,Fair
Bandung,2026-04-27 12:00:00,10.65,12.35,161.67,0.22,48.61,0.1,2,Fair
Bandung,2026-04-27 13:00:00,8.51,10.34,145.3,0.22,44.05,0.1,1,Good
Bandung,2026-04-27 14:00:00,6.59,8.58,129.04,0.22,39.66,0.1,1,Good
Bandung,2026-04-27 15:00:00,5.1,7.28,114.58,0.2,35.92,0.1,1,Good
Bandung,2026-04-27 16:00:00,3.93,6.23,102.44,0.18,32.95,0.09,1,Good
Bandung,2026-04-27 17:00:00,3.01,5.25,93.47,0.18,30.85,0.09,1,Good
Bandung,2026-04-27 18:00:00,2.37,4.43,86.65,0.16,29.42,0.08,1,Good
Bandung,2026-04-27 19:00:00,1.93,3.77,81.6,0.15,28.53,0.08,1,Good
Bandung,2026-04-27 20:00:00,1.71,3.4,78.66,0.14,27.95,0.08,1,Good
Bandung,2026-04-27 21:00:00,1.62,3.23,76.94,0.15,27.72,0.1,1,Good
Bandung,2026-04-27 22:00:00,1.51,2.82,74.19,0.15,27.74,0.09,1,Good
Bandung,2026-04-27 23:00:00,1.5,2.64,73.88,0.18,27.87,0.09,1,Good
Bandung,2026-04-28 00:00:00,1.52,2.62,74.18,0.22,28.03,0.1,1,Good
Bandung,2026-04-28 01:00:00,1.58,2.73,74.68,0.29,28.08,0.11,1,Good
Bandung,2026-04-28 02:00:00,1.69,2.97,75.39,0.34,28.25,0.12,1,Good
Bandung,2026-04-28 03:00:00,1.78,3.2,75.06,0.32,28.74,0.13,1,Good
Bandung,2026-04-28 04:00:00,2.01,4.18,73.1,0.21,29.95,0.14,1,Good
Bandung,2026-04-28 05:00:00,2.42,5.46,72.28,0.17,31.17,0.15,1,Good
Bandung,2026-04-28 06:00:00,2.74,6.11,71.96,0.16,32.03,0.17,1,Good
Bandung,2026-04-28 07:00:00,2.87,6.34,71.96,0.16,32.4,0.17,1,Good
Bandung,2026-04-28 08:00:00,2.76,6.11,71.74,0.17,32.13,0.17,1,Good
Bandung,2026-04-28 09:00:00,2.51,5.5,72.17,0.2,31.79,0.17,1,Good
Bandung,2026-04-28 10:00:00,2.15,4.5,73.28,0.27,31.49,0.17,1,Good
Bandung,2026-04-28 11:00:00,1.87,4.03,73.51,0.3,31.07,0.17,1,Good
Bandung,2026-04-28 12:00:00,1.67,3.8,73.36,0.31,30.81,0.16,1,Good
Bandung,2026-04-28 13:00:00,1.46,3.51,72.26,0.27,30.47,0.15,1,Good
Bandung,2026-04-28 14:00:00,1.33,3.4,72.5,0.25,29.98,0.15,1,Good
Bandung,2026-04-28 15:00:00,1.36,3.57,74.63,0.27,29.45,0.18,1,Good
Bandung,2026-04-28 16:00:00,1.55,3.7,80.1,0.37,28.85,0.24,1,Good
Bandung,2026-04-28 17:00:00,1.77,3.79,84.76,0.51,28.43,0.28,1,Good
Bandung,2026-04-28 18:00:00,1.97,3.91,88.31,0.63,28.04,0.31,1,Good
Bandung,2026-04-28 19:00:00,2.12,4.06,90.62,0.71,27.64,0.33,1,Good
Bandung,2026-04-28 20:00:00,2.3,4.32,93.16,0.78,27.42,0.35,1,Good
Bandung,2026-04-28 21:00:00,2.47,4.55,95.82,0.85,27.31,0.37,1,Good
Bandung,2026-04-28 22:00:00,2.62,4.74,97.16,0.88,27.33,0.38,1,Good
Bandung,2026-04-28 23:00:00,2.74,4.93,98.77,0.89,27.33,0.39,1,Good
Bandung,2026-04-29 00:00:00,2.83,5.04,100.6,0.9,27.5,0.38,1,Good
Bandung,2026-04-29 01:00:00,3.03,5.27,103.5,0.92,28.1,0.4,1,Good
Bandung,2026-04-29 02:00:00,3.55,5.8,107.81,0.89,29.79,0.42,1,Good
Bandung,2026-04-29 03:00:00,4.48,6.69,112.24,0.75,32.94,0.44,1,Good
Bandung,2026-04-29 04:00:00,5.71,8.08,114.53,0.53,36.89,0.44,1,Good
Bandung,2026-04-29 05:00:00,6.29,9.1,113.73,0.47,38.23,0.43,1,Good
Bandung,2026-04-29 06:00:00,6.08,9.25,109.8,0.43,37.76,0.4,1,Good
Bandung,2026-04-29 07:00:00,5.34,8.32,105.39,0.4,36.8,0.34,1,Good
Bandung,2026-04-29 08:00:00,4.73,7.31,104.27,0.4,36.45,0.27,1,Good
Bandung,2026-04-29 09:00:00,4.56,6.93,106.23,0.42,36.71,0.24,1,Good
Bandung,2026-04-29 10:00:00,4.65,6.76,109.25,0.46,36.89,0.23,1,Good
Bandung,2026-04-29 11:00:00,4.89,6.86,113.57,0.53,37.01,0.24,1,Good
Bandung,2026-04-29 12:00:00,5.24,7.07,123.11,0.67,37.24,0.27,1,Good
Bandung,2026-04-29 13:00:00,5.62,7.27,135.78,0.86,37.61,0.32,1,Good
Bandung,2026-04-29 14:00:00,5.98,7.52,149.42,1.03,38.25,0.35,1,Good
Bandung,2026-04-29 15:00:00,6.24,7.73,163.08,1.18,38.94,0.37,1,Good
Bandung,2026-04-29 16:00:00,6.55,7.92,181.71,1.4,39.39,0.39,1,Good
Bandung,2026-04-29 17:00:00,7.04,8.37,202.35,1.64,39.78,0.41,1,Good
Bandung,2026-04-29 18:00:00,7.45,8.68,220.0,1.78,40.39,0.42,1,Good
Bandung,2026-04-29 19:00:00,7.74,8.84,233.03,1.82,40.96,0.42,1,Good
Bandung,2026-04-29 20:00:00,7.89,8.9,241.75,1.83,41.1,0.4,1,Good
Bandung,2026-04-29 21:00:00,7.76,8.66,244.32,1.81,40.98,0.38,1,Good
Bandung,2026-04-29 22:00:00,7.37,8.2,238.88,1.69,40.63,0.34,1,Good
Bandung,2026-04-29 23:00:00,7.06,7.94,232.98,1.53,40.29,0.3,1,Good
Bandung,2026-04-30 00:00:00,6.9,7.88,229.08,1.41,40.34,0.27,1,Good
Bandung,2026-04-30 01:00:00,6.43,7.54,214.57,1.19,41.3,0.23,1,Good
Bandung,2026-04-30 02:00:00,6.12,7.41,200.72,1.03,41.71,0.22,1,Good
Bandung,2026-04-30 03:00:00,6.0,7.47,188.23,0.89,41.73,0.21,1,Good
Bandung,2026-04-30 04:00:00,6.07,7.7,179.93,0.75,42.2,0.21,1,Good
Bandung,2026-04-30 05:00:00,6.13,7.79,175.17,0.62,43.08,0.19,1,Good
Bandung,2026-04-30 06:00:00,6.15,7.8,172.65,0.52,44.28,0.16,1,Good
Bandung,2026-04-30 07:00:00,5.86,7.35,171.1,0.5,45.57,0.14,1,Good
Bandung,2026-04-30 08:00:00,5.48,6.81,173.38,0.52,46.66,0.13,1,Good
Bandung,2026-04-30 09:00:00,5.45,6.7,180.37,0.59,47.93,0.14,1,Good
Bandung,2026-04-30 10:00:00,5.66,6.8,189.48,0.69,49.2,0.16,1,Good
Bandung,2026-04-30 11:00:00,5.87,6.91,192.27,0.74,49.91,0.18,1,Good
Bandung,2026-04-30 12:00:00,5.84,6.78,189.81,0.73,50.02,0.19,1,Good
Bandung,2026-04-30 13:00:00,5.73,6.7,185.11,0.73,49.14,0.2,1,Good
Bandung,2026-04-30 14:00:00,5.91,7.02,186.62,0.79,48.28,0.24,1,Good
Bandung,2026-04-30 15:00:00,6.3,7.54,195.59,0.92,47.43,0.31,1,Good
Bandung,2026-04-30 16:00:00,6.99,8.32,215.17,1.14,46.41,0.4,1,Good
Bandung,2026-04-30 17:00:00,7.69,9.05,234.81,1.31,45.48,0.45,1,Good
Bandung,2026-04-30 18:00:00,8.09,9.4,241.41,1.3,44.85,0.44,1,Good
Bandung,2026-04-30 19:00:00,7.8,8.91,223.63,1.01,45.3,0.38,1,Good
Bandung,2026-04-30 20:00:00,7.53,8.56,217.32,0.94,43.93,0.35,1,Good
Bandung,2026-04-30 21:00:00,7.11,8.12,208.72,0.88,42.24,0.32,1,Good
Bandung,2026-04-30 22:00:00,6.41,7.54,192.79,0.81,40.11,0.28,1,Good
Bandung,2026-04-30 23:00:00,5.47,6.73,171.78,0.73,37.81,0.24,1,Good
Bandung,2026-05-01 00:00:00,4.45,5.76,149.48,0.67,35.46,0.2,1,Good
Bandung,2026-05-01 01:00:00,3.16,4.41,124.2,0.6,33.2,0.15,1,Good
Bandung,2026-05-01 02:00:00,2.32,3.57,103.1,0.5,31.22,0.12,1,Good
Bandung,2026-05-01 03:00:00,1.96,3.26,87.98,0.37,30.1,0.1,1,Good
Bandung,2026-05-01 04:00:00,1.79,3.3,77.64,0.23,29.71,0.09,1,Good
Bandung,2026-05-01 05:00:00,1.86,3.74,71.45,0.14,29.84,0.09,1,Good
Bandung,2026-05-01 06:00:00,1.99,4.23,67.78,0.1,30.09,0.09,1,Good
Bandung,2026-05-01 07:00:00,2.06,4.47,66.55,0.08,30.27,0.1,1,Good
Bandung,2026-05-01 08:00:00,2.0,4.34,66.52,0.08,30.48,0.09,1,Good
Bandung,2026-05-01 09:00:00,1.84,4.04,67.01,0.08,30.9,0.09,1,Good
Bandung,2026-05-01 10:00:00,1.51,3.49,67.15,0.1,31.19,0.08,1,Good
Bandung,2026-05-01 11:00:00,1.33,3.34,67.43,0.12,31.58,0.08,1,Good
Bandung,2026-05-01 12:00:00,1.41,3.79,67.89,0.14,32.04,0.09,1,Good
Bandung,2026-05-01 13:00:00,1.62,4.62,68.6,0.15,32.4,0.1,1,Good
Bandung,2026-05-01 14:00:00,1.91,5.7,69.33,0.16,32.81,0.11,1,Good
Bandung,2026-05-01 15:00:00,2.19,6.71,70.12,0.16,33.33,0.12,1,Good
Bandung,2026-05-01 16:00:00,2.43,7.3,70.95,0.18,33.89,0.13,1,Good
Bandung,2026-05-01 17:00:00,2.63,7.65,71.96,0.21,34.62,0.15,1,Good
Bandung,2026-05-01 18:00:00,2.84,8.16,72.83,0.23,35.45,0.16,1,Good
Bandung,2026-05-01 19:00:00,3.12,9.33,73.28,0.24,36.25,0.18,1,Good
Bandung,2026-05-01 20:00:00,3.46,11.07,73.95,0.27,36.75,0.19,1,Good
Bandung,2026-05-01 21:00:00,3.76,12.79,74.48,0.3,37.07,0.21,1,Good
Bandung,2026-05-01 22:00:00,3.9,13.84,74.66,0.31,37.37,0.22,1,Good
Bandung,2026-05-01 23:00:00,3.86,13.8,74.22,0.31,37.58,0.21,1,Good
Bandung,2026-05-02 00:00:00,3.69,13.01,73.49,0.3,37.62,0.2,1,Good
Bandung,2026-05-02 01:00:00,3.41,11.85,71.98,0.25,37.4,0.18,1,Good
Bandung,2026-05-02 02:00:00,3.15,10.69,71.14,0.19,37.12,0.17,1,Good
Bandung,2026-05-02 03:00:00,2.98,9.68,70.34,0.14,36.91,0.16,1,Good
Bandung,2026-05-02 04:00:00,2.94,8.91,70.42,0.11,37.03,0.16,1,Good
Bandung,2026-05-02 05:00:00,3.09,8.44,71.4,0.1,37.12,0.16,1,Good
Bandung,2026-05-02 06:00:00,3.31,8.01,72.5,0.1,37.29,0.16,1,Good
Bandung,2026-05-02 07:00:00,3.37,7.32,73.05,0.1,37.18,0.15,1,Good
Bandung,2026-05-02 08:00:00,3.25,6.57,73.16,0.11,36.95,0.14,1,Good
Bandung,2026-05-02 09:00:00,3.12,6.08,73.24,0.13,36.8,0.13,1,Good
Bandung,2026-05-02 10:00:00,2.96,5.9,73.32,0.17,36.45,0.12,1,Good
Bandung,2026-05-02 11:00:00,2.82,6.17,73.44,0.22,35.76,0.12,1,Good
Bandung,2026-05-02 12:00:00,2.75,6.75,73.71,0.25,35.09,0.12,1,Good
Bandung,2026-05-02 13:00:00,2.71,7.33,74.12,0.29,34.41,0.13,1,Good
Bandung,2026-05-02 14:00:00,2.72,7.9,74.04,0.31,33.76,0.14,1,Good
Bandung,2026-05-02 15:00:00,2.79,8.46,73.37,0.32,33.3,0.15,1,Good
Bandung,2026-05-02 16:00:00,2.79,9.36,71.81,0.29,32.85,0.15,1,Good
Bandung,2026-05-02 17:00:00,2.65,9.79,69.76,0.23,32.72,0.15,1,Good
Bandung,2026-05-02 18:00:00,2.47,9.52,68.56,0.2,32.95,0.14,1,Good
Bandung,2026-05-02 19:00:00,2.32,9.1,67.93,0.18,33.43,0.13,1,Good
Bandung,2026-05-02 20:00:00,2.28,9.05,68.52,0.2,33.99,0.14,1,Good
Bandung,2026-05-02 21:00:00,2.25,8.87,70.04,0.25,34.6,0.16,1,Good
Bandung,2026-05-02 22:00:00,2.22,8.39,72.22,0.31,35.28,0.18,1,Good
Bandung,2026-05-02 23:00:00,2.18,7.73,74.44,0.36,35.93,0.19,1,Good
Bandung,2026-05-03 00:00:00,2.16,7.07,76.19,0.39,36.54,0.2,1,Good
Bandung,2026-05-03 01:00:00,2.17,6.64,76.54,0.34,37.6,0.22,1,Good
Bandung,2026-05-03 02:00:00,2.4,6.97,76.07,0.28,39.48,0.25,1,Good
Bandung,2026-05-03 03:00:00,2.84,7.89,75.49,0.2,41.7,0.26,1,Good
Bandung,2026-05-03 04:00:00,3.6,9.4,76.21,0.15,43.53,0.28,1,Good
Bandung,2026-05-03 05:00:00,4.35,11.04,76.82,0.12,44.35,0.29,1,Good
Bandung,2026-05-03 06:00:00,4.52,12.14,75.46,0.1,43.44,0.27,1,Good
Bandung,2026-05-03 07:00:00,4.16,12.45,72.87,0.09,41.39,0.24,1,Good
Bandung,2026-05-03 08:00:00,3.71,12.17,70.63,0.1,39.19,0.21,1,Good
Bandung,2026-05-03 09:00:00,3.37,11.66,69.62,0.11,37.66,0.2,1,Good
Bandung,2026-05-03 10:00:00,3.14,11.01,69.45,0.13,36.6,0.2,1,Good
Bandung,2026-05-03 11:00:00,3.0,10.52,69.73,0.15,35.75,0.21,1,Good
Bandung,2026-05-03 12:00:00,2.91,10.08,72.33,0.19,35.11,0.23,1,Good
Bandung,2026-05-03 13:00:00,2.84,9.29,76.78,0.26,34.54,0.26,1,Good
Bandung,2026-05-03 14:00:00,2.79,8.27,81.17,0.35,34.15,0.29,1,Good
Bandung,2026-05-03 15:00:00,2.76,7.42,84.79,0.44,33.85,0.31,1,Good
Bandung,2026-05-03 16:00:00,2.72,6.41,87.74,0.51,33.35,0.32,1,Good
Bandung,2026-05-03 17:00:00,2.71,5.68,90.23,0.57,33.26,0.32,1,Good
Bandung,2026-05-03 18:00:00,2.7,5.23,91.29,0.59,33.31,0.31,1,Good
Bandung,2026-05-03 19:00:00,2.68,4.8,91.49,0.59,33.33,0.3,1,Good
Bandung,2026-05-03 20:00:00,2.7,4.55,93.44,0.61,33.39,0.29,1,Good
Bandung,2026-05-03 21:00:00,2.71,4.33,95.84,0.64,33.47,0.27,1,Good
Bandung,2026-05-03 22:00:00,2.66,4.15,96.31,0.63,33.29,0.25,1,Good
Bandung,2026-05-03 23:00:00,2.54,3.99,95.54,0.6,33.12,0.22,1,Good
Bandung,2026-05-04 00:00:00,2.37,3.81,94.09,0.58,32.75,0.19,1,Good
Bandung,2026-05-04 01:00:00,2.07,3.55,90.42,0.54,32.24,0.15,1,Good
Bandung,2026-05-04 02:00:00,1.71,3.2,83.96,0.43,31.97,0.12,1,Good
Bandung,2026-05-04 03:00:00,1.51,3.03,77.98,0.3,32.19,0.1,1,Good
Bandung,2026-05-04 04:00:00,1.37,2.94,72.88,0.19,32.44,0.08,1,Good
Bandung,2026-05-04 05:00:00,1.27,2.99,69.86,0.13,32.07,0.07,1,Good
Bandung,2026-05-04 06:00:00,1.28,3.21,69.19,0.12,31.5,0.07,1,Good
Bandung,2026-05-04 07:00:00,1.3,3.46,69.21,0.12,31.13,0.07,1,Good
Bandung,2026-05-04 08:00:00,1.29,3.67,69.4,0.14,30.93,0.08,1,Good
Bandung,2026-05-04 09:00:00,1.29,3.8,69.97,0.16,30.83,0.09,1,Good
Bandung,2026-05-04 10:00:00,1.3,3.86,70.72,0.21,30.56,0.1,1,Good
Bandung,2026-05-04 11:00:00,1.38,4.0,71.61,0.26,29.97,0.12,1,Good
Bandung,2026-05-04 12:00:00,1.47,4.15,72.88,0.32,29.21,0.14,1,Good
Bandung,2026-05-04 13:00:00,1.53,4.45,74.51,0.39,28.27,0.17,1,Good
Bandung,2026-05-04 14:00:00,1.56,4.8,76.29,0.47,27.43,0.2,1,Good
Bandung,2026-05-04 15:00:00,1.54,4.89,78.42,0.53,26.91,0.23,1,Good
Bandung,2026-05-04 16:00:00,1.5,4.49,81.85,0.6,26.7,0.25,1,Good
Bandung,2026-05-04 17:00:00,1.53,4.53,84.44,0.64,26.75,0.27,1,Good
Bandung,2026-05-04 18:00:00,1.55,4.76,86.1,0.64,27.08,0.27,1,Good
Bandung,2026-05-04 19:00:00,1.55,4.57,87.06,0.63,27.68,0.27,1,Good
Bandung,2026-05-04 20:00:00,1.56,4.17,88.62,0.63,28.52,0.27,1,Good
Bandung,2026-05-04 21:00:00,1.62,3.92,90.43,0.64,29.51,0.29,1,Good
Bandung,2026-05-04 22:00:00,1.73,4.03,91.32,0.65,30.63,0.29,1,Good
Bandung,2026-05-04 23:00:00,1.88,4.31,92.71,0.67,31.96,0.31,1,Good
Bandung,2026-05-05 00:00:00,2.04,4.46,95.56,0.72,33.22,0.33,1,Good
Bandung,2026-05-05 01:00:00,2.12,4.56,98.08,0.75,34.72,0.34,1,Good
Bandung,2026-05-05 02:00:00,2.09,4.59,95.45,0.61,36.81,0.33,1,Good
Bandung,2026-05-05 03:00:00,2.09,4.64,91.24,0.44,38.87,0.31,1,Good
Bandung,2026-05-05 04:00:00,2.12,4.65,87.18,0.3,40.08,0.28,1,Good
Bandung,2026-05-05 05:00:00,2.06,4.45,84.24,0.23,39.66,0.24,1,Good
Bandung,2026-05-05 06:00:00,2.01,4.21,82.75,0.2,38.47,0.21,1,Good
Bandung,2026-05-05 07:00:00,1.97,3.92,82.17,0.2,37.07,0.19,1,Good
Bandung,2026-05-05 08:00:00,2.0,3.83,82.73,0.22,35.81,0.18,1,Good
Bandung,2026-05-05 09:00:00,2.13,3.92,86.44,0.3,34.85,0.19,1,Good
Bandung,2026-05-05 10:00:00,2.33,4.05,91.0,0.43,33.82,0.22,1,Good
Bandung,2026-05-05 11:00:00,2.7,4.43,96.76,0.57,33.11,0.28,1,Good
Bandung,2026-05-05 12:00:00,3.25,5.12,103.61,0.71,32.85,0.35,1,Good
Bandung,2026-05-05 13:00:00,3.94,6.31,107.39,0.76,33.07,0.41,1,Good
Bandung,2026-05-05 14:00:00,4.61,7.83,107.62,0.72,33.43,0.47,1,Good
Bandung,2026-05-05 15:00:00,4.76,8.81,104.61,0.66,32.91,0.51,1,Good
Bandung,2026-05-05 16:00:00,4.11,8.84,99.18,0.64,31.15,0.48,1,Good
Bandung,2026-05-05 17:00:00,3.2,8.22,93.32,0.61,29.28,0.4,1,Good
Bandung,2026-05-05 18:00:00,2.58,7.59,89.27,0.59,27.99,0.33,1,Good
Bandung,2026-05-05 19:00:00,2.17,6.82,86.05,0.57,27.32,0.29,1,Good
Bandung,2026-05-05 20:00:00,1.95,6.17,82.4,0.51,27.06,0.26,1,Good
Bandung,2026-05-05 21:00:00,1.87,5.79,79.73,0.47,27.09,0.24,1,Good
Bandung,2026-05-05 22:00:00,1.87,5.67,76.91,0.42,27.29,0.22,1,Good
Bandung,2026-05-05 23:00:00,1.94,5.87,74.4,0.37,27.46,0.21,1,Good
Bandung,2026-05-06 00:00:00,1.95,6.0,72.09,0.35,27.63,0.19,1,Good
Bandung,2026-05-06 01:00:00,1.92,6.19,70.42,0.3,27.9,0.18,1,Good
Bandung,2026-05-06 02:00:00,1.95,6.52,69.85,0.24,28.51,0.16,1,Good
Bandung,2026-05-06 03:00:00,2.1,6.9,70.33,0.18,29.59,0.16,1,Good
Bandung,2026-05-06 04:00:00,2.4,7.35,71.84,0.15,30.58,0.15,1,Good
Bandung,2026-05-06 05:00:00,2.77,7.8,73.69,0.13,30.95,0.16,1,Good
Bandung,2026-05-06 06:00:00,3.1,8.28,74.4,0.12,30.64,0.16,1,Good
Bandung,2026-05-06 07:00:00,3.24,8.7,73.53,0.12,29.77,0.17,1,Good
Bandung,2026-05-06 08:00:00,3.23,9.12,71.71,0.12,28.44,0.17,1,Good
Bandung,2026-05-06 09:00:00,3.11,9.5,69.81,0.12,26.93,0.17,1,Good
Bandung,2026-05-06 10:00:00,2.9,9.78,68.37,0.13,25.36,0.17,1,Good
Bandung,2026-05-06 11:00:00,2.72,10.01,67.52,0.15,23.92,0.17,1,Good
Bandung,2026-05-06 12:00:00,2.6,10.33,67.39,0.14,22.89,0.16,1,Good
Bandung,2026-05-06 13:00:00,2.57,10.56,67.9,0.15,22.19,0.17,1,Good
Bandung,2026-05-06 14:00:00,2.64,11.04,69.06,0.18,21.75,0.17,1,Good
Bandung,2026-05-06 15:00:00,2.79,11.73,70.28,0.2,21.59,0.18,1,Good
Bandung,2026-05-06 16:00:00,2.91,12.23,71.39,0.23,21.6,0.18,1,Good
Bandung,2026-05-06 17:00:00,2.92,12.1,72.89,0.27,22.05,0.2,1,Good
Bandung,2026-05-06 18:00:00,2.9,11.81,74.35,0.33,22.55,0.22,1,Good
Bandung,2026-05-06 19:00:00,2.85,11.19,75.22,0.37,22.9,0.25,1,Good
Bandung,2026-05-06 20:00:00,2.82,10.54,75.12,0.41,23.0,0.27,1,Good
Bandung,2026-05-06 21:00:00,2.72,9.66,75.38,0.44,23.42,0.3,1,Good
Bandung,2026-05-06 22:00:00,2.57,9.3,74.86,0.44,24.32,0.3,1,Good
Bandung,2026-05-06 23:00:00,2.47,9.08,74.91,0.43,25.21,0.29,1,Good
Bandung,2026-05-07 00:00:00,2.39,8.71,75.37,0.42,25.91,0.28,1,Good
Bandung,2026-05-07 01:00:00,2.31,8.34,75.72,0.35,26.73,0.26,1,Good
Bandung,2026-05-07 02:00:00,2.26,7.76,75.36,0.27,28.07,0.24,1,Good
Bandung,2026-05-07 03:00:00,2.33,7.2,75.21,0.2,29.63,0.22,1,Good
Bandung,2026-05-07 04:00:00,2.66,7.07,75.8,0.15,30.95,0.21,1,Good
Bandung,2026-05-07 05:00:00,3.31,7.64,77.01,0.13,31.73,0.22,1,Good
Bandung,2026-05-07 06:00:00,3.86,8.33,77.51,0.12,31.56,0.23,1,Good
Bandung,2026-05-07 07:00:00,4.26,8.99,77.74,0.12,31.02,0.24,1,Good
Bandung,2026-05-07 08:00:00,4.54,9.72,77.76,0.13,30.46,0.26,1,Good
Bandung,2026-05-07 09:00:00,4.55,10.4,77.21,0.16,29.38,0.27,1,Good
Bandung,2026-05-07 10:00:00,4.32,10.49,76.39,0.19,28.01,0.27,1,Good
Bandung,2026-05-07 11:00:00,4.07,10.15,76.02,0.22,26.8,0.25,1,Good
Bandung,2026-05-07 12:00:00,3.87,9.8,76.15,0.25,25.94,0.24,1,Good
Bandung,2026-05-07 13:00:00,3.73,9.44,76.79,0.28,25.2,0.23,1,Good
Bandung,2026-05-07 14:00:00,3.6,8.94,77.96,0.32,24.53,0.23,1,Good
Bandung,2026-05-07 15:00:00,3.47,8.35,79.37,0.36,23.88,0.22,1,Good
Bandung,2026-05-07 16:00:00,3.34,7.75,80.53,0.42,23.25,0.23,1,Good
Bandung,2026-05-07 17:00:00,3.29,7.39,82.24,0.48,22.81,0.24,1,Good
Bandung,2026-05-07 18:00:00,3.26,7.2,83.31,0.53,22.52,0.26,1,Good
Bandung,2026-05-07 19:00:00,3.14,7.01,82.49,0.53,22.3,0.25,1,Good
Bandung,2026-05-07 20:00:00,3.1,7.18,81.6,0.51,22.21,0.24,1,Good
Bandung,2026-05-07 21:00:00,3.1,7.43,80.89,0.5,22.18,0.23,1,Good
Bandung,2026-05-07 22:00:00,3.0,7.6,78.43,0.44,22.19,0.2,1,Good
Bandung,2026-05-07 23:00:00,2.87,7.46,76.19,0.39,22.21,0.18,1,Good
Bandung,2026-05-08 00:00:00,2.74,7.06,74.92,0.37,22.24,0.18,1,Good
Bandung,2026-05-08 01:00:00,2.64,7.07,74.64,0.32,22.68,0.18,1,Good
Bandung,2026-05-08 02:00:00,2.54,7.42,74.29,0.3,23.57,0.19,1,Good
Bandung,2026-05-08 03:00:00,2.41,7.69,73.52,0.27,24.48,0.19,1,Good
Bandung,2026-05-08 04:00:00,2.26,7.69,73.16,0.22,25.57,0.18,1,Good
Bandung,2026-05-08 05:00:00,2.25,7.62,73.53,0.19,26.88,0.18,1,Good
Bandung,2026-05-08 06:00:00,2.29,7.68,73.18,0.17,27.87,0.19,1,Good
Bandung,2026-05-08 07:00:00,2.26,7.83,71.84,0.16,28.09,0.18,1,Good
Bandung,2026-05-08 08:00:00,2.2,8.29,70.02,0.15,27.51,0.18,1,Good
Bandung,2026-05-08 09:00:00,2.19,8.96,68.43,0.16,26.76,0.18,1,Good
Bandung,2026-05-08 10:00:00,2.23,9.76,67.16,0.16,25.95,0.18,1,Good
Bandung,2026-05-08 11:00:00,2.31,10.57,66.39,0.17,25.29,0.18,1,Good
Bandung,2026-05-08 12:00:00,2.4,11.12,66.14,0.16,24.91,0.17,1,Good
Bandung,2026-05-08 13:00:00,2.41,11.08,66.42,0.16,24.54,0.17,1,Good
Bandung,2026-05-08 14:00:00,2.38,10.85,67.6,0.2,24.12,0.17,1,Good
Bandung,2026-05-08 15:00:00,2.35,10.62,69.11,0.24,23.66,0.18,1,Good
Bandung,2026-05-08 16:00:00,2.29,10.15,70.93,0.31,23.18,0.19,1,Good
Bandung,2026-05-08 17:00:00,2.23,9.27,73.59,0.39,22.96,0.22,1,Good
Bandung,2026-05-08 18:00:00,2.16,8.19,76.93,0.49,22.78,0.24,1,Good
Bandung,2026-05-08 19:00:00,2.14,7.54,80.04,0.59,22.58,0.27,1,Good
Bandung,2026-05-08 20:00:00,2.17,7.42,82.75,0.68,22.44,0.3,1,Good
Bandung,2026-05-08 21:00:00,2.23,7.29,84.59,0.77,22.53,0.35,1,Good
Bandung,2026-05-08 22:00:00,2.17,6.7,82.66,0.71,23.2,0.35,1,Good
Bandung,2026-05-08 23:00:00,2.08,6.08,79.26,0.59,24.19,0.31,1,Good
Bandung,2026-05-09 00:00:00,2.04,5.73,77.7,0.52,25.25,0.28,1,Good
Bandung,2026-05-09 01:00:00,2.11,6.02,77.16,0.42,26.66,0.27,1,Good
Bandung,2026-05-09 02:00:00,2.31,6.95,77.2,0.34,28.75,0.27,1,Good
Bandung,2026-05-09 03:00:00,2.66,8.04,78.59,0.28,31.47,0.29,1,Good
Bandung,2026-05-09 04:00:00,3.14,9.03,80.49,0.23,34.16,0.3,1,Good
Bandung,2026-05-09 05:00:00,3.56,9.77,82.07,0.2,35.84,0.3,1,Good
Bandung,2026-05-09 06:00:00,3.87,10.37,83.12,0.18,36.57,0.3,1,Good
Bandung,2026-05-09 07:00:00,3.99,10.77,83.36,0.17,36.65,0.29,1,Good
Bandung,2026-05-09 08:00:00,3.95,10.97,83.05,0.18,36.35,0.28,1,Good
Bandung,2026-05-09 09:00:00,3.8,11.02,82.28,0.2,35.7,0.27,1,Good
Bandung,2026-05-09 10:00:00,3.55,10.7,80.96,0.23,34.75,0.27,1,Good
Bandung,2026-05-09 11:00:00,3.37,10.17,80.15,0.25,33.89,0.26,1,Good
Bandung,2026-05-09 12:00:00,3.32,9.76,79.46,0.26,33.57,0.26,1,Good
Bandung,2026-05-09 13:00:00,3.4,9.5,80.07,0.29,33.72,0.26,1,Good
Bandung,2026-05-09 14:00:00,3.57,9.47,82.11,0.35,34.44,0.27,1,Good
Bandung,2026-05-09 15:00:00,3.86,10.21,84.04,0.41,35.28,0.28,1,Good
Bandung,2026-05-09 16:00:00,4.09,11.12,83.52,0.41,35.69,0.26,1,Good
Bandung,2026-05-09 17:00:00,4.31,12.36,81.5,0.38,36.01,0.24,1,Good
Bandung,2026-05-09 18:00:00,4.46,13.51,78.55,0.34,36.08,0.22,1,Good
Bandung,2026-05-09 19:00:00,4.5,14.53,75.23,0.28,36.27,0.19,1,Good
Bandung,2026-05-09 20:00:00,4.47,15.41,73.05,0.23,36.52,0.17,1,Good
Bandung,2026-05-09 21:00:00,4.4,15.89,72.13,0.21,36.91,0.16,1,Good
Bandung,2026-05-09 22:00:00,4.29,16.02,71.99,0.2,37.31,0.16,1,Good
Bandung,2026-05-09 23:00:00,4.28,16.24,72.46,0.21,37.57,0.17,1,Good
Bandung,2026-05-10 00:00:00,4.3,16.24,73.62,0.25,37.71,0.19,1,Good
Bandung,2026-05-10 01:00:00,4.32,15.94,75.56,0.27,38.09,0.21,1,Good
Bandung,2026-05-10 02:00:00,4.33,15.3,77.18,0.24,39.14,0.22,1,Good
Bandung,2026-05-10 03:00:00,4.39,14.36,77.92,0.18,40.85,0.23,1,Good
Bandung,2026-05-10 04:00:00,4.46,13.27,77.63,0.13,41.88,0.23,1,Good
Bandung,2026-05-10 05:00:00,4.47,12.14,76.94,0.1,41.83,0.23,1,Good
Bandung,2026-05-10 06:00:00,4.48,11.27,76.63,0.09,41.41,0.24,1,Good
Bandung,2026-05-10 07:00:00,4.48,10.79,76.3,0.09,40.96,0.25,1,Good
Bandung,2026-05-10 08:00:00,4.55,10.91,76.08,0.09,40.49,0.27,1,Good
Bandung,2026-05-10 09:00:00,4.62,11.27,76.04,0.11,40.12,0.28,1,Good
Bandung,2026-05-10 10:00:00,4.62,11.69,75.98,0.14,39.42,0.29,1,Good
Bandung,2026-05-10 11:00:00,4.5,12.08,75.78,0.17,38.18,0.28,1,Good
Bandung,2026-05-10 12:00:00,4.35,12.46,75.12,0.18,36.98,0.27,1,Good
Bandung,2026-05-10 13:00:00,4.26,13.01,74.44,0.18,36.06,0.26,1,Good
Bandung,2026-05-10 14:00:00,4.36,14.11,74.08,0.18,35.53,0.26,1,Good
Bandung,2026-05-10 15:00:00,4.68,15.92,73.98,0.2,35.24,0.26,1,Good
Bandung,2026-05-10 16:00:00,5.15,17.94,73.97,0.22,35.18,0.27,1,Good
Bandung,2026-05-10 17:00:00,5.61,19.75,74.24,0.23,35.52,0.28,1,Good
Bandung,2026-05-10 18:00:00,6.01,21.19,74.4,0.24,36.18,0.28,2,Fair
Bandung,2026-05-10 19:00:00,6.21,21.85,74.25,0.23,36.98,0.27,2,Fair
Bandung,2026-05-10 20:00:00,6.25,21.72,74.45,0.22,37.99,0.25,2,Fair
Bandung,2026-05-10 21:00:00,6.23,21.15,75.46,0.22,39.04,0.24,2,Fair
Bandung,2026-05-10 22:00:00,6.21,20.42,76.78,0.23,40.1,0.24,2,Fair
Bandung,2026-05-10 23:00:00,6.25,19.86,78.61,0.24,41.12,0.24,1,Good
Bandung,2026-05-11 00:00:00,6.36,19.47,81.35,0.28,42.0,0.26,1,Good
Bandung,2026-05-12 01:00:00,4.7,8.31,116.18,0.7,39.28,0.43,1,Good
Bandung,2026-05-12 02:00:00,4.48,8.53,111.83,0.64,39.27,0.4,1,Good
Bandung,2026-05-12 03:00:00,4.37,8.49,107.38,0.51,40.03,0.36,1,Good
Bandung,2026-05-12 04:00:00,4.47,8.58,103.45,0.38,41.14,0.33,1,Good
Bandung,2026-05-12 05:00:00,4.59,8.74,98.88,0.3,41.13,0.31,1,Good
Bandung,2026-05-12 06:00:00,4.55,8.81,93.33,0.25,40.15,0.29,1,Good
Bandung,2026-05-12 07:00:00,4.41,8.87,88.49,0.21,39.07,0.29,1,Good
Bandung,2026-05-12 08:00:00,4.34,9.28,85.29,0.2,38.31,0.31,1,Good
Bandung,2026-05-12 09:00:00,4.43,10.31,83.28,0.22,37.74,0.35,1,Good
Bandung,2026-05-12 10:00:00,4.59,11.9,81.57,0.26,37.0,0.37,1,Good
Bandung,2026-05-12 11:00:00,4.64,13.44,79.73,0.31,35.6,0.39,1,Good
Bandung,2026-05-12 12:00:00,4.54,14.51,78.0,0.31,34.06,0.38,1,Good
Bandung,2026-05-12 13:00:00,4.25,14.57,76.28,0.3,32.6,0.35,1,Good
Bandung,2026-05-12 14:00:00,3.94,14.32,75.42,0.29,31.28,0.31,1,Good
Bandung,2026-05-12 15:00:00,3.76,14.23,75.65,0.31,30.21,0.3,1,Good
Bandung,2026-05-12 16:00:00,3.6,13.55,78.54,0.37,29.44,0.31,1,Good
Bandung,2026-05-12 17:00:00,3.63,13.23,82.64,0.46,29.01,0.34,1,Good
Bandung,2026-05-12 18:00:00,3.79,13.17,85.77,0.54,28.53,0.36,1,Good
Bandung,2026-05-12 19:00:00,3.97,13.15,87.58,0.58,28.13,0.37,1,Good
Bandung,2026-05-12 20:00:00,4.15,13.15,88.63,0.61,27.71,0.38,1,Good
Bandung,2026-05-12 21:00:00,4.22,12.94,89.51,0.63,27.4,0.39,1,Good
Bandung,2026-05-12 22:00:00,4.18,12.65,89.23,0.64,27.2,0.4,1,Good
Bandung,2026-05-12 23:00:00,4.08,12.39,87.77,0.62,26.95,0.39,1,Good
Bandung,2026-05-13 00:00:00,3.98,12.2,86.02,0.58,26.75,0.38,1,Good
Bandung,2026-05-13 01:00:00,3.92,12.0,84.05,0.45,27.02,0.37,1,Good
Bandung,2026-05-13 02:00:00,4.0,11.84,81.81,0.35,28.25,0.34,1,Good
Bandung,2026-05-13 03:00:00,4.26,11.65,79.92,0.26,29.93,0.31,1,Good
Bandung,2026-05-13 04:00:00,4.71,11.45,78.59,0.19,31.25,0.29,1,Good
Bandung,2026-05-13 05:00:00,5.11,11.1,77.76,0.15,31.73,0.27,1,Good
Bandung,2026-05-13 06:00:00,5.25,10.53,76.96,0.13,31.41,0.25,1,Good
Bandung,2026-05-13 07:00:00,5.14,10.08,76.17,0.12,30.53,0.23,1,Good
Bandung,2026-05-13 08:00:00,4.93,10.23,75.36,0.12,29.38,0.23,1,Good
Bandung,2026-05-13 09:00:00,4.7,10.97,74.78,0.13,28.17,0.23,1,Good
Bandung,2026-05-13 10:00:00,4.36,11.65,74.44,0.14,26.88,0.23,1,Good
Bandung,2026-05-13 11:00:00,4.02,11.85,74.79,0.17,25.84,0.22,1,Good
Bandung,2026-05-13 12:00:00,3.72,11.62,75.57,0.19,25.3,0.2,1,Good
Bandung,2026-05-13 13:00:00,3.42,11.1,76.44,0.2,24.95,0.2,1,Good
Bandung,2026-05-13 14:00:00,3.19,10.58,77.36,0.23,24.66,0.2,1,Good
Bandung,2026-05-13 15:00:00,3.03,10.16,78.2,0.27,24.29,0.21,1,Good
Bandung,2026-05-13 16:00:00,2.96,9.9,79.16,0.32,23.86,0.23,1,Good
Bandung,2026-05-13 17:00:00,2.95,9.83,80.84,0.39,23.42,0.27,1,Good
Bandung,2026-05-13 18:00:00,2.95,9.78,82.27,0.45,22.97,0.29,1,Good
Bandung,2026-05-13 19:00:00,2.9,9.54,82.78,0.49,22.53,0.3,1,Good
Bandung,2026-05-13 20:00:00,2.91,9.44,83.53,0.53,22.1,0.31,1,Good
Bandung,2026-05-13 21:00:00,2.96,9.1,83.96,0.57,21.7,0.31,1,Good
Bandung,2026-05-13 22:00:00,3.0,8.29,82.92,0.59,21.29,0.3,1,Good
Bandung,2026-05-13 23:00:00,3.04,7.53,80.41,0.59,20.91,0.28,1,Good
Bandung,2026-05-14 00:00:00,3.11,6.98,78.1,0.58,20.67,0.26,1,Good
Bandung,2026-05-14 01:00:00,3.05,6.32,76.91,0.51,20.79,0.23,1,Good
Bandung,2026-05-14 02:00:00,2.93,5.68,76.72,0.44,21.53,0.21,1,Good
Bandung,2026-05-14 03:00:00,2.82,5.17,76.56,0.32,23.06,0.17,1,Good
Bandung,2026-05-14 04:00:00,2.68,4.71,75.86,0.18,24.94,0.14,1,Good
Bandung,2026-05-14 05:00:00,2.58,4.51,75.53,0.12,25.94,0.12,1,Good
Bandung,2026-05-14 06:00:00,2.57,4.58,75.78,0.1,26.16,0.11,1,Good
Bandung,2026-05-14 07:00:00,2.54,4.72,75.67,0.1,25.66,0.11,1,Good
Bandung,2026-05-14 08:00:00,2.55,5.02,75.44,0.1,25.12,0.11,1,Good
Bandung,2026-05-14 09:00:00,2.61,5.51,74.72,0.12,24.77,0.12,1,Good
Bandung,2026-05-14 10:00:00,2.68,6.2,73.84,0.15,24.24,0.13,1,Good
Bandung,2026-05-14 11:00:00,2.77,7.16,72.82,0.19,23.52,0.15,1,Good
Bandung,2026-05-14 12:00:00,2.86,8.23,71.67,0.21,22.86,0.16,1,Good
Bandung,2026-05-14 13:00:00,2.92,9.05,70.52,0.22,22.33,0.17,1,Good
Bandung,2026-05-14 14:00:00,2.96,9.23,69.79,0.23,21.96,0.17,1,Good
Bandung,2026-05-14 15:00:00,3.01,9.23,69.46,0.25,21.69,0.17,1,Good
Bandung,2026-05-14 16:00:00,3.02,9.24,69.72,0.28,21.46,0.18,1,Good
Bandung,2026-05-14 17:00:00,3.07,9.46,70.46,0.33,21.34,0.19,1,Good
Bandung,2026-05-14 18:00:00,3.09,9.48,71.23,0.37,21.35,0.2,1,Good
Bandung,2026-05-14 19:00:00,3.02,8.92,71.47,0.38,21.55,0.2,1,Good
Bandung,2026-05-14 20:00:00,2.92,7.97,71.42,0.37,21.94,0.19,1,Good
Bandung,2026-05-14 21:00:00,2.81,7.0,71.6,0.36,22.5,0.18,1,Good
Bandung,2026-05-14 22:00:00,2.68,6.01,72.44,0.36,23.17,0.18,1,Good
Bandung,2026-05-14 23:00:00,2.6,5.37,74.12,0.39,23.87,0.18,1,Good
Bandung,2026-05-15 00:00:00,2.54,4.97,76.2,0.43,24.64,0.19,1,Good
Bandung,2026-05-15 01:00:00,2.56,5.06,78.3,0.42,25.54,0.2,1,Good
Bandung,2026-05-15 02:00:00,2.7,5.43,80.43,0.38,26.98,0.21,1,Good
Bandung,2026-05-15 03:00:00,2.92,5.86,82.01,0.31,29.31,0.21,1,Good
Bandung,2026-05-15 04:00:00,3.31,6.43,83.28,0.21,32.03,0.2,1,Good
Bandung,2026-05-15 05:00:00,3.74,7.0,83.5,0.15,33.53,0.19,1,Good
Bandung,2026-05-15 06:00:00,4.05,7.54,82.66,0.12,33.53,0.19,1,Good
Bandung,2026-05-15 07:00:00,4.15,7.91,81.01,0.11,32.6,0.19,1,Good
Bandung,2026-05-15 08:00:00,4.11,8.15,78.93,0.12,31.23,0.19,1,Good
Bandung,2026-05-15 09:00:00,4.01,8.4,77.08,0.14,29.81,0.2,1,Good
Bandung,2026-05-15 10:00:00,3.85,8.49,75.35,0.17,28.21,0.21,1,Good
Bandung,2026-05-15 11:00:00,3.74,8.66,73.71,0.2,26.56,0.22,1,Good
Bandung,2026-05-15 12:00:00,3.72,8.83,72.75,0.21,25.25,0.21,1,Good
Bandung,2026-05-15 13:00:00,3.59,8.27,72.17,0.23,24.17,0.21,1,Good
Bandung,2026-05-15 14:00:00,3.5,7.99,72.29,0.26,23.35,0.2,1,Good
Bandung,2026-05-15 15:00:00,3.56,8.37,72.98,0.31,22.69,0.19,1,Good
Bandung,2026-05-15 16:00:00,3.79,9.06,74.41,0.37,21.97,0.21,1,Good
Bandung,2026-05-15 17:00:00,3.93,9.09,77.93,0.47,21.41,0.24,1,Good
Bandung,2026-05-15 18:00:00,3.96,8.64,83.61,0.58,20.96,0.27,1,Good
Bandung,2026-05-15 19:00:00,4.02,8.21,91.25,0.71,20.64,0.3,1,Good
Bandung,2026-05-15 20:00:00,4.18,8.0,100.76,0.86,20.64,0.31,1,Good
Bandung,2026-05-15 21:00:00,4.25,7.53,108.66,1.02,21.09,0.3,1,Good
Bandung,2026-05-15 22:00:00,3.98,6.63,107.76,1.07,21.78,0.27,1,Good
Bandung,2026-05-15 23:00:00,3.97,6.77,107.39,1.11,21.77,0.25,1,Good
Bandung,2026-05-16 00:00:00,3.9,6.83,105.8,1.11,21.78,0.24,1,Good
Bandung,2026-05-16 01:00:00,3.81,6.93,103.08,0.97,22.24,0.24,1,Good
Bandung,2026-05-16 02:00:00,3.69,7.27,98.65,0.81,23.31,0.24,1,Good
Bandung,2026-05-16 03:00:00,3.53,7.56,92.6,0.62,24.73,0.23,1,Good
Bandung,2026-05-16 04:00:00,3.22,7.51,84.77,0.41,25.7,0.2,1,Good
Bandung,2026-05-16 05:00:00,2.95,7.29,77.94,0.26,25.95,0.18,1,Good
Bandung,2026-05-16 06:00:00,2.79,7.08,75.22,0.18,25.94,0.16,1,Good
Bandung,2026-05-16 07:00:00,2.57,6.78,73.9,0.13,25.46,0.13,1,Good
Bandung,2026-05-16 08:00:00,2.41,6.64,73.52,0.11,24.83,0.12,1,Good
Bandung,2026-05-16 09:00:00,2.35,6.58,73.9,0.11,24.37,0.11,1,Good
Bandung,2026-05-16 10:00:00,2.24,6.32,74.6,0.12,24.04,0.11,1,Good
Bandung,2026-05-16 11:00:00,2.13,6.11,75.18,0.13,23.73,0.11,1,Good
Bandung,2026-05-16 12:00:00,2.08,6.18,75.44,0.13,23.48,0.11,1,Good
Bandung,2026-05-16 13:00:00,2.04,5.95,75.76,0.14,23.28,0.12,1,Good
Bandung,2026-05-16 14:00:00,1.99,5.61,76.2,0.16,23.16,0.12,1,Good
Bandung,2026-05-16 15:00:00,1.91,5.31,76.73,0.18,23.15,0.12,1,Good
Bandung,2026-05-16 16:00:00,1.82,4.91,76.99,0.2,23.06,0.12,1,Good
Bandung,2026-05-16 17:00:00,1.78,4.58,78.0,0.24,23.06,0.12,1,Good
Bandung,2026-05-16 18:00:00,1.77,4.35,79.3,0.28,23.08,0.13,1,Good
Bandung,2026-05-16 19:00:00,1.82,4.39,80.63,0.32,23.02,0.14,1,Good
Bandung,2026-05-16 20:00:00,1.93,4.62,82.12,0.37,22.91,0.15,1,Good
Bandung,2026-05-16 21:00:00,2.01,4.71,83.04,0.4,22.8,0.16,1,Good
Bandung,2026-05-16 22:00:00,1.96,4.46,80.99,0.35,22.83,0.15,1,Good
Bandung,2026-05-16 23:00:00,1.85,4.17,78.57,0.29,22.93,0.13,1,Good
Bandung,2026-05-17 00:00:00,1.79,4.04,77.44,0.26,23.08,0.13,1,Good
Bandung,2026-05-17 01:00:00,1.74,3.83,76.42,0.22,23.3,0.12,1,Good
Bandung,2026-05-17 02:00:00,1.72,3.66,75.63,0.17,23.76,0.11,1,Good
Bandung,2026-05-17 03:00:00,1.73,3.54,74.81,0.13,24.43,0.1,1,Good
Bandung,2026-05-17 04:00:00,1.77,3.6,74.12,0.1,24.99,0.1,1,Good
Bandung,2026-05-17 05:00:00,1.82,3.67,73.33,0.08,25.18,0.09,1,Good
Bandung,2026-05-17 06:00:00,1.85,3.61,72.69,0.07,25.04,0.08,1,Good
Bandung,2026-05-17 07:00:00,1.83,3.4,72.12,0.06,24.71,0.07,1,Good
Bandung,2026-05-17 08:00:00,1.82,3.28,71.62,0.05,24.29,0.06,1,Good
Bandung,2026-05-17 09:00:00,1.84,3.25,71.38,0.05,23.98,0.06,1,Good
Bandung,2026-05-17 10:00:00,1.89,3.38,71.22,0.06,23.73,0.05,1,Good
Bandung,2026-05-17 11:00:00,2.0,3.78,71.04,0.07,23.43,0.05,1,Good
Bandung,2026-05-17 12:00:00,2.14,4.43,70.6,0.07,23.24,0.06,1,Good
Bandung,2026-05-17 13:00:00,2.32,5.32,70.77,0.09,23.13,0.07,1,Good
Bandung,2026-05-17 14:00:00,2.48,6.16,71.32,0.12,23.12,0.08,1,Good
Bandung,2026-05-17 15:00:00,2.58,6.72,71.99,0.15,23.2,0.09,1,Good
Bandung,2026-05-17 16:00:00,2.62,6.99,72.67,0.17,23.24,0.1,1,Good
Bandung,2026-05-17 17:00:00,2.61,6.99,73.02,0.18,23.45,0.1,1,Good
Bandung,2026-05-17 18:00:00,2.56,6.8,72.47,0.15,23.75,0.09,1,Good
Bandung,2026-05-17 19:00:00,2.5,6.59,71.13,0.1,24.11,0.07,1,Good
Bandung,2026-05-17 20:00:00,2.5,6.56,71.09,0.09,24.23,0.07,1,Good
Bandung,2026-05-17 21:00:00,2.52,6.49,71.29,0.1,24.3,0.08,1,Good
Bandung,2026-05-17 22:00:00,2.49,6.12,72.0,0.11,24.4,0.08,1,Good
Bandung,2026-05-17 23:00:00,2.34,5.4,72.5,0.12,24.57,0.08,1,Good
Bandung,2026-05-18 00:00:00,2.16,4.73,72.95,0.14,24.81,0.07,1,Good
Bandung,2026-05-18 01:00:00,1.93,4.18,72.93,0.12,25.25,0.07,1,Good
Bandung,2026-05-18 02:00:00,1.75,3.8,72.6,0.1,25.98,0.07,1,Good
Bandung,2026-05-18 03:00:00,1.68,3.61,72.28,0.08,26.83,0.07,1,Good
Bandung,2026-05-18 04:00:00,1.7,3.57,72.02,0.07,27.51,0.07,1,Good
Bandung,2026-05-18 05:00:00,1.76,3.66,71.85,0.06,27.72,0.07,1,Good
Bandung,2026-05-18 06:00:00,1.84,3.8,71.65,0.05,27.56,0.07,1,Good
Bandung,2026-05-18 07:00:00,1.91,3.98,71.43,0.05,27.22,0.07,1,Good
Bandung,2026-05-18 08:00:00,2.0,4.24,71.25,0.05,26.9,0.08,1,Good
Bandung,2026-05-18 09:00:00,2.12,4.59,71.28,0.06,26.74,0.08,1,Good
Bandung,2026-05-18 10:00:00,2.25,4.92,71.52,0.08,26.73,0.09,1,Good
Bandung,2026-05-18 11:00:00,2.38,5.23,71.91,0.11,26.58,0.11,1,Good
Bandung,2026-05-18 12:00:00,2.51,5.49,72.68,0.14,26.66,0.12,1,Good
Bandung,2026-05-18 13:00:00,2.65,5.64,73.74,0.16,26.87,0.14,1,Good
Bandung,2026-05-18 14:00:00,2.84,5.88,75.64,0.2,27.36,0.18,1,Good
Bandung,2026-05-18 15:00:00,3.11,6.27,79.42,0.25,27.97,0.22,1,Good
Bandung,2026-05-18 16:00:00,3.5,6.82,87.3,0.34,28.61,0.3,1,Good
Bandung,2026-05-18 17:00:00,4.06,7.54,97.52,0.48,29.48,0.4,1,Good
Bandung,2026-05-18 18:00:00,4.74,8.36,108.87,0.64,30.26,0.51,1,Good
Bandung,2026-05-18 19:00:00,5.52,9.42,119.32,0.78,30.82,0.62,1,Good
Bandung,2026-05-18 20:00:00,6.43,10.75,128.61,0.9,31.24,0.73,1,Good
Bandung,2026-05-18 21:00:00,7.37,12.01,137.14,1.02,31.52,0.86,1,Good
Bandung,2026-05-18 22:00:00,8.23,12.96,143.63,1.13,31.75,0.98,1,Good
Bandung,2026-05-18 23:00:00,9.07,13.83,149.93,1.23,31.95,1.11,1,Good
Bandung,2026-05-19 00:00:00,9.96,14.85,157.57,1.39,32.38,1.25,1,Good
Bandung,2026-05-20 01:00:00,30.94,35.15,281.35,1.09,78.43,1.2,3,Moderate
Bandung,2026-05-20 02:00:00,36.65,41.38,311.37,1.07,87.95,1.36,3,Moderate
Bandung,2026-05-20 03:00:00,43.32,48.48,337.27,0.87,99.13,1.45,3,Moderate
Bandung,2026-05-20 04:00:00,50.78,56.41,359.67,0.7,109.75,1.54,4,Poor
Bandung,2026-05-20 05:00:00,59.02,65.21,377.86,0.62,117.82,1.62,4,Poor
Bandung,2026-05-20 06:00:00,65.51,72.1,388.13,0.59,123.29,1.67,4,Poor
Bandung,2026-05-20 07:00:00,68.92,75.53,389.69,0.6,126.05,1.64,4,Poor
Bandung,2026-05-20 08:00:00,69.97,76.35,388.58,0.65,126.87,1.57,4,Poor
Bandung,2026-05-20 09:00:00,69.41,75.48,385.38,0.75,126.64,1.49,4,Poor
Bandung,2026-05-20 10:00:00,67.24,73.05,379.86,0.86,124.47,1.39,4,Poor
Bandung,2026-05-20 11:00:00,65.05,70.84,373.89,0.85,120.95,1.29,4,Poor
Bandung,2026-05-20 12:00:00,63.04,68.85,369.31,0.76,117.28,1.2,4,Poor
Bandung,2026-05-20 13:00:00,61.61,67.14,368.59,0.69,114.41,1.14,4,Poor
Bandung,2026-05-20 14:00:00,61.64,66.76,379.21,0.69,113.27,1.13,4,Poor
Bandung,2026-05-20 15:00:00,63.24,68.01,403.38,0.75,113.58,1.17,4,Poor
Bandung,2026-05-20 16:00:00,66.12,70.66,445.05,0.99,114.33,1.27,4,Poor
Bandung,2026-05-20 17:00:00,69.67,74.07,486.72,1.18,115.71,1.34,4,Poor
Bandung,2026-05-20 18:00:00,73.29,77.37,517.23,1.18,118.65,1.35,4,Poor
Bandung,2026-05-20 19:00:00,76.04,79.63,533.94,1.07,122.24,1.31,5,Very Poor
Bandung,2026-05-20 20:00:00,78.22,81.56,548.99,1.0,123.8,1.25,5,Very Poor
Bandung,2026-05-20 21:00:00,79.98,83.17,564.5,0.97,124.27,1.21,5,Very Poor
Bandung,2026-05-20 22:00:00,80.91,83.96,578.07,0.95,124.37,1.17,5,Very Poor
Bandung,2026-05-20 23:00:00,80.84,83.66,580.84,0.89,124.37,1.09,5,Very Poor
Bandung,2026-05-21 00:00:00,79.43,81.93,568.14,0.83,125.06,0.97,5,Very Poor
Bandung,2026-05-21 01:00:00,76.34,78.5,532.85,0.74,127.69,0.8,5,Very Poor
Bandung,2026-05-21 02:00:00,76.39,78.56,529.17,0.71,128.99,0.75,5,Very Poor
Bandung,2026-05-21 03:00:00,77.46,79.7,532.28,0.59,130.78,0.72,5,Very Poor
Bandung,2026-05-21 04:00:00,79.72,82.03,540.54,0.48,133.63,0.7,5,Very Poor
Bandung,2026-05-21 05:00:00,81.92,84.26,546.28,0.43,134.55,0.69,5,Very Poor
Bandung,2026-05-21 06:00:00,83.88,86.18,550.84,0.42,135.11,0.69,5,Very Poor
Bandung,2026-05-21 07:00:00,82.88,85.02,539.65,0.41,133.91,0.63,5,Very Poor
Bandung,2026-05-21 08:00:00,82.55,84.64,531.34,0.43,131.82,0.6,5,Very Poor
Bandung,2026-05-21 09:00:00,82.49,84.57,526.77,0.49,130.99,0.59,5,Very Poor
Bandung,2026-05-21 10:00:00,81.93,83.98,522.74,0.57,130.33,0.58,5,Very Poor
Bandung,2026-05-21 11:00:00,81.16,83.15,522.27,0.62,128.55,0.57,5,Very Poor
Bandung,2026-05-21 12:00:00,80.7,82.63,533.7,0.68,126.91,0.6,5,Very Poor
Bandung,2026-05-21 13:00:00,79.0,80.77,547.35,0.76,127.8,0.62,5,Very Poor
Bandung,2026-05-21 14:00:00,77.44,79.06,559.26,0.85,127.51,0.62,5,Very Poor
Bandung,2026-05-21 15:00:00,75.97,77.47,564.4,0.9,127.06,0.6,5,Very Poor
Bandung,2026-05-21 16:00:00,73.48,74.92,563.57,0.92,126.14,0.58,4,Poor
Bandung,2026-05-21 17:00:00,71.02,72.39,561.43,0.87,125.18,0.55,4,Poor
Bandung,2026-05-21 18:00:00,68.62,69.92,555.08,0.78,123.71,0.5,4,Poor
Bandung,2026-05-21 19:00:00,65.91,67.09,545.71,0.69,121.66,0.45,4,Poor
Bandung,2026-05-21 20:00:00,63.22,64.27,536.84,0.64,119.1,0.41,4,Poor
Bandung,2026-05-21 21:00:00,60.64,61.56,527.27,0.58,116.6,0.36,4,Poor
Bandung,2026-05-21 22:00:00,57.98,58.82,521.03,0.58,114.21,0.34,4,Poor
Bandung,2026-05-21 23:00:00,55.8,56.63,518.34,0.61,111.78,0.34,4,Poor
Bandung,2026-05-22 00:00:00,54.09,54.91,517.05,0.69,110.09,0.35,4,Poor
Bandung,2026-05-22 01:00:00,52.64,53.43,516.72,0.84,108.61,0.37,4,Poor
Bandung,2026-05-22 02:00:00,51.27,51.98,515.47,0.89,107.84,0.35,4,Poor
Bandung,2026-05-22 03:00:00,49.8,50.39,507.64,0.74,107.47,0.27,3,Moderate
Bandung,2026-05-22 04:00:00,47.22,47.68,494.47,0.48,107.72,0.19,3,Moderate
Bandung,2026-05-22 05:00:00,45.21,45.65,483.76,0.36,106.48,0.15,3,Moderate
Bandung,2026-05-22 06:00:00,44.16,44.58,470.02,0.28,104.94,0.12,3,Moderate
Bandung,2026-05-22 07:00:00,43.34,43.77,455.06,0.23,103.34,0.09,3,Moderate
Bandung,2026-05-22 08:00:00,42.25,42.7,440.5,0.22,101.12,0.08,3,Moderate
Bandung,2026-05-22 09:00:00,41.24,41.72,429.12,0.23,99.45,0.07,3,Moderate
Bandung,2026-05-22 10:00:00,39.94,40.44,420.67,0.24,98.42,0.06,3,Moderate
Bandung,2026-05-22 11:00:00,38.34,38.85,413.83,0.24,97.38,0.06,3,Moderate
Bandung,2026-05-22 12:00:00,36.73,37.24,409.56,0.24,96.32,0.06,3,Moderate
Bandung,2026-05-22 13:00:00,34.59,35.11,409.77,0.26,95.56,0.09,3,Moderate
Bandung,2026-05-22 14:00:00,33.2,33.74,415.26,0.32,94.91,0.12,3,Moderate
Bandung,2026-05-22 15:00:00,33.06,33.62,424.98,0.38,94.4,0.14,3,Moderate
Bandung,2026-05-22 16:00:00,33.34,33.91,438.02,0.46,94.39,0.16,3,Moderate
Bandung,2026-05-22 17:00:00,33.45,34.06,445.38,0.48,94.49,0.17,3,Moderate
Bandung,2026-05-22 18:00:00,33.22,33.85,445.24,0.45,94.58,0.16,3,Moderate
Bandung,2026-05-22 19:00:00,32.48,33.14,440.61,0.38,94.47,0.15,3,Moderate
Bandung,2026-05-22 20:00:00,31.39,32.08,435.94,0.34,94.02,0.13,3,Moderate
Bandung,2026-05-22 21:00:00,30.13,30.88,430.1,0.32,93.37,0.12,3,Moderate
Bandung,2026-05-22 22:00:00,28.63,29.42,422.53,0.29,92.7,0.12,3,Moderate
Bandung,2026-05-22 23:00:00,26.89,27.71,414.38,0.27,91.88,0.11,3,Moderate
Bandung,2026-05-23 00:00:00,25.18,26.03,406.58,0.28,91.21,0.1,3,Moderate
Bandung,2026-05-23 01:00:00,23.29,24.16,395.16,0.31,90.14,0.1,2,Fair
Bandung,2026-05-23 02:00:00,21.44,22.32,383.51,0.29,88.97,0.1,2,Fair
Bandung,2026-05-23 03:00:00,20.01,20.88,372.79,0.25,87.85,0.09,2,Fair
Bandung,2026-05-23 04:00:00,19.18,20.02,365.65,0.2,86.74,0.09,2,Fair
Bandung,2026-05-23 05:00:00,18.69,19.5,356.73,0.18,84.92,0.08,2,Fair
Bandung,2026-05-23 06:00:00,18.11,18.9,343.63,0.16,82.29,0.08,2,Fair
Bandung,2026-05-23 07:00:00,16.64,17.4,325.8,0.13,79.08,0.07,2,Fair
Bandung,2026-05-23 08:00:00,14.28,15.03,302.78,0.13,75.04,0.06,2,Fair
Bandung,2026-05-23 09:00:00,12.1,12.86,279.32,0.13,70.91,0.06,2,Fair
Bandung,2026-05-23 10:00:00,9.96,10.69,255.87,0.14,66.71,0.07,2,Fair
Bandung,2026-05-23 11:00:00,8.18,8.87,235.66,0.14,62.86,0.07,2,Fair
Bandung,2026-05-23 12:00:00,6.91,7.6,220.28,0.14,59.45,0.07,1,Good
Bandung,2026-05-23 13:00:00,6.0,6.73,207.88,0.14,56.01,0.08,1,Good
Bandung,2026-05-23 14:00:00,5.3,6.04,197.06,0.14,52.77,0.09,1,Good
Bandung,2026-05-23 15:00:00,4.67,5.39,187.32,0.13,49.96,0.09,1,Good
Bandung,2026-05-23 16:00:00,4.24,5.03,181.19,0.17,47.03,0.11,1,Good
Bandung,2026-05-23 17:00:00,4.05,4.89,178.15,0.22,44.23,0.13,1,Good
Bandung,2026-05-23 18:00:00,3.88,4.68,175.27,0.25,42.37,0.13,1,Good
Bandung,2026-05-23 19:00:00,3.64,4.34,168.81,0.23,41.09,0.11,1,Good
Bandung,2026-05-23 20:00:00,3.52,4.17,167.2,0.25,39.71,0.11,1,Good
Bandung,2026-05-23 21:00:00,3.47,4.12,168.19,0.29,38.56,0.12,1,Good
Bandung,2026-05-23 22:00:00,3.43,4.02,170.77,0.34,37.39,0.13,1,Good
Bandung,2026-05-23 23:00:00,3.36,4.0,171.3,0.38,35.71,0.14,1,Good
Bandung,2026-05-24 00:00:00,3.17,3.87,167.66,0.4,34.13,0.13,1,Good
Bandung,2026-05-25 01:00:00,1.12,1.62,85.14,0.31,21.44,0.06,1,Good
Bandung,2026-05-25 02:00:00,1.09,1.63,84.56,0.3,21.62,0.06,1,Good
Bandung,2026-05-25 03:00:00,1.07,1.63,84.27,0.28,21.9,0.06,1,Good
Bandung,2026-05-25 04:00:00,1.07,1.66,84.04,0.25,22.37,0.06,1,Good
Bandung,2026-05-25 05:00:00,1.08,1.6,83.68,0.22,22.96,0.05,1,Good
Bandung,2026-05-25 06:00:00,1.07,1.5,83.17,0.19,23.54,0.05,1,Good
Bandung,2026-05-25 07:00:00,1.06,1.43,82.85,0.15,24.32,0.04,1,Good
Bandung,2026-05-25 08:00:00,1.04,1.37,81.67,0.14,24.63,0.04,1,Good
Bandung,2026-05-25 09:00:00,1.01,1.32,80.43,0.14,24.6,0.04,1,Good
Bandung,2026-05-25 10:00:00,0.97,1.28,79.35,0.17,24.44,0.04,1,Good
Bandung,2026-05-25 11:00:00,0.94,1.29,78.53,0.19,24.13,0.04,1,Good
Bandung,2026-05-25 12:00:00,0.96,1.4,79.32,0.22,23.84,0.05,1,Good
Bandung,2026-05-25 13:00:00,0.99,1.57,80.76,0.27,23.41,0.07,1,Good
Bandung,2026-05-25 14:00:00,1.07,1.83,83.26,0.34,23.11,0.1,1,Good
Bandung,2026-05-25 15:00:00,1.2,2.18,87.67,0.45,22.91,0.13,1,Good
Bandung,2026-05-25 16:00:00,1.63,3.03,105.65,0.97,22.01,0.23,1,Good
Bandung,2026-05-25 17:00:00,2.31,4.15,134.56,1.79,20.73,0.37,1,Good
Bandung,2026-05-25 18:00:00,2.93,5.0,159.79,2.48,19.93,0.45,1,Good
Bandung,2026-05-25 19:00:00,3.37,5.52,176.88,2.92,19.52,0.48,1,Good
Bandung,2026-05-25 20:00:00,3.58,5.67,184.35,3.08,19.36,0.48,1,Good
Bandung,2026-05-25 21:00:00,3.51,5.43,182.48,3.03,19.8,0.47,1,Good
Bandung,2026-05-25 22:00:00,2.74,4.22,155.79,2.39,21.86,0.4,1,Good
Bandung,2026-05-25 23:00:00,2.66,4.11,151.57,2.24,22.24,0.35,1,Good
Bandung,2026-05-26 00:00:00,2.55,4.02,145.06,1.84,22.87,0.3,1,Good
Bandung,2026-05-26 01:00:00,1.87,3.26,112.93,0.81,24.84,0.18,1,Good
Bandung,2026-05-26 02:00:00,1.72,3.25,99.78,0.51,26.67,0.14,1,Good
Bandung,2026-05-26 03:00:00,1.76,3.45,92.09,0.35,28.4,0.12,1,Good
Bandung,2026-05-26 04:00:00,1.87,3.71,85.55,0.2,30.16,0.11,1,Good
Bandung,2026-05-26 05:00:00,1.96,3.92,79.73,0.12,30.88,0.09,1,Good
Bandung,2026-05-26 06:00:00,1.94,3.98,74.93,0.08,30.71,0.08,1,Good
Bandung,2026-05-26 07:00:00,1.84,3.84,71.84,0.07,30.28,0.07,1,Good
Bandung,2026-05-26 08:00:00,1.7,3.64,69.73,0.06,29.7,0.07,1,Good
Bandung,2026-05-26 09:00:00,1.57,3.47,68.71,0.05,29.32,0.06,1,Good
Bandung,2026-05-26 10:00:00,1.43,3.31,68.43,0.07,29.09,0.06,1,Good
Bandung,2026-05-26 11:00:00,1.32,3.14,68.57,0.09,29.07,0.06,1,Good
Bandung,2026-05-26 12:00:00,1.22,2.98,68.79,0.1,29.19,0.06,1,Good
Bandung,2026-05-26 13:00:00,1.17,2.88,69.36,0.12,29.23,0.06,1,Good
Bandung,2026-05-26 14:00:00,1.15,2.84,70.35,0.16,29.23,0.07,1,Good
Bandung,2026-05-26 15:00:00,1.13,2.75,71.24,0.18,29.19,0.07,1,Good
Bandung,2026-05-26 16:00:00,1.14,2.67,74.05,0.21,29.14,0.08,1,Good
Bandung,2026-05-26 17:00:00,1.16,2.58,76.97,0.23,29.32,0.08,1,Good
Bandung,2026-05-26 18:00:00,1.18,2.51,79.2,0.23,29.48,0.09,1,Good
Bandung,2026-05-26 19:00:00,1.25,2.54,81.84,0.25,29.38,0.1,1,Good
Bandung,2026-05-26 20:00:00,1.41,2.77,86.87,0.31,29.09,0.14,1,Good
Bandung,2026-05-26 21:00:00,1.65,3.09,93.28,0.43,28.82,0.19,1,Good
Bandung,2026-05-26 22:00:00,1.92,3.45,100.06,0.57,28.63,0.25,1,Good
Bandung,2026-05-26 23:00:00,2.08,3.63,103.81,0.67,28.38,0.29,1,Good
Bandung,2026-05-27 00:00:00,2.04,3.55,102.7,0.69,28.34,0.3,1,Good
Bandung,2026-05-27 01:00:00,1.46,2.69,86.37,0.39,28.92,0.18,1,Good
Bandung,2026-05-27 02:00:00,1.36,2.54,82.17,0.27,29.32,0.15,1,Good
Bandung,2026-05-27 03:00:00,1.36,2.54,79.89,0.19,29.8,0.13,1,Good
Bandung,2026-05-27 04:00:00,1.33,2.43,77.17,0.11,30.09,0.09,1,Good
Bandung,2026-05-27 05:00:00,1.3,2.29,74.66,0.08,30.5,0.07,1,Good
Bandung,2026-05-27 06:00:00,1.28,2.19,72.79,0.06,30.6,0.06,1,Good
Bandung,2026-05-27 07:00:00,1.25,2.1,71.53,0.05,30.45,0.05,1,Good
Bandung,2026-05-27 08:00:00,1.21,2.01,70.59,0.05,30.09,0.05,1,Good
Bandung,2026-05-27 09:00:00,1.15,1.92,70.03,0.05,29.74,0.04,1,Good
Bandung,2026-05-27 10:00:00,1.09,1.83,69.92,0.06,29.45,0.04,1,Good
Bandung,2026-05-27 11:00:00,1.03,1.76,70.16,0.09,29.27,0.05,1,Good
Bandung,2026-05-27 12:00:00,1.03,1.79,71.82,0.13,29.13,0.06,1,Good
Bandung,2026-05-27 13:00:00,1.12,1.95,75.04,0.19,28.84,0.1,1,Good
Bandung,2026-05-27 14:00:00,1.26,2.19,78.14,0.24,28.44,0.13,1,Good
Bandung,2026-05-27 15:00:00,1.43,2.48,81.76,0.29,28.21,0.16,1,Good
Bandung,2026-05-27 16:00:00,1.7,2.87,89.26,0.38,28.29,0.22,1,Good
Bandung,2026-05-27 17:00:00,2.01,3.26,97.14,0.48,28.78,0.28,1,Good
Bandung,2026-05-27 18:00:00,2.28,3.61,102.98,0.54,29.5,0.32,1,Good
Bandung,2026-05-27 19:00:00,2.51,3.95,106.32,0.56,30.2,0.34,1,Good
Bandung,2026-05-27 20:00:00,2.7,4.31,107.56,0.55,30.87,0.34,1,Good
Bandung,2026-05-27 21:00:00,2.89,4.68,107.98,0.53,31.56,0.35,1,Good
Bandung,2026-05-27 22:00:00,2.99,4.94,105.84,0.49,32.25,0.33,1,Good
Bandung,2026-05-27 23:00:00,3.06,5.14,103.9,0.46,32.88,0.32,1,Good
Bandung,2026-05-28 00:00:00,3.12,5.27,102.58,0.46,33.45,0.3,1,Good
Bandung,2026-05-28 01:00:00,3.12,5.11,100.54,0.42,34.56,0.28,1,Good
Bandung,2026-05-28 02:00:00,3.19,5.09,96.66,0.32,36.04,0.25,1,Good
Bandung,2026-05-28 03:00:00,3.38,5.21,92.06,0.22,37.43,0.21,1,Good
Bandung,2026-05-28 04:00:00,3.62,5.38,87.72,0.15,38.11,0.18,1,Good
Bandung,2026-05-28 05:00:00,3.77,5.47,83.15,0.11,38.0,0.15,1,Good
Bandung,2026-05-28 06:00:00,3.73,5.41,78.34,0.09,37.41,0.13,1,Good
Bandung,2026-05-28 07:00:00,3.47,5.12,74.34,0.08,36.65,0.11,1,Good
Bandung,2026-05-28 08:00:00,3.14,4.84,71.32,0.08,35.8,0.09,1,Good
Bandung,2026-05-28 09:00:00,2.82,4.72,69.25,0.1,35.03,0.08,1,Good
Bandung,2026-05-28 10:00:00,2.56,4.85,68.1,0.11,34.38,0.08,1,Good
Bandung,2026-05-28 11:00:00,2.4,5.17,67.79,0.13,33.91,0.08,1,Good
Bandung,2026-05-28 12:00:00,2.34,5.51,68.66,0.14,33.81,0.09,1,Good
Bandung,2026-05-28 13:00:00,2.29,5.81,69.14,0.16,33.67,0.1,1,Good
Bandung,2026-05-28 14:00:00,2.26,5.92,69.45,0.16,33.98,0.11,1,Good
Bandung,2026-05-28 15:00:00,2.27,5.86,69.78,0.18,34.59,0.12,1,Good
Bandung,2026-05-28 16:00:00,2.32,5.79,70.72,0.21,35.5,0.14,1,Good
Bandung,2026-05-28 17:00:00,2.44,6.11,71.41,0.23,36.66,0.16,1,Good
Bandung,2026-05-28 18:00:00,2.55,6.59,71.83,0.26,38.05,0.17,1,Good
Bandung,2026-05-28 19:00:00,2.59,6.94,71.97,0.27,39.46,0.17,1,Good
Bandung,2026-05-28 20:00:00,2.66,7.66,72.19,0.28,40.41,0.18,1,Good
Bandung,2026-05-28 21:00:00,2.72,8.42,72.54,0.28,40.97,0.19,1,Good
Bandung,2026-05-28 22:00:00,2.72,8.94,72.04,0.28,41.5,0.19,1,Good
Bandung,2026-05-28 23:00:00,2.67,9.28,70.24,0.25,41.68,0.18,1,Good
Bandung,2026-05-29 00:00:00,2.57,9.23,68.84,0.24,41.64,0.17,1,Good
Bandung,2026-05-29 01:00:00,2.44,9.06,67.77,0.19,41.6,0.16,1,Good
Bandung,2026-05-29 02:00:00,2.4,9.11,67.12,0.15,42.05,0.15,1,Good
Bandung,2026-05-29 03:00:00,2.41,9.27,66.7,0.11,42.55,0.15,1,Good
Bandung,2026-05-29 04:00:00,2.47,9.57,66.41,0.08,42.29,0.14,1,Good
Bandung,2026-05-29 05:00:00,2.56,9.91,66.32,0.06,41.36,0.14,1,Good
Bandung,2026-05-29 06:00:00,2.61,10.09,66.12,0.06,40.17,0.13,1,Good
Bandung,2026-05-29 07:00:00,2.61,10.17,66.08,0.05,39.1,0.13,1,Good
Bandung,2026-05-29 08:00:00,2.57,10.15,65.88,0.05,38.24,0.13,1,Good
Bandung,2026-05-29 09:00:00,2.5,9.96,65.83,0.06,37.71,0.13,1,Good
Bandung,2026-05-29 10:00:00,2.4,9.67,66.01,0.09,37.38,0.13,1,Good
Bandung,2026-05-29 11:00:00,2.3,9.36,66.19,0.11,37.06,0.14,1,Good
Bandung,2026-05-29 12:00:00,2.24,9.12,68.18,0.15,36.92,0.15,1,Good
Bandung,2026-05-29 13:00:00,2.18,8.82,69.75,0.18,36.81,0.16,1,Good
Bandung,2026-05-29 14:00:00,2.09,8.42,68.63,0.16,36.79,0.15,1,Good
Bandung,2026-05-29 15:00:00,2.01,8.04,67.16,0.13,36.98,0.13,1,Good
Bandung,2026-05-29 16:00:00,1.93,7.67,66.41,0.12,37.22,0.12,1,Good
Bandung,2026-05-29 17:00:00,1.85,7.4,65.7,0.11,37.52,0.11,1,Good
Bandung,2026-05-29 18:00:00,1.78,7.22,65.2,0.11,37.92,0.11,1,Good
Bandung,2026-05-29 19:00:00,1.73,7.12,65.02,0.11,38.34,0.11,1,Good
Bandung,2026-05-29 20:00:00,1.7,6.98,65.31,0.11,38.83,0.11,1,Good
Bandung,2026-05-29 21:00:00,1.66,6.73,65.98,0.12,39.29,0.12,1,Good
Bandung,2026-05-29 22:00:00,1.62,6.37,66.32,0.12,39.76,0.12,1,Good
Bandung,2026-05-29 23:00:00,1.59,6.03,65.99,0.12,40.32,0.12,1,Good
Bandung,2026-05-30 00:00:00,1.57,5.79,65.66,0.12,40.91,0.11,1,Good
Bandung,2026-05-30 01:00:00,1.55,5.03,67.53,0.18,40.28,0.13,1,Good
Bandung,2026-05-30 02:00:00,1.49,4.84,66.54,0.15,41.03,0.12,1,Good
Bandung,2026-05-30 03:00:00,1.46,4.73,65.98,0.11,41.8,0.11,1,Good
Bandung,2026-05-30 04:00:00,1.45,4.65,65.62,0.09,42.1,0.1,1,Good
Bandung,2026-05-30 05:00:00,1.47,4.63,65.43,0.08,42.13,0.09,1,Good
Bandung,2026-05-30 06:00:00,1.5,4.62,65.33,0.07,41.88,0.08,1,Good
Bandung,2026-05-30 07:00:00,1.51,4.72,65.41,0.07,41.59,0.08,1,Good
Bandung,2026-05-30 08:00:00,1.54,4.95,65.29,0.07,41.1,0.07,1,Good
Bandung,2026-05-30 09:00:00,1.54,5.14,65.19,0.07,40.74,0.07,1,Good
Bandung,2026-05-30 10:00:00,1.53,5.25,65.49,0.1,40.46,0.07,1,Good
Bandung,2026-05-30 11:00:00,1.52,5.34,65.98,0.14,40.28,0.08,1,Good
Bandung,2026-05-30 12:00:00,1.54,5.45,66.55,0.16,40.24,0.08,1,Good
Bandung,2026-05-30 13:00:00,1.57,5.56,67.15,0.17,40.33,0.09,1,Good
Bandung,2026-05-30 14:00:00,1.62,5.72,67.99,0.19,40.61,0.1,1,Good
Bandung,2026-05-30 15:00:00,1.7,5.96,69.48,0.2,41.01,0.11,1,Good
Bandung,2026-05-30 16:00:00,1.82,6.31,73.23,0.24,41.36,0.15,1,Good
Bandung,2026-05-30 17:00:00,1.99,6.73,78.77,0.31,41.76,0.21,1,Good
Bandung,2026-05-30 18:00:00,2.14,7.13,83.37,0.38,42.23,0.26,1,Good
Bandung,2026-05-30 19:00:00,2.24,7.4,86.58,0.43,42.91,0.3,1,Good
Bandung,2026-05-30 20:00:00,2.29,7.51,88.89,0.46,43.61,0.34,1,Good
Bandung,2026-05-30 21:00:00,2.26,7.42,87.76,0.46,44.54,0.35,1,Good
Bandung,2026-05-30 22:00:00,2.08,6.69,81.19,0.38,45.81,0.31,1,Good
Bandung,2026-05-30 23:00:00,1.96,5.94,77.4,0.34,46.8,0.28,1,Good
Bandung,2026-05-31 00:00:00,1.86,5.43,74.29,0.32,47.7,0.24,1,Good
Bandung,2026-05-31 01:00:00,1.72,4.86,70.98,0.31,48.4,0.21,1,Good
Bandung,2026-05-31 02:00:00,1.59,4.43,68.24,0.28,49.07,0.17,1,Good
Bandung,2026-05-31 03:00:00,1.49,4.2,65.94,0.23,49.67,0.13,1,Good
Bandung,2026-05-31 04:00:00,1.42,4.14,64.47,0.18,50.21,0.11,1,Good
Bandung,2026-05-31 05:00:00,1.36,4.12,63.55,0.14,50.51,0.09,1,Good
Bandung,2026-05-31 06:00:00,1.35,4.16,63.1,0.11,50.57,0.09,1,Good
Bandung,2026-05-31 07:00:00,1.4,4.58,62.92,0.09,50.75,0.08,1,Good
Bandung,2026-05-31 08:00:00,1.44,5.08,62.78,0.1,50.64,0.09,1,Good
Bandung,2026-05-31 09:00:00,1.46,5.4,62.69,0.11,50.46,0.09,1,Good
Bandung,2026-05-31 10:00:00,1.49,5.71,62.9,0.13,50.37,0.1,1,Good
Bandung,2026-05-31 11:00:00,1.55,6.11,63.18,0.14,50.08,0.1,1,Good
Bandung,2026-05-31 12:00:00,1.65,6.59,63.51,0.14,49.76,0.11,1,Good
Bandung,2026-05-31 13:00:00,1.73,6.74,63.87,0.15,49.44,0.11,1,Good
Bandung,2026-05-31 14:00:00,1.78,6.57,64.46,0.16,49.17,0.11,1,Good
Bandung,2026-05-31 15:00:00,1.79,6.25,65.08,0.16,48.84,0.11,1,Good
Bandung,2026-05-31 16:00:00,1.74,5.6,65.9,0.18,48.33,0.11,1,Good
Bandung,2026-05-31 17:00:00,1.68,5.16,67.17,0.21,47.89,0.12,1,Good
Bandung,2026-05-31 18:00:00,1.63,5.0,68.62,0.23,47.53,0.13,1,Good
Bandung,2026-05-31 19:00:00,1.63,5.09,69.8,0.26,47.29,0.15,1,Good
Bandung,2026-05-31 20:00:00,1.69,5.4,70.73,0.28,47.06,0.17,1,Good
Bandung,2026-05-31 21:00:00,1.79,5.85,71.2,0.3,46.92,0.2,1,Good
Bandung,2026-05-31 22:00:00,1.89,6.03,70.69,0.29,46.87,0.21,1,Good
Bandung,2026-05-31 23:00:00,2.04,6.24,70.19,0.29,46.96,0.21,1,Good
Bandung,2026-06-01 00:00:00,2.24,6.67,70.13,0.31,47.1,0.22,1,Good
Bandung,2026-06-01 01:00:00,2.43,7.47,70.49,0.35,47.26,0.23,1,Good
Bandung,2026-06-01 02:00:00,2.53,8.11,71.02,0.37,47.69,0.24,1,Good
Bandung,2026-06-01 03:00:00,2.51,8.2,71.38,0.35,48.38,0.23,1,Good
Bandung,2026-06-01 04:00:00,2.37,7.87,71.4,0.29,49.09,0.22,1,Good
Bandung,2026-06-01 05:00:00,2.18,7.21,70.81,0.23,49.36,0.2,1,Good
Bandung,2026-06-01 06:00:00,2.02,6.56,69.88,0.18,49.22,0.19,1,Good
Bandung,2026-06-01 07:00:00,1.89,6.09,68.9,0.15,48.97,0.18,1,Good
Bandung,2026-06-01 08:00:00,1.82,5.94,68.35,0.15,48.21,0.18,1,Good
Bandung,2026-06-01 09:00:00,1.78,5.99,68.26,0.17,47.3,0.19,1,Good
Bandung,2026-06-01 10:00:00,1.76,6.11,68.5,0.2,46.52,0.2,1,Good
Bandung,2026-06-01 11:00:00,1.74,6.18,68.52,0.22,45.94,0.2,1,Good
Bandung,2026-06-01 12:00:00,1.7,6.18,68.41,0.22,45.6,0.19,1,Good
Bandung,2026-06-01 13:00:00,1.65,6.19,68.04,0.21,45.53,0.17,1,Good
Bandung,2026-06-01 14:00:00,1.62,6.28,67.84,0.21,45.85,0.16,1,Good
Bandung,2026-06-01 15:00:00,1.59,6.43,67.5,0.2,46.29,0.15,1,Good
Bandung,2026-06-01 16:00:00,1.57,6.55,67.19,0.2,46.76,0.15,1,Good
Bandung,2026-06-01 17:00:00,1.56,6.6,67.34,0.21,47.34,0.15,1,Good
Bandung,2026-06-01 18:00:00,1.53,6.46,67.68,0.22,47.88,0.15,1,Good
Bandung,2026-06-01 19:00:00,1.48,6.19,68.56,0.23,48.26,0.15,1,Good
Bandung,2026-06-01 20:00:00,1.46,5.94,69.9,0.26,48.39,0.16,1,Good
Bandung,2026-06-01 21:00:00,1.45,5.71,71.85,0.31,48.27,0.17,1,Good
Bandung,2026-06-01 22:00:00,1.45,5.5,74.11,0.36,48.12,0.19,1,Good
Bandung,2026-06-01 23:00:00,1.44,5.31,75.65,0.4,47.7,0.21,1,Good
Bandung,2026-06-02 00:00:00,1.41,5.11,76.38,0.45,47.26,0.23,1,Good
Bandung,2026-06-02 01:00:00,1.36,4.7,76.95,0.48,46.75,0.25,1,Good
Bandung,2026-06-02 02:00:00,1.38,4.53,77.83,0.46,46.91,0.27,1,Good
Bandung,2026-06-02 03:00:00,1.45,4.58,78.19,0.36,48.15,0.27,1,Good
Bandung,2026-06-02 04:00:00,1.6,4.74,77.38,0.25,49.64,0.25,1,Good
Bandung,2026-06-02 05:00:00,1.82,4.96,76.15,0.19,50.56,0.23,1,Good
Medan,2026-01-01 00:00:00,12.47,13.23,341.91,1.75,5.01,0.13,2,Fair
Medan,2026-01-02 01:00:00,3.93,5.12,223.69,1.05,5.47,0.11,1,Good
Medan,2026-01-02 02:00:00,3.76,5.07,226.66,0.94,6.37,0.1,1,Good
Medan,2026-01-02 03:00:00,3.45,4.65,226.52,0.82,8.81,0.09,1,Good
Medan,2026-01-02 04:00:00,1.48,1.77,212.47,0.34,19.65,0.03,1,Good
Medan,2026-01-02 05:00:00,1.29,1.51,205.53,0.28,18.74,0.03,1,Good
Medan,2026-01-02 06:00:00,1.21,1.41,199.46,0.26,17.35,0.03,1,Good
Medan,2026-01-02 07:00:00,1.16,1.37,193.07,0.25,15.86,0.03,1,Good
Medan,2026-01-02 08:00:00,1.18,1.44,188.43,0.28,14.76,0.04,1,Good
Medan,2026-01-02 09:00:00,1.22,1.5,186.37,0.32,14.22,0.04,1,Good
Medan,2026-01-02 10:00:00,1.28,1.6,185.44,0.39,12.72,0.05,1,Good
Medan,2026-01-02 11:00:00,1.34,1.71,184.27,0.47,10.17,0.05,1,Good
Medan,2026-01-02 12:00:00,1.39,1.8,183.96,0.52,8.68,0.06,1,Good
Medan,2026-01-02 13:00:00,1.6,2.22,186.21,0.61,6.94,0.07,1,Good
Medan,2026-01-02 14:00:00,1.98,2.95,190.51,0.74,5.19,0.09,1,Good
Medan,2026-01-02 15:00:00,2.32,3.53,193.26,0.84,4.56,0.1,1,Good
Medan,2026-01-02 16:00:00,2.56,3.97,193.86,0.91,4.33,0.1,1,Good
Medan,2026-01-02 17:00:00,2.71,4.14,193.01,0.92,3.92,0.08,1,Good
Medan,2026-01-02 18:00:00,2.82,4.2,191.81,0.9,3.56,0.07,1,Good
Medan,2026-01-02 19:00:00,2.95,4.3,190.44,0.87,3.06,0.07,1,Good
Medan,2026-01-02 20:00:00,3.18,4.52,189.41,0.85,2.45,0.06,1,Good
Medan,2026-01-02 21:00:00,3.45,4.73,189.94,0.85,2.16,0.06,1,Good
Medan,2026-01-02 22:00:00,3.74,4.91,191.49,0.86,2.21,0.06,1,Good
Medan,2026-01-02 23:00:00,4.03,5.16,195.29,0.88,2.57,0.06,1,Good
Medan,2026-01-03 00:00:00,4.36,5.56,201.34,0.91,3.21,0.07,1,Good
Medan,2026-01-03 01:00:00,4.39,5.74,208.03,0.8,4.73,0.09,1,Good
Medan,2026-01-03 02:00:00,4.25,5.78,212.04,0.57,6.72,0.1,1,Good
Medan,2026-01-03 03:00:00,4.26,5.83,213.79,0.59,11.35,0.1,1,Good
Medan,2026-01-03 04:00:00,1.83,2.25,190.76,0.22,24.81,0.03,1,Good
Medan,2026-01-03 05:00:00,1.49,1.74,181.35,0.15,26.72,0.03,1,Good
Medan,2026-01-03 06:00:00,1.44,1.68,175.4,0.13,28.29,0.04,1,Good
Medan,2026-01-03 07:00:00,0.82,0.92,167.8,0.1,30.27,0.04,1,Good
Medan,2026-01-03 08:00:00,0.7,0.79,164.78,0.09,30.63,0.04,1,Good
Medan,2026-01-03 09:00:00,0.72,0.82,162.77,0.1,31.4,0.05,1,Good
Medan,2026-01-03 10:00:00,0.92,1.3,162.18,0.33,25.06,0.1,1,Good
Medan,2026-01-03 11:00:00,1.37,2.16,163.69,0.67,16.88,0.13,1,Good
Medan,2026-01-03 12:00:00,1.83,3.07,166.06,0.88,12.29,0.15,1,Good
Medan,2026-01-03 13:00:00,2.28,3.97,167.75,1.01,9.93,0.17,1,Good
Medan,2026-01-03 14:00:00,2.7,4.76,170.45,1.08,8.28,0.16,1,Good
Medan,2026-01-03 15:00:00,3.11,5.44,173.16,1.1,6.9,0.15,1,Good
Medan,2026-01-03 16:00:00,3.48,5.95,173.69,1.11,5.61,0.14,1,Good
Medan,2026-01-03 17:00:00,3.86,6.37,175.31,1.11,4.25,0.13,1,Good
Medan,2026-01-03 18:00:00,4.29,6.81,178.99,1.1,3.11,0.12,1,Good
Medan,2026-01-03 19:00:00,4.71,7.22,182.46,1.08,2.25,0.11,1,Good
Medan,2026-01-03 20:00:00,5.14,7.58,187.1,1.1,2.04,0.1,1,Good
Medan,2026-01-03 21:00:00,5.57,7.92,192.6,1.14,2.25,0.1,1,Good
Medan,2026-01-03 22:00:00,5.97,8.23,198.79,1.19,2.58,0.09,1,Good
Medan,2026-01-03 23:00:00,6.35,8.55,204.63,1.21,2.77,0.09,1,Good
Medan,2026-01-04 00:00:00,6.77,9.03,210.12,1.25,2.78,0.11,1,Good
Medan,2026-01-04 01:00:00,6.96,9.26,213.19,1.19,3.28,0.13,1,Good
Medan,2026-01-04 02:00:00,6.78,9.08,214.84,0.99,4.84,0.14,1,Good
Medan,2026-01-04 03:00:00,6.55,8.72,214.57,0.97,9.35,0.15,1,Good
Medan,2026-01-04 04:00:00,2.51,2.99,189.34,0.39,39.04,0.19,1,Good
Medan,2026-01-04 05:00:00,2.06,2.39,172.79,0.27,41.43,0.18,1,Good
Medan,2026-01-04 06:00:00,1.9,2.19,164.79,0.24,40.98,0.17,1,Good
Medan,2026-01-04 07:00:00,1.71,1.95,159.75,0.23,39.97,0.15,1,Good
Medan,2026-01-04 08:00:00,1.53,1.72,155.28,0.21,38.54,0.12,1,Good
Medan,2026-01-04 09:00:00,1.43,1.6,152.67,0.21,37.33,0.1,1,Good
Medan,2026-01-04 10:00:00,1.58,1.93,153.45,0.37,30.41,0.1,1,Good
Medan,2026-01-04 11:00:00,1.92,2.58,159.5,0.63,25.16,0.13,1,Good
Medan,2026-01-04 12:00:00,2.28,3.24,167.8,0.86,22.86,0.16,1,Good
Medan,2026-01-04 13:00:00,2.74,3.92,176.17,1.04,20.57,0.18,1,Good
Medan,2026-01-04 14:00:00,3.24,4.59,182.02,1.14,18.35,0.19,1,Good
Medan,2026-01-04 15:00:00,3.65,5.13,184.29,1.12,16.12,0.17,1,Good
Medan,2026-01-04 16:00:00,4.0,5.59,183.89,1.0,11.36,0.13,1,Good
Medan,2026-01-04 17:00:00,4.39,6.05,184.64,0.99,7.69,0.1,1,Good
Medan,2026-01-04 18:00:00,4.78,6.49,186.42,1.01,6.28,0.09,1,Good
Medan,2026-01-04 19:00:00,5.07,6.79,187.29,0.98,5.67,0.09,1,Good
Medan,2026-01-04 20:00:00,5.37,7.09,189.48,0.93,4.89,0.08,1,Good
Medan,2026-01-04 21:00:00,5.71,7.4,192.2,0.91,4.44,0.08,1,Good
Medan,2026-01-04 22:00:00,6.09,7.57,194.65,0.92,4.08,0.08,1,Good
Medan,2026-01-04 23:00:00,6.53,7.96,197.03,0.95,3.41,0.08,1,Good
Medan,2026-01-05 00:00:00,6.99,8.59,201.14,1.0,3.05,0.1,1,Good
Medan,2026-01-05 01:00:00,7.25,9.19,205.2,0.95,3.48,0.12,1,Good
Medan,2026-01-05 02:00:00,7.14,9.32,206.26,0.89,5.1,0.13,1,Good
Medan,2026-01-05 03:00:00,6.72,8.86,203.89,0.95,9.53,0.13,1,Good
Medan,2026-01-05 04:00:00,1.9,2.22,162.62,0.23,40.98,0.08,1,Good
Medan,2026-01-05 05:00:00,1.27,1.46,156.62,0.15,41.35,0.06,1,Good
Medan,2026-01-05 06:00:00,1.15,1.31,157.26,0.13,40.05,0.05,1,Good
Medan,2026-01-05 07:00:00,1.24,1.42,161.5,0.15,38.24,0.06,1,Good
Medan,2026-01-05 08:00:00,1.37,1.57,166.48,0.19,36.04,0.06,1,Good
Medan,2026-01-05 09:00:00,1.44,1.68,170.98,0.22,34.23,0.05,1,Good
Medan,2026-01-05 10:00:00,1.7,2.14,172.23,0.41,26.26,0.07,1,Good
Medan,2026-01-05 11:00:00,2.1,2.84,175.36,0.77,18.4,0.12,1,Good
Medan,2026-01-05 12:00:00,2.54,3.52,181.75,1.21,14.23,0.2,1,Good
Medan,2026-01-05 13:00:00,3.09,4.44,190.16,1.64,11.16,0.27,1,Good
Medan,2026-01-05 14:00:00,3.68,5.37,195.94,1.75,8.09,0.28,1,Good
Medan,2026-01-05 15:00:00,4.23,6.14,199.85,1.57,5.69,0.23,1,Good
Medan,2026-01-05 16:00:00,4.72,6.69,201.57,1.32,3.92,0.16,1,Good
Medan,2026-01-05 17:00:00,5.18,7.14,202.66,1.23,2.94,0.13,1,Good
Medan,2026-01-05 18:00:00,5.64,7.55,203.92,1.22,2.61,0.12,1,Good
Medan,2026-01-05 19:00:00,6.07,7.93,205.51,1.23,2.32,0.11,1,Good
Medan,2026-01-05 20:00:00,6.48,8.24,206.38,1.15,2.08,0.1,1,Good
Medan,2026-01-05 21:00:00,6.88,8.38,207.78,1.08,2.05,0.09,1,Good
Medan,2026-01-05 22:00:00,7.24,8.57,209.71,1.05,2.18,0.08,1,Good
Medan,2026-01-05 23:00:00,7.58,8.98,211.31,1.05,2.22,0.09,1,Good
Medan,2026-01-06 00:00:00,7.99,9.67,213.61,1.09,2.13,0.11,1,Good
Medan,2026-01-06 01:00:00,8.13,10.14,216.46,1.16,2.69,0.14,1,Good
Medan,2026-01-06 02:00:00,7.85,9.99,217.27,1.19,3.99,0.15,1,Good
Medan,2026-01-06 03:00:00,7.35,9.41,216.7,1.22,6.8,0.15,1,Good
Medan,2026-01-06 04:00:00,2.08,2.48,192.59,0.51,38.02,0.13,1,Good
Medan,2026-01-06 05:00:00,1.66,1.95,191.5,0.4,39.65,0.13,1,Good
Medan,2026-01-06 06:00:00,1.77,2.05,191.78,0.36,40.08,0.14,1,Good
Medan,2026-01-06 07:00:00,2.04,2.33,192.71,0.35,39.95,0.14,1,Good
Medan,2026-01-06 08:00:00,2.34,2.66,192.93,0.38,39.16,0.15,1,Good
Medan,2026-01-06 09:00:00,2.64,3.01,193.15,0.43,38.69,0.16,1,Good
Medan,2026-01-06 10:00:00,3.17,3.73,194.62,0.59,31.8,0.16,1,Good
Medan,2026-01-06 11:00:00,3.81,4.65,197.01,0.78,23.02,0.17,1,Good
Medan,2026-01-06 12:00:00,4.35,5.44,200.6,0.9,16.79,0.16,1,Good
Medan,2026-01-06 13:00:00,4.81,6.22,204.11,1.01,11.51,0.16,1,Good
Medan,2026-01-06 14:00:00,5.26,7.13,209.6,1.12,7.33,0.15,1,Good
Medan,2026-01-06 15:00:00,5.67,8.01,216.14,1.2,4.91,0.15,1,Good
Medan,2026-01-06 16:00:00,6.01,8.61,220.52,1.26,3.77,0.14,1,Good
Medan,2026-01-06 17:00:00,6.24,8.82,223.42,1.25,3.44,0.12,1,Good
Medan,2026-01-06 18:00:00,6.39,8.51,224.94,1.2,3.6,0.1,1,Good
Medan,2026-01-06 19:00:00,6.51,8.26,224.61,1.14,3.45,0.09,1,Good
Medan,2026-01-06 20:00:00,6.72,8.22,223.81,1.08,3.07,0.09,1,Good
Medan,2026-01-06 21:00:00,6.97,8.39,222.83,1.06,3.0,0.08,1,Good
Medan,2026-01-06 22:00:00,7.27,8.75,223.21,1.06,3.45,0.09,1,Good
Medan,2026-01-06 23:00:00,7.6,9.15,223.57,1.07,3.82,0.09,1,Good
Medan,2026-01-07 00:00:00,8.02,9.83,225.65,1.12,4.06,0.12,1,Good
Medan,2026-01-07 01:00:00,8.24,10.41,227.36,1.18,5.0,0.15,1,Good
Medan,2026-01-07 02:00:00,8.2,10.53,227.98,1.18,6.18,0.17,1,Good
Medan,2026-01-07 03:00:00,8.09,10.39,227.05,1.2,8.3,0.19,1,Good
Medan,2026-01-07 04:00:00,3.82,4.39,217.04,0.78,49.07,0.22,1,Good
Medan,2026-01-07 05:00:00,3.49,3.93,212.64,0.71,50.85,0.22,1,Good
Medan,2026-01-07 06:00:00,3.46,3.86,210.45,0.68,50.49,0.23,1,Good
Medan,2026-01-07 07:00:00,3.58,3.97,208.94,0.66,49.33,0.22,1,Good
Medan,2026-01-07 08:00:00,3.73,4.14,206.56,0.64,46.67,0.22,1,Good
Medan,2026-01-07 09:00:00,3.86,4.28,205.36,0.64,44.33,0.22,1,Good
Medan,2026-01-07 10:00:00,4.11,4.73,204.51,0.74,34.78,0.2,1,Good
Medan,2026-01-07 11:00:00,4.43,5.35,206.59,0.92,24.28,0.19,1,Good
Medan,2026-01-07 12:00:00,4.74,5.84,211.07,1.07,18.04,0.2,1,Good
Medan,2026-01-07 13:00:00,5.13,6.54,216.91,1.28,13.18,0.22,1,Good
Medan,2026-01-07 14:00:00,5.63,7.38,222.91,1.35,9.17,0.21,1,Good
Medan,2026-01-07 15:00:00,6.19,8.21,228.76,1.33,6.84,0.19,1,Good
Medan,2026-01-07 16:00:00,6.35,8.32,231.72,1.29,5.19,0.16,1,Good
Medan,2026-01-07 17:00:00,6.28,7.98,232.47,1.23,4.27,0.13,1,Good
Medan,2026-01-07 18:00:00,6.28,7.79,232.19,1.19,4.43,0.11,1,Good
Medan,2026-01-07 19:00:00,6.6,7.97,231.14,1.14,4.73,0.11,1,Good
Medan,2026-01-07 20:00:00,7.07,8.44,229.34,1.12,4.9,0.12,1,Good
Medan,2026-01-07 21:00:00,7.43,8.87,227.71,1.13,5.06,0.13,1,Good
Medan,2026-01-07 22:00:00,7.67,9.14,226.78,1.16,5.16,0.14,1,Good
Medan,2026-01-07 23:00:00,7.88,9.42,227.24,1.15,4.53,0.13,1,Good
Medan,2026-01-08 00:00:00,8.23,9.99,232.55,1.19,3.88,0.14,1,Good
Medan,2026-01-08 01:00:00,8.14,10.04,240.64,1.26,4.07,0.16,1,Good
Medan,2026-01-08 02:00:00,7.61,9.59,243.2,1.22,5.01,0.17,1,Good
Medan,2026-01-08 03:00:00,7.01,8.91,240.25,1.14,7.73,0.17,1,Good
Medan,2026-01-08 04:00:00,4.32,4.94,228.73,0.83,35.27,0.19,1,Good
Medan,2026-01-08 05:00:00,3.66,4.08,218.59,0.69,38.21,0.18,1,Good
Medan,2026-01-08 06:00:00,3.35,3.68,211.87,0.61,38.35,0.17,1,Good
Medan,2026-01-08 07:00:00,3.18,3.45,206.63,0.56,37.33,0.15,1,Good
Medan,2026-01-08 08:00:00,3.11,3.37,203.56,0.53,35.12,0.13,1,Good
Medan,2026-01-08 09:00:00,3.1,3.36,204.59,0.53,32.91,0.11,1,Good
Medan,2026-01-08 10:00:00,3.31,3.73,207.23,0.63,23.6,0.11,1,Good
Medan,2026-01-08 11:00:00,3.7,4.35,210.11,0.78,14.71,0.12,1,Good
Medan,2026-01-08 12:00:00,4.1,4.95,213.85,0.86,10.41,0.13,1,Good
Medan,2026-01-08 13:00:00,4.56,5.59,216.83,0.94,7.07,0.13,1,Good
Medan,2026-01-08 14:00:00,5.07,6.27,219.73,0.99,4.2,0.13,1,Good
Medan,2026-01-08 15:00:00,5.59,6.9,221.6,1.02,2.71,0.14,1,Good
Medan,2026-01-08 16:00:00,6.06,7.44,223.06,1.07,2.12,0.14,1,Good
Medan,2026-01-08 17:00:00,6.41,7.72,223.1,1.12,2.05,0.12,1,Good
Medan,2026-01-08 18:00:00,6.73,7.94,223.47,1.13,2.29,0.11,1,Good
Medan,2026-01-08 19:00:00,7.09,8.26,225.55,1.21,2.52,0.12,1,Good
Medan,2026-01-08 20:00:00,7.51,8.67,231.74,1.38,2.92,0.14,1,Good
Medan,2026-01-08 21:00:00,7.91,9.05,239.31,1.56,3.42,0.16,1,Good
Medan,2026-01-08 22:00:00,8.27,9.4,245.23,1.71,3.97,0.18,1,Good
Medan,2026-01-08 23:00:00,8.51,9.71,244.65,1.77,4.42,0.19,1,Good
Medan,2026-01-09 00:00:00,8.59,9.97,240.27,1.66,5.2,0.19,1,Good
Medan,2026-01-09 01:00:00,8.03,9.48,232.66,1.22,7.5,0.14,1,Good
Medan,2026-01-09 02:00:00,7.76,9.4,229.12,0.9,7.58,0.12,1,Good
Medan,2026-01-09 03:00:00,7.65,9.32,228.34,0.78,9.62,0.11,1,Good
Medan,2026-01-09 04:00:00,3.73,4.12,242.62,0.49,38.82,0.05,1,Good
Medan,2026-01-09 05:00:00,3.05,3.29,238.38,0.41,44.86,0.04,1,Good
Medan,2026-01-09 06:00:00,2.93,3.14,232.62,0.38,46.01,0.03,1,Good
Medan,2026-01-09 07:00:00,3.06,3.27,227.2,0.38,44.12,0.04,1,Good
Medan,2026-01-09 08:00:00,3.34,3.58,221.57,0.39,39.68,0.04,1,Good
Medan,2026-01-09 09:00:00,3.56,3.85,219.17,0.43,35.84,0.04,1,Good
Medan,2026-01-09 10:00:00,3.86,4.36,216.89,0.56,25.8,0.06,1,Good
Medan,2026-01-09 11:00:00,4.31,5.09,217.82,0.72,15.57,0.09,1,Good
Medan,2026-01-09 12:00:00,4.81,5.8,222.03,0.83,9.99,0.1,1,Good
Medan,2026-01-09 13:00:00,5.47,6.73,229.22,0.94,6.25,0.12,1,Good
Medan,2026-01-09 14:00:00,6.22,7.8,235.58,1.0,3.91,0.12,1,Good
Medan,2026-01-09 15:00:00,6.94,8.73,240.23,1.04,3.05,0.13,1,Good
Medan,2026-01-09 16:00:00,7.6,9.4,243.8,1.07,2.92,0.12,1,Good
Medan,2026-01-09 17:00:00,8.29,9.86,250.11,1.06,3.31,0.1,1,Good
Medan,2026-01-09 18:00:00,9.08,10.34,260.58,1.07,4.16,0.09,1,Good
Medan,2026-01-09 19:00:00,9.93,10.89,271.71,1.08,4.85,0.08,1,Good
Medan,2026-01-09 20:00:00,10.79,11.72,277.94,1.19,4.59,0.1,2,Fair
Medan,2026-01-09 21:00:00,11.57,12.58,286.95,1.4,4.73,0.12,2,Fair
Medan,2026-01-09 22:00:00,12.26,13.3,297.86,1.6,5.15,0.13,2,Fair
Medan,2026-01-09 23:00:00,12.83,13.81,302.37,1.6,5.26,0.13,2,Fair
Medan,2026-01-10 00:00:00,13.33,14.29,308.98,1.46,5.41,0.12,2,Fair
Medan,2026-01-10 01:00:00,12.94,13.96,318.4,1.17,6.52,0.11,2,Fair
Medan,2026-01-10 02:00:00,11.95,13.18,321.57,1.05,9.09,0.1,2,Fair
Medan,2026-01-10 03:00:00,10.85,12.05,319.2,1.05,13.85,0.1,2,Fair
Medan,2026-01-10 04:00:00,3.9,4.2,283.47,0.53,52.46,0.05,1,Good
Medan,2026-01-10 05:00:00,2.94,3.18,270.12,0.42,52.21,0.04,1,Good
Medan,2026-01-10 06:00:00,2.88,3.12,266.69,0.39,49.42,0.04,1,Good
Medan,2026-01-10 07:00:00,2.94,3.2,263.98,0.4,44.81,0.04,1,Good
Medan,2026-01-10 08:00:00,2.99,3.26,258.94,0.41,38.96,0.04,1,Good
Medan,2026-01-10 09:00:00,3.02,3.31,254.57,0.42,34.64,0.04,1,Good
Medan,2026-01-10 10:00:00,3.26,3.71,251.24,0.58,27.19,0.06,1,Good
Medan,2026-01-10 11:00:00,3.67,4.39,249.27,0.76,18.7,0.08,1,Good
Medan,2026-01-10 12:00:00,4.03,4.98,247.97,0.84,13.62,0.09,1,Good
Medan,2026-01-10 13:00:00,4.4,5.43,245.78,0.88,9.45,0.1,1,Good
Medan,2026-01-10 14:00:00,4.84,5.96,245.46,0.88,6.31,0.1,1,Good
Medan,2026-01-10 15:00:00,5.34,6.48,246.87,0.9,5.22,0.1,1,Good
Medan,2026-01-10 16:00:00,5.81,6.89,248.13,0.93,5.27,0.09,1,Good
Medan,2026-01-10 17:00:00,6.24,7.14,252.02,0.92,5.58,0.08,1,Good
Medan,2026-01-10 18:00:00,6.63,7.38,256.96,0.91,5.91,0.07,1,Good
Medan,2026-01-10 19:00:00,6.97,7.66,260.09,0.9,5.58,0.07,1,Good
Medan,2026-01-10 20:00:00,7.34,8.04,260.73,0.9,4.8,0.06,1,Good
Medan,2026-01-10 21:00:00,7.66,8.37,261.37,0.91,4.52,0.06,1,Good
Medan,2026-01-10 22:00:00,7.93,8.67,262.11,0.91,4.12,0.06,1,Good
Medan,2026-01-10 23:00:00,8.2,8.99,261.91,0.89,3.19,0.06,1,Good
Medan,2026-01-11 00:00:00,8.54,9.52,262.75,0.91,2.68,0.08,1,Good
Medan,2026-01-11 01:00:00,8.63,9.92,265.6,0.67,3.57,0.09,1,Good
Medan,2026-01-11 02:00:00,8.64,10.26,270.41,0.55,6.93,0.1,1,Good
Medan,2026-01-11 03:00:00,9.2,10.94,279.61,0.59,15.16,0.11,1,Good
Medan,2026-01-11 04:00:00,4.26,4.72,270.17,0.23,62.65,0.04,2,Fair
Medan,2026-01-11 05:00:00,3.58,3.91,248.26,0.15,60.46,0.03,2,Fair
Medan,2026-01-11 06:00:00,3.88,4.18,241.43,0.14,57.55,0.03,1,Good
Medan,2026-01-11 07:00:00,4.36,4.64,240.44,0.14,55.66,0.03,1,Good
Medan,2026-01-11 08:00:00,4.65,4.9,234.44,0.13,53.54,0.03,1,Good
Medan,2026-01-11 09:00:00,4.79,5.01,229.79,0.13,51.86,0.03,1,Good
Medan,2026-01-11 10:00:00,5.46,5.9,227.18,0.33,39.39,0.06,1,Good
Medan,2026-01-11 11:00:00,6.43,7.27,231.24,0.64,31.24,0.11,1,Good
Medan,2026-01-11 12:00:00,7.09,8.31,237.54,0.92,27.9,0.14,1,Good
Medan,2026-01-11 13:00:00,7.43,8.77,242.02,1.08,25.91,0.17,1,Good
Medan,2026-01-11 14:00:00,7.69,9.1,243.45,1.23,23.87,0.19,1,Good
Medan,2026-01-11 15:00:00,7.91,9.38,241.44,1.28,20.72,0.19,1,Good
Medan,2026-01-11 16:00:00,7.7,9.05,233.78,1.06,16.93,0.12,1,Good
Medan,2026-01-11 17:00:00,7.8,9.07,227.73,0.99,12.04,0.09,1,Good
Medan,2026-01-11 18:00:00,8.03,9.21,223.22,0.96,9.31,0.08,1,Good
Medan,2026-01-11 19:00:00,8.28,9.39,219.16,0.96,7.7,0.08,1,Good
Medan,2026-01-11 20:00:00,8.56,9.65,217.26,1.02,6.83,0.09,1,Good
Medan,2026-01-11 21:00:00,8.88,9.97,218.31,1.15,6.78,0.11,1,Good
Medan,2026-01-11 22:00:00,9.23,10.35,222.59,1.32,6.84,0.13,1,Good
Medan,2026-01-11 23:00:00,9.66,10.87,225.08,1.38,5.78,0.14,1,Good
Medan,2026-01-12 00:00:00,10.24,11.73,229.32,1.38,4.59,0.15,2,Fair
Medan,2026-01-12 01:00:00,9.98,11.82,232.62,1.19,3.9,0.15,1,Good
Medan,2026-01-12 02:00:00,9.08,11.16,233.73,1.06,4.56,0.13,1,Good
Medan,2026-01-12 03:00:00,8.0,10.0,232.41,1.23,7.72,0.13,1,Good
Medan,2026-01-12 04:00:00,5.89,6.67,227.42,0.41,52.1,0.09,1,Good
Medan,2026-01-12 05:00:00,4.5,5.03,217.76,0.27,51.92,0.07,1,Good
Medan,2026-01-12 06:00:00,3.57,3.97,211.53,0.22,49.34,0.05,1,Good
Medan,2026-01-12 07:00:00,2.91,3.19,207.66,0.2,47.05,0.04,1,Good
Medan,2026-01-12 08:00:00,2.4,2.61,203.08,0.2,44.83,0.04,1,Good
Medan,2026-01-12 09:00:00,2.03,2.2,199.84,0.21,43.12,0.04,1,Good
Medan,2026-01-12 10:00:00,2.11,2.5,196.38,0.44,31.84,0.06,1,Good
Medan,2026-01-12 11:00:00,2.47,3.25,194.53,0.72,19.7,0.09,1,Good
Medan,2026-01-12 12:00:00,2.83,3.98,194.22,0.88,13.81,0.11,1,Good
Medan,2026-01-12 13:00:00,3.23,4.61,195.06,0.99,10.97,0.14,1,Good
Medan,2026-01-12 14:00:00,3.59,5.06,196.72,1.02,9.31,0.14,1,Good
Medan,2026-01-12 15:00:00,3.87,5.44,196.48,1.03,8.05,0.14,1,Good
Medan,2026-01-12 16:00:00,4.09,5.67,194.61,1.02,6.66,0.13,1,Good
Medan,2026-01-12 17:00:00,4.26,5.64,193.36,0.96,5.56,0.1,1,Good
Medan,2026-01-12 18:00:00,4.49,5.61,195.4,0.93,5.69,0.09,1,Good
Medan,2026-01-12 19:00:00,4.61,5.56,200.02,0.91,7.31,0.08,1,Good
Medan,2026-01-12 20:00:00,4.76,5.62,204.61,0.91,7.1,0.08,1,Good
Medan,2026-01-12 21:00:00,5.05,5.87,208.69,0.94,6.26,0.08,1,Good
Medan,2026-01-12 22:00:00,5.4,6.2,213.99,0.97,5.61,0.08,1,Good
Medan,2026-01-12 23:00:00,5.76,6.6,219.14,0.99,5.1,0.08,1,Good
Medan,2026-01-13 00:00:00,6.21,7.23,224.99,1.03,4.68,0.09,1,Good
Medan,2026-01-13 01:00:00,6.46,7.85,230.29,0.89,5.0,0.11,1,Good
Medan,2026-01-13 02:00:00,6.41,8.14,231.53,0.64,6.95,0.12,1,Good
Medan,2026-01-13 03:00:00,6.38,8.18,230.17,0.63,13.12,0.12,1,Good
Medan,2026-01-13 04:00:00,1.55,1.8,201.42,0.12,36.8,0.02,1,Good
Medan,2026-01-13 05:00:00,0.98,1.12,187.67,0.07,36.53,0.02,1,Good
Medan,2026-01-13 06:00:00,0.93,1.05,180.78,0.06,35.39,0.02,1,Good
Medan,2026-01-13 07:00:00,0.95,1.06,177.75,0.06,34.27,0.02,1,Good
Medan,2026-01-13 08:00:00,0.96,1.08,175.51,0.08,32.66,0.02,1,Good
Medan,2026-01-13 09:00:00,0.88,1.0,173.26,0.1,31.34,0.02,1,Good
Medan,2026-01-13 10:00:00,1.02,1.36,171.52,0.34,23.61,0.06,1,Good
Medan,2026-01-13 11:00:00,1.37,2.09,172.15,0.65,15.35,0.09,1,Good
Medan,2026-01-13 12:00:00,1.71,2.84,173.82,0.82,11.34,0.11,1,Good
Medan,2026-01-13 13:00:00,2.06,3.48,175.89,0.93,9.35,0.13,1,Good
Medan,2026-01-13 14:00:00,2.36,3.93,178.73,1.01,8.55,0.14,1,Good
Medan,2026-01-13 15:00:00,2.62,4.29,181.4,1.09,8.4,0.15,1,Good
Medan,2026-01-13 16:00:00,2.81,4.35,181.27,1.12,7.93,0.15,1,Good
Medan,2026-01-13 17:00:00,2.92,4.13,181.25,1.02,6.62,0.11,1,Good
Medan,2026-01-13 18:00:00,2.99,3.93,182.62,0.92,5.89,0.08,1,Good
Medan,2026-01-13 19:00:00,3.0,3.76,183.75,0.92,6.15,0.08,1,Good
Medan,2026-01-13 20:00:00,3.03,3.72,186.55,1.04,7.12,0.09,1,Good
Medan,2026-01-13 21:00:00,3.06,3.74,191.94,1.18,8.16,0.1,1,Good
Medan,2026-01-13 22:00:00,3.12,3.8,197.0,1.3,9.16,0.11,1,Good
Medan,2026-01-13 23:00:00,3.12,3.83,197.9,1.29,9.84,0.11,1,Good
Medan,2026-01-14 00:00:00,3.18,4.02,197.76,1.17,9.41,0.12,1,Good
Medan,2026-01-14 01:00:00,3.22,4.37,198.48,0.81,7.4,0.11,1,Good
Medan,2026-01-14 02:00:00,3.16,4.6,197.27,0.64,7.44,0.11,1,Good
Medan,2026-01-14 03:00:00,3.05,4.57,193.67,0.71,9.72,0.11,1,Good
Medan,2026-01-14 04:00:00,0.53,0.79,150.07,0.15,25.13,0.02,1,Good
Medan,2026-01-14 05:00:00,0.5,0.53,147.12,0.1,27.77,0.02,1,Good
Medan,2026-01-14 06:00:00,0.5,0.5,152.35,0.09,29.7,0.02,1,Good
Medan,2026-01-14 07:00:00,0.5,0.5,157.76,0.09,30.99,0.02,1,Good
Medan,2026-01-14 08:00:00,0.5,0.5,159.82,0.1,30.63,0.02,1,Good
Medan,2026-01-14 09:00:00,0.5,0.57,162.39,0.11,30.56,0.02,1,Good
Medan,2026-01-14 10:00:00,0.58,0.72,164.84,0.16,28.48,0.03,1,Good
Medan,2026-01-14 11:00:00,0.65,0.95,169.04,0.27,25.71,0.05,1,Good
Medan,2026-01-14 12:00:00,0.76,1.21,174.11,0.38,24.7,0.06,1,Good
Medan,2026-01-14 13:00:00,1.02,1.77,177.85,0.57,21.28,0.09,1,Good
Medan,2026-01-14 14:00:00,1.44,2.59,182.66,0.79,16.41,0.12,1,Good
Medan,2026-01-14 15:00:00,1.88,3.35,186.11,0.91,13.44,0.13,1,Good
Medan,2026-01-14 16:00:00,2.27,3.94,186.82,0.98,11.22,0.13,1,Good
Medan,2026-01-14 17:00:00,2.54,4.14,187.02,0.99,9.26,0.11,1,Good
Medan,2026-01-14 18:00:00,2.78,4.28,186.69,1.0,7.55,0.1,1,Good
Medan,2026-01-14 19:00:00,2.97,4.38,185.58,0.98,6.47,0.09,1,Good
Medan,2026-01-14 20:00:00,3.16,4.51,184.04,0.97,5.08,0.09,1,Good
Medan,2026-01-14 21:00:00,3.33,4.69,181.98,0.98,4.04,0.08,1,Good
Medan,2026-01-14 22:00:00,3.34,4.65,182.04,1.02,3.47,0.08,1,Good
Medan,2026-01-14 23:00:00,3.29,4.52,184.05,1.03,3.0,0.08,1,Good
Medan,2026-01-15 00:00:00,3.36,4.71,189.35,1.09,3.07,0.1,1,Good
Medan,2026-01-15 01:00:00,3.31,4.85,196.33,0.97,4.18,0.11,1,Good
Medan,2026-01-15 02:00:00,3.07,4.75,200.26,0.81,5.95,0.12,1,Good
Medan,2026-01-15 03:00:00,2.86,4.51,201.23,0.85,9.3,0.11,1,Good
Medan,2026-01-15 04:00:00,1.34,1.7,200.46,0.21,47.12,0.03,1,Good
Medan,2026-01-15 05:00:00,1.2,1.46,194.91,0.14,51.61,0.03,1,Good
Medan,2026-01-15 06:00:00,1.13,1.35,189.22,0.12,52.0,0.03,1,Good
Medan,2026-01-15 07:00:00,1.15,1.37,183.79,0.11,53.08,0.03,1,Good
Medan,2026-01-15 08:00:00,1.23,1.49,177.59,0.12,53.87,0.03,1,Good
Medan,2026-01-15 09:00:00,1.33,1.65,173.25,0.13,54.32,0.03,1,Good
Medan,2026-01-15 10:00:00,1.72,2.33,171.11,0.38,43.33,0.07,1,Good
Medan,2026-01-15 11:00:00,2.34,3.42,171.18,0.68,30.11,0.1,1,Good
Medan,2026-01-15 12:00:00,2.96,4.47,171.76,0.81,23.53,0.11,1,Good
Medan,2026-01-15 13:00:00,3.48,5.25,172.44,0.9,19.96,0.13,1,Good
Medan,2026-01-15 14:00:00,3.88,5.91,174.26,1.02,18.4,0.15,1,Good
Medan,2026-01-15 15:00:00,4.21,6.61,177.12,1.21,19.39,0.19,1,Good
Medan,2026-01-15 16:00:00,4.44,7.03,179.46,1.35,20.55,0.22,1,Good
Medan,2026-01-15 17:00:00,4.6,7.15,180.43,1.28,16.86,0.17,1,Good
Medan,2026-01-15 18:00:00,4.74,7.08,184.16,1.24,13.23,0.14,1,Good
Medan,2026-01-15 19:00:00,4.81,6.8,188.3,1.21,11.59,0.12,1,Good
Medan,2026-01-15 20:00:00,4.91,6.74,193.03,1.21,10.18,0.11,1,Good
Medan,2026-01-15 21:00:00,5.03,6.84,197.58,1.24,9.34,0.1,1,Good
Medan,2026-01-15 22:00:00,5.13,6.91,201.69,1.26,9.0,0.1,1,Good
Medan,2026-01-15 23:00:00,5.26,7.03,204.83,1.26,8.87,0.1,1,Good
Medan,2026-01-16 00:00:00,5.47,7.43,208.33,1.28,8.66,0.11,1,Good
Medan,2026-01-16 01:00:00,5.53,7.73,209.21,1.23,8.89,0.12,1,Good
Medan,2026-01-16 02:00:00,5.38,7.7,206.96,1.12,10.32,0.13,1,Good
Medan,2026-01-16 03:00:00,5.23,7.52,203.53,1.08,13.94,0.14,1,Good
Medan,2026-01-16 04:00:00,2.87,3.8,161.55,0.24,51.38,0.04,1,Good
Medan,2026-01-16 05:00:00,2.26,2.96,153.56,0.16,52.9,0.03,1,Good
Medan,2026-01-16 06:00:00,1.97,2.55,151.18,0.15,52.06,0.03,1,Good
Medan,2026-01-16 07:00:00,1.86,2.4,149.5,0.14,51.82,0.03,1,Good
Medan,2026-01-16 08:00:00,1.96,2.55,147.31,0.14,51.46,0.03,1,Good
Medan,2026-01-16 09:00:00,2.17,2.86,145.63,0.13,51.39,0.03,1,Good
Medan,2026-01-16 10:00:00,2.54,3.39,144.32,0.18,46.32,0.04,1,Good
Medan,2026-01-16 11:00:00,3.01,4.11,143.71,0.3,38.88,0.06,1,Good
Medan,2026-01-16 12:00:00,3.51,4.92,143.44,0.39,34.42,0.07,1,Good
Medan,2026-01-16 13:00:00,3.98,5.78,144.65,0.55,28.18,0.09,1,Good
Medan,2026-01-16 14:00:00,4.42,6.55,148.39,0.73,22.06,0.11,1,Good
Medan,2026-01-16 15:00:00,4.83,7.13,153.86,0.85,18.16,0.11,1,Good
Medan,2026-01-16 16:00:00,5.2,7.6,159.46,0.97,15.59,0.12,1,Good
Medan,2026-01-16 17:00:00,5.53,7.95,166.05,1.08,14.61,0.12,1,Good
Medan,2026-01-16 18:00:00,5.74,8.04,172.83,1.15,15.32,0.12,1,Good
Medan,2026-01-16 19:00:00,5.88,8.03,176.3,1.15,17.15,0.11,1,Good
Medan,2026-01-16 20:00:00,6.15,8.24,178.86,1.16,16.39,0.1,1,Good
Medan,2026-01-16 21:00:00,6.41,8.48,179.69,1.17,15.37,0.09,1,Good
Medan,2026-01-16 22:00:00,6.6,8.67,179.83,1.18,14.33,0.08,1,Good
Medan,2026-01-16 23:00:00,6.8,8.87,180.82,1.19,13.59,0.08,1,Good
Medan,2026-01-17 00:00:00,7.04,9.22,182.34,1.23,13.25,0.09,1,Good
Medan,2026-01-17 01:00:00,7.07,9.41,182.84,1.12,13.06,0.11,1,Good
Medan,2026-01-17 02:00:00,6.9,9.33,181.1,0.88,14.48,0.12,1,Good
Medan,2026-01-17 03:00:00,6.84,9.26,178.01,0.77,20.15,0.13,1,Good
Medan,2026-01-17 04:00:00,5.24,6.8,141.92,0.17,48.5,0.05,1,Good
Medan,2026-01-17 05:00:00,4.48,5.76,135.98,0.12,49.47,0.04,1,Good
Medan,2026-01-17 06:00:00,4.15,5.29,133.37,0.1,48.63,0.04,1,Good
Medan,2026-01-17 07:00:00,4.29,5.43,133.23,0.1,47.96,0.04,1,Good
Medan,2026-01-17 08:00:00,4.77,6.0,134.2,0.1,46.97,0.04,1,Good
Medan,2026-01-17 09:00:00,5.18,6.49,134.93,0.11,46.48,0.04,1,Good
Medan,2026-01-17 10:00:00,5.69,7.16,135.86,0.25,41.35,0.06,1,Good
Medan,2026-01-17 11:00:00,6.34,8.09,138.88,0.49,34.17,0.09,1,Good
Medan,2026-01-17 12:00:00,6.9,8.94,141.91,0.65,29.72,0.1,1,Good
Medan,2026-01-17 13:00:00,7.25,9.56,142.62,0.75,25.26,0.11,1,Good
Medan,2026-01-17 14:00:00,7.57,10.11,143.56,0.83,21.27,0.11,1,Good
Medan,2026-01-17 15:00:00,7.88,10.61,145.19,0.89,19.04,0.12,1,Good
Medan,2026-01-17 16:00:00,8.15,10.95,146.15,0.94,17.48,0.12,1,Good
Medan,2026-01-17 17:00:00,8.42,11.14,148.15,0.97,15.72,0.1,1,Good
Medan,2026-01-17 18:00:00,8.68,11.26,151.87,0.99,15.03,0.09,1,Good
Medan,2026-01-17 19:00:00,8.82,11.21,154.47,0.98,15.52,0.08,1,Good
Medan,2026-01-17 20:00:00,8.94,11.18,157.33,1.0,14.95,0.08,1,Good
Medan,2026-01-17 21:00:00,8.98,11.09,159.84,1.03,13.95,0.07,1,Good
Medan,2026-01-17 22:00:00,8.96,10.98,162.19,1.07,12.43,0.07,1,Good
Medan,2026-01-17 23:00:00,8.99,10.99,165.06,1.11,10.93,0.08,1,Good
Medan,2026-01-18 00:00:00,9.07,11.22,168.12,1.19,10.28,0.1,1,Good
Medan,2026-01-18 01:00:00,8.98,11.35,170.37,1.04,10.71,0.12,1,Good
Medan,2026-01-18 02:00:00,8.65,11.14,169.57,0.82,12.92,0.13,1,Good
Medan,2026-01-18 03:00:00,8.38,10.82,167.24,0.73,18.39,0.13,1,Good
Medan,2026-01-18 04:00:00,4.93,5.89,142.89,0.21,50.46,0.05,1,Good
Medan,2026-01-18 05:00:00,3.98,4.68,141.12,0.21,52.85,0.06,1,Good
Medan,2026-01-18 06:00:00,3.71,4.32,142.89,0.27,52.73,0.06,1,Good
Medan,2026-01-18 07:00:00,3.57,4.12,147.77,0.34,53.35,0.08,1,Good
Medan,2026-01-18 08:00:00,3.48,3.98,152.24,0.39,53.39,0.08,1,Good
Medan,2026-01-18 09:00:00,3.45,3.93,156.55,0.41,53.1,0.09,1,Good
Medan,2026-01-18 10:00:00,3.49,4.04,158.41,0.41,48.44,0.1,1,Good
Medan,2026-01-18 11:00:00,3.59,4.3,160.01,0.54,40.85,0.1,1,Good
Medan,2026-01-18 12:00:00,3.66,4.55,161.95,0.64,35.54,0.11,1,Good
Medan,2026-01-18 13:00:00,3.71,4.89,162.78,0.78,28.42,0.11,1,Good
Medan,2026-01-18 14:00:00,3.9,5.41,165.24,0.94,21.06,0.12,1,Good
Medan,2026-01-18 15:00:00,4.11,5.91,169.08,1.07,16.38,0.12,1,Good
Medan,2026-01-18 16:00:00,4.46,6.46,171.51,1.16,13.63,0.12,1,Good
Medan,2026-01-18 17:00:00,4.83,6.75,173.72,1.19,12.31,0.11,1,Good
Medan,2026-01-18 18:00:00,5.18,6.88,175.94,1.19,11.48,0.11,1,Good
Medan,2026-01-18 19:00:00,5.37,6.93,176.45,1.15,11.11,0.1,1,Good
Medan,2026-01-18 20:00:00,5.56,7.03,178.52,1.16,10.62,0.1,1,Good
Medan,2026-01-18 21:00:00,5.84,7.23,182.66,1.2,10.13,0.1,1,Good
Medan,2026-01-18 22:00:00,6.2,7.57,187.73,1.27,9.74,0.1,1,Good
Medan,2026-01-18 23:00:00,6.59,8.1,193.22,1.34,9.7,0.11,1,Good
Medan,2026-01-19 00:00:00,7.03,8.91,199.58,1.43,9.77,0.13,1,Good
Medan,2026-01-19 01:00:00,7.37,9.66,203.74,1.46,9.46,0.15,1,Good
Medan,2026-01-19 02:00:00,7.34,9.81,204.98,1.29,10.9,0.16,1,Good
Medan,2026-01-19 03:00:00,7.01,9.39,202.28,1.1,16.4,0.16,1,Good
Medan,2026-01-19 04:00:00,2.12,2.67,160.77,0.28,49.55,0.06,1,Good
Medan,2026-01-19 05:00:00,1.27,1.63,153.68,0.21,51.3,0.05,1,Good
Medan,2026-01-19 06:00:00,1.01,1.33,150.85,0.19,51.53,0.05,1,Good
Medan,2026-01-19 07:00:00,0.88,1.21,149.68,0.17,52.02,0.05,1,Good
Medan,2026-01-19 08:00:00,0.84,1.2,148.3,0.17,52.15,0.05,1,Good
Medan,2026-01-19 09:00:00,0.85,1.23,146.92,0.17,52.43,0.06,1,Good
Medan,2026-01-19 10:00:00,1.03,1.6,147.64,0.34,45.84,0.08,1,Good
Medan,2026-01-19 11:00:00,1.38,2.3,151.15,0.64,36.46,0.12,1,Good
Medan,2026-01-19 12:00:00,1.73,3.02,154.85,0.81,31.03,0.13,1,Good
Medan,2026-01-19 13:00:00,2.06,3.73,157.01,0.92,26.99,0.14,1,Good
Medan,2026-01-19 14:00:00,2.39,4.4,160.18,0.99,23.43,0.15,1,Good
Medan,2026-01-19 15:00:00,2.73,5.03,164.05,1.05,20.56,0.15,1,Good
Medan,2026-01-19 16:00:00,3.03,5.45,165.79,1.08,17.89,0.14,1,Good
Medan,2026-01-19 17:00:00,3.31,5.65,168.12,1.09,15.48,0.11,1,Good
Medan,2026-01-19 18:00:00,3.65,5.87,172.01,1.15,13.24,0.1,1,Good
Medan,2026-01-19 19:00:00,4.0,6.1,175.33,1.2,11.53,0.09,1,Good
Medan,2026-01-19 20:00:00,4.33,6.36,178.23,1.24,9.93,0.09,1,Good
Medan,2026-01-19 21:00:00,4.66,6.68,180.11,1.28,8.53,0.09,1,Good
Medan,2026-01-19 22:00:00,4.98,7.02,182.17,1.33,7.52,0.09,1,Good
Medan,2026-01-19 23:00:00,5.29,7.34,186.52,1.41,7.64,0.1,1,Good
Medan,2026-01-20 00:00:00,5.52,7.73,194.0,1.52,9.13,0.13,1,Good
Medan,2026-01-20 01:00:00,5.28,7.64,198.66,1.54,12.34,0.15,1,Good
Medan,2026-01-20 02:00:00,4.86,7.23,198.24,1.36,14.74,0.16,1,Good
Medan,2026-01-20 03:00:00,4.38,6.55,194.74,1.2,19.75,0.17,1,Good
Medan,2026-01-20 04:00:00,0.96,1.33,155.58,0.3,59.1,0.04,1,Good
Medan,2026-01-20 05:00:00,0.58,0.79,138.88,0.2,68.24,0.03,2,Fair
Medan,2026-01-20 06:00:00,0.56,0.71,129.88,0.16,71.39,0.03,2,Fair
Medan,2026-01-20 07:00:00,0.58,0.76,126.32,0.15,73.25,0.03,2,Fair
Medan,2026-01-20 08:00:00,0.68,0.89,125.39,0.16,72.96,0.04,2,Fair
Medan,2026-01-20 09:00:00,0.78,1.03,125.73,0.16,72.3,0.05,2,Fair
Medan,2026-01-20 10:00:00,1.06,1.59,131.77,0.37,58.86,0.09,1,Good
Medan,2026-01-20 11:00:00,1.51,2.49,142.03,0.74,42.07,0.13,1,Good
Medan,2026-01-20 12:00:00,1.95,3.39,151.0,0.98,32.54,0.15,1,Good
Medan,2026-01-20 13:00:00,2.33,4.21,156.08,1.12,26.79,0.16,1,Good
Medan,2026-01-20 14:00:00,2.69,4.89,160.33,1.18,23.05,0.15,1,Good
Medan,2026-01-20 15:00:00,3.06,5.52,163.91,1.23,20.03,0.15,1,Good
Medan,2026-01-20 16:00:00,3.42,6.05,165.54,1.28,16.81,0.13,1,Good
Medan,2026-01-20 17:00:00,3.81,6.51,167.09,1.32,13.3,0.12,1,Good
Medan,2026-01-20 18:00:00,4.24,6.99,169.52,1.36,10.52,0.11,1,Good
Medan,2026-01-20 19:00:00,4.67,7.43,171.49,1.34,8.8,0.1,1,Good
Medan,2026-01-20 20:00:00,5.11,7.84,173.35,1.28,7.57,0.09,1,Good
Medan,2026-01-20 21:00:00,5.52,8.2,174.35,1.23,6.6,0.08,1,Good
Medan,2026-01-20 22:00:00,5.88,8.46,174.69,1.19,6.38,0.08,1,Good
Medan,2026-01-20 23:00:00,6.25,8.79,176.63,1.21,6.62,0.08,1,Good
Medan,2026-01-21 00:00:00,6.76,9.47,182.06,1.31,6.95,0.1,1,Good
Medan,2026-01-21 01:00:00,7.05,10.0,187.55,1.36,7.9,0.13,1,Good
Medan,2026-01-21 02:00:00,7.04,10.08,192.34,1.18,10.46,0.16,1,Good
Medan,2026-01-21 03:00:00,7.02,9.94,196.0,1.1,18.05,0.17,1,Good
Medan,2026-01-21 04:00:00,2.49,3.19,169.81,0.38,59.15,0.09,1,Good
Medan,2026-01-21 05:00:00,1.92,2.43,167.94,0.31,59.12,0.07,1,Good
Medan,2026-01-21 06:00:00,1.74,2.2,166.76,0.29,58.0,0.07,1,Good
Medan,2026-01-21 07:00:00,1.73,2.18,166.41,0.27,57.36,0.06,1,Good
Medan,2026-01-21 08:00:00,1.83,2.29,164.88,0.24,56.04,0.06,1,Good
Medan,2026-01-21 09:00:00,1.9,2.39,163.18,0.23,54.93,0.06,1,Good
Medan,2026-01-21 10:00:00,2.05,2.66,160.44,0.28,47.67,0.07,1,Good
Medan,2026-01-21 11:00:00,2.25,3.09,158.71,0.44,38.67,0.09,1,Good
Medan,2026-01-21 12:00:00,2.4,3.5,158.15,0.6,33.38,0.11,1,Good
Medan,2026-01-21 13:00:00,2.6,4.13,160.13,0.85,28.35,0.15,1,Good
Medan,2026-01-21 14:00:00,2.94,4.96,166.58,1.22,23.54,0.21,1,Good
Medan,2026-01-21 15:00:00,3.29,5.73,175.11,1.59,20.22,0.25,1,Good
Medan,2026-01-21 16:00:00,3.7,6.4,182.59,1.9,17.48,0.28,1,Good
Medan,2026-01-21 17:00:00,4.13,6.73,185.2,1.96,14.28,0.26,1,Good
Medan,2026-01-21 18:00:00,4.58,6.99,186.78,1.79,10.91,0.2,1,Good
Medan,2026-01-21 19:00:00,5.01,7.12,187.0,1.49,7.32,0.12,1,Good
Medan,2026-01-21 20:00:00,5.52,7.47,189.84,1.37,5.44,0.1,1,Good
Medan,2026-01-21 21:00:00,6.05,7.92,194.07,1.34,5.02,0.09,1,Good
Medan,2026-01-21 22:00:00,6.53,8.31,198.24,1.35,5.51,0.09,1,Good
Medan,2026-01-21 23:00:00,6.95,8.66,201.66,1.33,5.77,0.09,1,Good
Medan,2026-01-22 00:00:00,7.37,9.23,205.09,1.32,5.83,0.11,1,Good
Medan,2026-01-22 01:00:00,7.48,9.64,206.46,1.13,6.75,0.13,1,Good
Medan,2026-01-22 02:00:00,7.32,9.72,206.46,0.82,10.57,0.15,1,Good
Medan,2026-01-22 03:00:00,7.34,9.73,205.4,0.78,20.63,0.16,1,Good
Medan,2026-01-22 04:00:00,2.85,3.62,176.23,0.2,54.0,0.08,1,Good
Medan,2026-01-22 05:00:00,2.75,3.4,171.15,0.14,55.03,0.07,1,Good
Medan,2026-01-22 06:00:00,3.14,3.77,169.16,0.12,54.61,0.07,1,Good
Medan,2026-01-22 07:00:00,3.37,3.94,164.3,0.12,57.26,0.06,1,Good
Medan,2026-01-22 08:00:00,3.33,3.82,155.72,0.11,60.3,0.05,2,Fair
Medan,2026-01-22 09:00:00,3.29,3.77,151.36,0.12,61.04,0.04,2,Fair
Medan,2026-01-22 10:00:00,3.49,4.14,151.17,0.25,51.67,0.07,1,Good
Medan,2026-01-22 11:00:00,3.8,4.8,154.31,0.52,39.39,0.1,1,Good
Medan,2026-01-22 12:00:00,4.04,5.45,158.83,0.79,32.21,0.13,1,Good
Medan,2026-01-22 13:00:00,4.34,6.22,162.33,1.0,27.27,0.16,1,Good
Medan,2026-01-22 14:00:00,4.86,7.26,168.06,1.19,21.12,0.18,1,Good
Medan,2026-01-22 15:00:00,5.53,8.41,174.52,1.3,15.65,0.17,1,Good
Medan,2026-01-22 16:00:00,6.22,9.42,179.28,1.35,11.2,0.16,1,Good
Medan,2026-01-22 17:00:00,7.01,10.38,185.07,1.39,8.13,0.14,1,Good
Medan,2026-01-22 18:00:00,7.93,11.22,192.78,1.42,6.29,0.13,1,Good
Medan,2026-01-22 19:00:00,8.75,11.71,199.22,1.4,5.04,0.12,1,Good
Medan,2026-01-22 20:00:00,9.5,12.23,205.24,1.36,4.63,0.1,1,Good
Medan,2026-01-22 21:00:00,10.23,12.81,211.44,1.34,4.89,0.09,2,Fair
Medan,2026-01-22 22:00:00,10.94,13.49,218.71,1.34,5.55,0.09,2,Fair
Medan,2026-01-22 23:00:00,11.64,14.13,228.27,1.37,6.71,0.09,2,Fair
Medan,2026-01-23 00:00:00,12.25,14.85,240.62,1.44,9.05,0.12,2,Fair
Medan,2026-01-23 01:00:00,11.95,14.62,251.56,1.41,14.63,0.15,2,Fair
Medan,2026-01-23 02:00:00,11.41,14.11,258.19,1.16,19.65,0.17,2,Fair
Medan,2026-01-23 03:00:00,11.52,14.17,263.35,1.0,28.75,0.19,2,Fair
Medan,2026-01-23 04:00:00,5.71,6.59,222.3,0.36,60.67,0.1,2,Fair
Medan,2026-01-23 05:00:00,4.95,5.62,209.77,0.29,63.72,0.08,2,Fair
Medan,2026-01-23 06:00:00,5.16,5.77,204.25,0.27,64.35,0.08,2,Fair
Medan,2026-01-23 07:00:00,5.57,6.19,201.12,0.27,64.05,0.08,2,Fair
Medan,2026-01-23 08:00:00,5.72,6.37,196.12,0.25,61.95,0.07,2,Fair
Medan,2026-01-23 09:00:00,5.46,6.17,193.47,0.25,59.92,0.07,1,Good
Medan,2026-01-23 10:00:00,5.27,6.26,191.34,0.46,47.4,0.1,1,Good
Medan,2026-01-23 11:00:00,5.36,6.81,193.11,0.78,33.29,0.13,1,Good
Medan,2026-01-23 12:00:00,5.47,7.44,195.56,1.04,25.25,0.15,1,Good
Medan,2026-01-23 13:00:00,5.7,8.22,199.86,1.38,22.75,0.23,1,Good
Medan,2026-01-23 14:00:00,6.14,9.18,209.6,1.84,22.46,0.33,1,Good
Medan,2026-01-23 15:00:00,6.71,10.24,221.8,2.29,22.01,0.42,1,Good
Medan,2026-01-23 16:00:00,7.07,10.75,232.62,2.68,20.94,0.46,1,Good
Medan,2026-01-23 17:00:00,7.37,10.97,239.63,2.83,18.92,0.43,1,Good
Medan,2026-01-23 18:00:00,7.68,11.08,242.17,2.68,16.23,0.36,1,Good
Medan,2026-01-23 19:00:00,7.8,10.87,238.7,2.1,11.32,0.2,1,Good
Medan,2026-01-23 20:00:00,7.94,10.71,239.94,1.79,9.18,0.14,1,Good
Medan,2026-01-23 21:00:00,8.08,10.53,245.36,1.66,9.2,0.11,1,Good
Medan,2026-01-23 22:00:00,8.09,10.18,249.71,1.57,12.36,0.11,1,Good
Medan,2026-01-23 23:00:00,8.22,10.31,252.63,1.53,13.21,0.11,1,Good
Medan,2026-01-24 00:00:00,8.47,10.7,255.21,1.55,13.27,0.12,1,Good
Medan,2026-01-24 01:00:00,8.52,10.91,256.16,1.39,14.11,0.14,1,Good
Medan,2026-01-24 02:00:00,8.62,11.1,256.5,1.08,19.13,0.17,1,Good
Medan,2026-01-24 03:00:00,9.29,11.78,255.09,0.95,31.62,0.2,1,Good
Medan,2026-01-24 04:00:00,4.18,5.27,186.01,0.31,70.83,0.14,2,Fair
Medan,2026-01-24 05:00:00,3.77,4.72,169.63,0.23,74.73,0.12,2,Fair
Medan,2026-01-24 06:00:00,3.96,4.86,161.82,0.22,75.28,0.11,2,Fair
Medan,2026-01-24 07:00:00,4.2,5.07,158.03,0.22,75.81,0.1,2,Fair
Medan,2026-01-24 08:00:00,4.38,5.22,154.35,0.21,74.31,0.1,2,Fair
Medan,2026-01-24 09:00:00,4.62,5.47,155.03,0.21,72.66,0.09,2,Fair
Medan,2026-01-24 10:00:00,5.11,6.19,160.47,0.43,56.52,0.11,1,Good
Medan,2026-01-24 11:00:00,5.81,7.29,170.19,0.75,38.72,0.13,1,Good
Medan,2026-01-24 12:00:00,6.51,8.45,179.8,1.05,29.02,0.15,1,Good
Medan,2026-01-24 13:00:00,7.08,9.49,186.68,1.24,24.5,0.18,1,Good
Medan,2026-01-24 14:00:00,7.61,10.39,192.52,1.43,22.06,0.21,1,Good
Medan,2026-01-24 15:00:00,8.15,11.28,199.42,1.65,19.97,0.25,1,Good
Medan,2026-01-24 16:00:00,8.61,11.95,204.0,1.78,16.97,0.26,1,Good
Medan,2026-01-24 17:00:00,8.98,12.3,206.77,1.67,12.53,0.2,1,Good
Medan,2026-01-24 18:00:00,9.19,12.33,208.51,1.53,8.93,0.14,1,Good
Medan,2026-01-24 19:00:00,9.27,12.17,208.63,1.39,7.37,0.11,1,Good
Medan,2026-01-24 20:00:00,9.49,12.29,210.93,1.38,7.91,0.11,1,Good
Medan,2026-01-24 21:00:00,9.76,12.53,216.54,1.48,10.41,0.13,1,Good
Medan,2026-01-24 22:00:00,9.94,12.66,224.27,1.65,14.45,0.17,1,Good
Medan,2026-01-24 23:00:00,10.04,12.72,230.48,1.65,16.15,0.17,2,Fair
Medan,2026-01-25 00:00:00,10.15,12.92,236.54,1.6,16.91,0.17,2,Fair
Medan,2026-01-25 01:00:00,9.5,12.28,238.91,1.37,19.87,0.17,1,Good
Medan,2026-01-25 02:00:00,8.63,11.33,237.93,1.2,23.61,0.17,1,Good
Medan,2026-01-25 03:00:00,8.17,10.76,236.93,1.22,29.76,0.19,1,Good
Medan,2026-01-25 04:00:00,4.82,5.93,202.35,0.55,74.34,0.2,2,Fair
Medan,2026-01-25 05:00:00,3.87,4.7,184.82,0.46,77.39,0.16,2,Fair
Medan,2026-01-25 06:00:00,3.68,4.41,177.69,0.46,77.17,0.14,2,Fair
Medan,2026-01-25 07:00:00,3.9,4.57,176.79,0.49,76.63,0.14,2,Fair
Medan,2026-01-25 08:00:00,4.19,4.83,176.19,0.53,75.58,0.13,2,Fair
Medan,2026-01-25 09:00:00,4.38,4.99,174.57,0.56,74.46,0.12,2,Fair
Medan,2026-01-25 10:00:00,4.65,5.37,173.06,0.62,63.66,0.12,2,Fair
Medan,2026-01-25 11:00:00,5.12,6.08,174.19,0.74,48.89,0.12,1,Good
Medan,2026-01-25 12:00:00,5.53,6.77,176.16,0.85,39.5,0.12,1,Good
Medan,2026-01-25 13:00:00,5.87,7.5,177.58,1.02,31.35,0.15,1,Good
Medan,2026-01-25 14:00:00,6.35,8.44,181.5,1.26,23.43,0.18,1,Good
Medan,2026-01-25 15:00:00,6.87,9.38,185.96,1.51,17.59,0.21,1,Good
Medan,2026-01-25 16:00:00,7.3,10.11,189.09,1.68,13.3,0.22,1,Good
Medan,2026-01-25 17:00:00,7.66,10.58,191.73,1.66,9.94,0.17,1,Good
Medan,2026-01-25 18:00:00,8.02,10.98,196.11,1.64,7.94,0.14,1,Good
Medan,2026-01-25 19:00:00,8.39,11.34,199.89,1.61,6.46,0.12,1,Good
Medan,2026-01-25 20:00:00,8.77,11.72,203.59,1.59,5.64,0.11,1,Good
Medan,2026-01-25 21:00:00,9.13,12.04,207.46,1.61,5.5,0.12,1,Good
Medan,2026-01-25 22:00:00,9.43,12.14,211.79,1.63,5.76,0.12,1,Good
Medan,2026-01-25 23:00:00,9.76,12.33,217.97,1.65,6.06,0.12,1,Good
Medan,2026-01-26 00:00:00,10.22,12.79,228.16,1.73,6.98,0.13,2,Fair
Medan,2026-01-26 01:00:00,10.06,12.66,239.0,1.65,10.02,0.15,2,Fair
Medan,2026-01-26 02:00:00,9.74,12.35,246.38,1.24,14.25,0.17,1,Good
Medan,2026-01-26 03:00:00,10.21,12.78,250.74,1.03,23.97,0.18,2,Fair
Medan,2026-01-26 04:00:00,6.51,7.29,211.41,0.35,71.3,0.12,2,Fair
Medan,2026-01-26 05:00:00,5.81,6.37,191.2,0.25,74.39,0.09,2,Fair
Medan,2026-01-26 06:00:00,5.95,6.45,179.9,0.23,73.41,0.08,2,Fair
Medan,2026-01-26 07:00:00,6.69,7.18,175.82,0.21,71.81,0.07,2,Fair
Medan,2026-01-26 08:00:00,7.75,8.26,175.7,0.18,68.79,0.07,2,Fair
Medan,2026-01-26 09:00:00,8.42,8.97,176.09,0.17,65.62,0.06,2,Fair
Medan,2026-01-26 10:00:00,9.07,9.91,176.81,0.35,48.96,0.08,1,Good
Medan,2026-01-26 11:00:00,9.71,11.02,179.4,0.63,32.91,0.11,1,Good
Medan,2026-01-26 12:00:00,10.03,11.83,182.85,0.96,24.54,0.13,2,Fair
Medan,2026-01-26 13:00:00,10.16,12.24,185.13,1.1,20.02,0.15,2,Fair
Medan,2026-01-26 14:00:00,10.37,12.5,188.11,1.23,17.44,0.17,2,Fair
Medan,2026-01-26 15:00:00,10.59,12.61,193.0,1.45,17.28,0.2,2,Fair
Medan,2026-01-26 16:00:00,10.63,12.39,195.62,1.61,18.36,0.21,2,Fair
Medan,2026-01-26 17:00:00,10.85,12.42,196.99,1.64,16.61,0.18,2,Fair
Medan,2026-01-26 18:00:00,11.18,12.63,201.13,1.59,15.52,0.15,2,Fair
Medan,2026-01-26 19:00:00,11.19,12.54,206.97,1.5,14.99,0.11,2,Fair
Medan,2026-01-26 20:00:00,11.12,12.33,214.02,1.44,14.91,0.1,2,Fair
Medan,2026-01-26 21:00:00,11.18,12.27,220.9,1.39,14.81,0.09,2,Fair
Medan,2026-01-26 22:00:00,11.48,12.52,226.05,1.36,13.95,0.09,2,Fair
Medan,2026-01-26 23:00:00,11.89,12.98,228.1,1.34,12.54,0.09,2,Fair
Medan,2026-01-27 00:00:00,12.31,13.66,229.79,1.37,11.41,0.11,2,Fair
Medan,2026-01-27 01:00:00,12.31,14.04,229.8,1.3,11.74,0.13,2,Fair
Medan,2026-01-27 02:00:00,12.07,14.08,232.59,1.15,14.44,0.14,2,Fair
Medan,2026-01-27 03:00:00,12.03,14.05,238.25,1.1,21.09,0.15,2,Fair
Medan,2026-01-27 04:00:00,7.36,7.98,196.32,0.31,64.49,0.07,2,Fair
Medan,2026-01-27 05:00:00,4.84,5.22,178.31,0.19,61.86,0.05,2,Fair
Medan,2026-01-27 06:00:00,4.21,4.51,171.75,0.17,58.2,0.05,1,Good
Medan,2026-01-27 07:00:00,4.52,4.81,171.84,0.18,55.8,0.05,1,Good
Medan,2026-01-27 08:00:00,5.12,5.41,172.81,0.21,54.06,0.06,1,Good
Medan,2026-01-27 09:00:00,5.49,5.78,173.27,0.23,52.65,0.06,1,Good
Medan,2026-01-27 10:00:00,5.99,6.52,173.91,0.42,42.06,0.09,1,Good
Medan,2026-01-27 11:00:00,6.47,7.41,177.12,0.72,30.22,0.11,1,Good
Medan,2026-01-27 12:00:00,6.73,8.09,180.18,0.95,23.7,0.12,1,Good
Medan,2026-01-27 13:00:00,6.76,8.41,183.05,1.06,19.52,0.14,1,Good
Medan,2026-01-27 14:00:00,6.73,8.54,185.56,1.17,16.03,0.14,1,Good
Medan,2026-01-27 15:00:00,6.68,8.59,187.04,1.25,13.54,0.15,1,Good
Medan,2026-01-27 16:00:00,6.6,8.6,187.22,1.33,11.71,0.14,1,Good
Medan,2026-01-27 17:00:00,6.67,8.6,187.96,1.38,10.4,0.13,1,Good
Medan,2026-01-27 18:00:00,6.96,8.8,191.29,1.43,10.15,0.12,1,Good
Medan,2026-01-27 19:00:00,7.25,8.84,196.44,1.36,14.08,0.11,1,Good
Medan,2026-01-27 20:00:00,7.65,9.04,200.31,1.32,14.02,0.1,1,Good
Medan,2026-01-27 21:00:00,8.03,9.27,203.84,1.31,13.54,0.1,1,Good
Medan,2026-01-27 22:00:00,8.19,9.27,207.77,1.32,13.02,0.09,1,Good
Medan,2026-01-27 23:00:00,8.29,9.27,212.28,1.37,12.1,0.1,1,Good
Medan,2026-01-28 00:00:00,8.46,9.55,218.36,1.44,11.45,0.11,1,Good
Medan,2026-01-29 01:00:00,4.79,6.7,166.02,0.99,6.02,0.12,1,Good
Medan,2026-01-29 02:00:00,4.74,6.89,168.09,0.74,8.73,0.13,1,Good
Medan,2026-01-29 03:00:00,4.62,6.7,167.4,0.76,15.44,0.13,1,Good
Medan,2026-01-29 04:00:00,1.23,1.62,143.33,0.12,44.44,0.03,1,Good
Medan,2026-01-29 05:00:00,0.78,1.02,137.45,0.07,46.45,0.03,1,Good
Medan,2026-01-29 06:00:00,0.71,0.9,136.86,0.07,46.03,0.03,1,Good
Medan,2026-01-29 07:00:00,0.67,0.84,138.99,0.09,45.39,0.04,1,Good
Medan,2026-01-29 08:00:00,0.65,0.83,141.45,0.13,44.32,0.04,1,Good
Medan,2026-01-29 09:00:00,0.66,0.84,143.4,0.16,43.36,0.04,1,Good
Medan,2026-01-29 10:00:00,0.92,1.35,146.5,0.39,33.64,0.07,1,Good
Medan,2026-01-29 11:00:00,1.37,2.22,150.78,0.71,22.57,0.1,1,Good
Medan,2026-01-29 12:00:00,1.85,3.11,155.76,0.91,16.21,0.12,1,Good
Medan,2026-01-29 13:00:00,2.36,3.94,161.4,1.05,12.47,0.14,1,Good
Medan,2026-01-29 14:00:00,2.82,4.74,167.51,1.12,10.88,0.15,1,Good
Medan,2026-01-29 15:00:00,3.18,5.38,171.75,1.16,10.67,0.14,1,Good
Medan,2026-01-29 16:00:00,3.39,5.64,173.66,1.17,10.94,0.13,1,Good
Medan,2026-01-29 17:00:00,3.58,5.78,173.93,1.18,10.35,0.12,1,Good
Medan,2026-01-29 18:00:00,3.8,5.98,175.23,1.21,9.73,0.12,1,Good
Medan,2026-01-29 19:00:00,4.02,6.19,175.63,1.24,9.09,0.12,1,Good
Medan,2026-01-29 20:00:00,4.26,6.45,175.64,1.22,8.29,0.11,1,Good
Medan,2026-01-29 21:00:00,4.51,6.7,175.83,1.22,7.9,0.1,1,Good
Medan,2026-01-29 22:00:00,4.75,6.94,176.77,1.22,7.71,0.09,1,Good
Medan,2026-01-29 23:00:00,5.0,7.25,178.13,1.21,7.35,0.09,1,Good
Medan,2026-01-30 00:00:00,5.3,7.72,181.05,1.23,7.06,0.11,1,Good
Medan,2026-01-30 01:00:00,5.12,7.47,183.04,1.23,7.18,0.13,1,Good
Medan,2026-01-30 02:00:00,4.48,6.74,182.86,1.05,8.47,0.13,1,Good
Medan,2026-01-30 03:00:00,3.91,5.96,180.97,0.96,12.06,0.12,1,Good
Medan,2026-01-30 04:00:00,1.23,1.6,153.37,0.3,42.1,0.11,1,Good
Medan,2026-01-30 05:00:00,1.0,1.22,151.76,0.24,44.72,0.1,1,Good
Medan,2026-01-30 06:00:00,1.13,1.33,152.88,0.29,44.86,0.11,1,Good
Medan,2026-01-30 07:00:00,1.33,1.66,154.83,0.45,39.38,0.11,1,Good
Medan,2026-01-30 08:00:00,1.59,2.19,157.47,0.66,31.48,0.13,1,Good
Medan,2026-01-30 09:00:00,2.01,2.86,163.56,0.96,27.79,0.18,1,Good
Medan,2026-01-30 10:00:00,2.63,3.69,173.97,1.38,26.56,0.26,1,Good
Medan,2026-01-30 11:00:00,3.63,4.76,192.66,1.85,26.05,0.35,1,Good
Medan,2026-01-30 12:00:00,5.17,6.37,221.76,2.32,26.13,0.43,1,Good
Medan,2026-01-30 13:00:00,6.52,7.79,247.6,2.67,24.18,0.48,1,Good
Medan,2026-01-30 14:00:00,7.29,8.71,260.31,2.81,20.48,0.48,1,Good
Medan,2026-01-30 15:00:00,7.86,9.54,267.17,2.69,17.09,0.42,1,Good
Medan,2026-01-30 16:00:00,8.24,10.11,267.0,2.32,12.71,0.3,1,Good
Medan,2026-01-30 17:00:00,8.48,10.47,264.29,2.33,10.41,0.3,1,Good
Medan,2026-01-30 18:00:00,8.65,10.66,264.01,2.54,10.45,0.33,1,Good
Medan,2026-01-30 19:00:00,8.9,10.7,265.41,2.73,10.74,0.34,1,Good
Medan,2026-01-30 20:00:00,9.12,10.75,262.25,2.58,8.98,0.3,1,Good
Medan,2026-01-30 21:00:00,9.34,10.74,259.79,2.24,6.68,0.23,1,Good
Medan,2026-01-30 22:00:00,9.58,10.8,258.85,1.91,5.07,0.17,1,Good
Medan,2026-01-30 23:00:00,9.9,11.04,257.36,1.69,4.16,0.14,1,Good
Medan,2026-01-31 00:00:00,10.32,11.6,257.6,1.55,3.58,0.14,2,Fair
Medan,2026-01-31 01:00:00,10.52,12.12,257.85,1.4,3.84,0.14,2,Fair
Medan,2026-01-31 02:00:00,10.47,12.41,258.81,1.12,5.3,0.13,2,Fair
Medan,2026-01-31 03:00:00,10.5,12.55,261.82,1.06,10.36,0.12,2,Fair
Medan,2026-01-31 04:00:00,5.21,5.79,240.22,0.69,54.63,0.08,1,Good
Medan,2026-01-31 05:00:00,4.38,4.87,221.05,0.49,59.02,0.06,1,Good
Medan,2026-01-31 06:00:00,4.51,4.96,212.04,0.39,59.66,0.06,1,Good
Medan,2026-01-31 07:00:00,4.94,5.37,209.2,0.38,57.81,0.06,1,Good
Medan,2026-01-31 08:00:00,5.2,5.62,206.54,0.41,52.1,0.06,1,Good
Medan,2026-01-31 09:00:00,5.11,5.54,203.69,0.45,47.16,0.06,1,Good
Medan,2026-01-31 10:00:00,4.87,5.38,198.86,0.54,38.74,0.07,1,Good
Medan,2026-01-31 11:00:00,4.91,5.58,197.84,0.66,28.82,0.09,1,Good
Medan,2026-01-31 12:00:00,5.22,5.98,199.4,0.76,21.34,0.09,1,Good
Medan,2026-01-31 13:00:00,5.8,6.76,198.96,0.85,13.46,0.1,1,Good
Medan,2026-01-31 14:00:00,6.41,7.76,198.4,0.95,8.06,0.11,1,Good
Medan,2026-01-31 15:00:00,6.9,8.63,197.68,1.09,6.09,0.13,1,Good
Medan,2026-01-31 16:00:00,7.27,9.23,197.8,1.26,5.75,0.15,1,Good
Medan,2026-01-31 17:00:00,7.6,9.61,198.43,1.36,5.11,0.15,1,Good
Medan,2026-01-31 18:00:00,7.97,9.96,203.05,1.51,5.19,0.16,1,Good
Medan,2026-01-31 19:00:00,8.29,10.09,208.8,1.61,5.94,0.16,1,Good
Medan,2026-01-31 20:00:00,8.47,10.02,209.11,1.43,4.58,0.13,1,Good
Medan,2026-01-31 21:00:00,8.52,9.81,208.02,1.24,3.51,0.1,1,Good
Medan,2026-01-31 22:00:00,8.47,9.52,206.83,1.16,3.13,0.08,1,Good
Medan,2026-01-31 23:00:00,8.55,9.57,206.4,1.2,3.3,0.09,1,Good
Medan,2026-02-01 00:00:00,8.76,9.94,207.54,1.38,4.2,0.14,1,Good
Medan,2026-02-01 01:00:00,8.59,10.09,206.82,1.43,6.28,0.17,1,Good
Medan,2026-02-01 02:00:00,8.04,9.81,200.46,1.0,7.4,0.14,1,Good
Medan,2026-02-01 03:00:00,7.5,9.34,194.33,0.73,10.43,0.11,1,Good
Medan,2026-02-01 04:00:00,4.08,4.63,183.04,0.3,48.9,0.06,1,Good
Medan,2026-02-01 05:00:00,3.43,3.88,177.03,0.23,49.7,0.05,1,Good
Medan,2026-02-01 06:00:00,3.23,3.66,174.46,0.22,48.5,0.05,1,Good
Medan,2026-02-01 07:00:00,3.1,3.52,175.38,0.23,46.21,0.05,1,Good
Medan,2026-02-01 08:00:00,2.99,3.42,175.39,0.25,42.44,0.05,1,Good
Medan,2026-02-01 09:00:00,2.92,3.36,175.39,0.27,39.41,0.06,1,Good
Medan,2026-02-01 10:00:00,2.98,3.63,172.95,0.37,28.65,0.07,1,Good
Medan,2026-02-01 11:00:00,3.22,4.23,170.78,0.49,17.64,0.09,1,Good
Medan,2026-02-01 12:00:00,3.55,4.85,169.28,0.61,11.31,0.11,1,Good
Medan,2026-02-01 13:00:00,4.01,5.44,168.28,0.74,8.73,0.14,1,Good
Medan,2026-02-01 14:00:00,4.49,5.98,170.01,0.85,7.76,0.16,1,Good
Medan,2026-02-01 15:00:00,4.95,6.59,172.62,0.94,7.86,0.18,1,Good
Medan,2026-02-01 16:00:00,5.37,7.08,173.93,0.98,9.06,0.18,1,Good
Medan,2026-02-01 17:00:00,5.72,7.35,172.73,0.92,8.46,0.15,1,Good
Medan,2026-02-01 18:00:00,6.01,7.55,171.01,0.84,7.8,0.12,1,Good
Medan,2026-02-01 19:00:00,6.26,7.7,168.92,0.76,7.1,0.1,1,Good
Medan,2026-02-01 20:00:00,6.42,7.84,167.69,0.71,7.21,0.09,1,Good
Medan,2026-02-01 21:00:00,6.46,7.85,167.33,0.69,8.08,0.08,1,Good
Medan,2026-02-01 22:00:00,6.43,7.79,167.48,0.67,8.98,0.07,1,Good
Medan,2026-02-01 23:00:00,6.42,7.78,167.12,0.64,9.13,0.07,1,Good
Medan,2026-02-02 00:00:00,6.56,8.1,169.36,0.64,9.08,0.08,1,Good
Medan,2026-02-02 01:00:00,6.59,8.42,173.29,0.67,10.07,0.09,1,Good
Medan,2026-02-02 02:00:00,6.23,8.3,175.26,0.6,13.02,0.1,1,Good
Medan,2026-02-02 03:00:00,5.66,7.7,176.35,0.54,19.43,0.1,1,Good
Medan,2026-02-02 04:00:00,2.83,3.45,164.6,0.33,47.39,0.09,1,Good
Medan,2026-02-02 05:00:00,2.35,2.85,155.26,0.29,49.72,0.09,1,Good
Medan,2026-02-02 06:00:00,2.34,2.81,152.57,0.31,49.89,0.11,1,Good
Medan,2026-02-02 07:00:00,2.54,3.01,157.11,0.38,47.78,0.13,1,Good
Medan,2026-02-02 08:00:00,3.03,3.52,164.0,0.41,42.34,0.15,1,Good
Medan,2026-02-02 09:00:00,3.62,4.16,170.74,0.43,37.9,0.16,1,Good
Medan,2026-02-02 10:00:00,4.29,5.02,176.26,0.51,31.2,0.16,1,Good
Medan,2026-02-02 11:00:00,4.89,5.97,181.4,0.62,24.49,0.17,1,Good
Medan,2026-02-02 12:00:00,5.29,6.55,184.35,0.67,19.82,0.17,1,Good
Medan,2026-02-02 13:00:00,5.49,6.8,183.01,0.81,14.79,0.2,1,Good
Medan,2026-02-02 14:00:00,5.74,7.26,184.46,1.07,11.74,0.26,1,Good
Medan,2026-02-02 15:00:00,6.06,7.84,188.49,1.29,11.06,0.31,1,Good
Medan,2026-02-02 16:00:00,6.46,8.57,193.53,1.5,11.63,0.35,1,Good
Medan,2026-02-02 17:00:00,6.87,9.13,197.15,1.63,12.43,0.36,1,Good
Medan,2026-02-02 18:00:00,7.27,9.71,199.21,1.59,12.6,0.31,1,Good
Medan,2026-02-02 19:00:00,7.62,10.12,199.53,1.25,10.71,0.19,1,Good
Medan,2026-02-02 20:00:00,7.83,10.28,201.2,1.06,10.3,0.14,1,Good
Medan,2026-02-02 21:00:00,7.92,10.27,205.12,0.98,11.27,0.12,1,Good
Medan,2026-02-02 22:00:00,7.68,9.71,212.69,0.95,15.72,0.13,1,Good
Medan,2026-02-02 23:00:00,7.48,9.45,213.57,0.91,15.7,0.13,1,Good
Medan,2026-02-03 00:00:00,7.44,9.64,214.28,0.96,15.08,0.16,1,Good
Medan,2026-02-03 01:00:00,7.44,9.98,216.11,1.06,15.2,0.21,1,Good
Medan,2026-02-03 02:00:00,7.41,10.09,217.52,0.94,15.97,0.2,1,Good
Medan,2026-02-03 03:00:00,7.39,9.97,219.09,0.78,20.09,0.2,1,Good
Medan,2026-02-03 04:00:00,6.24,7.15,222.0,0.57,47.61,0.25,1,Good
Medan,2026-02-03 05:00:00,6.04,6.73,219.75,0.54,50.93,0.24,1,Good
Medan,2026-02-03 06:00:00,5.86,6.47,214.79,0.54,52.3,0.25,1,Good
Medan,2026-02-03 07:00:00,5.65,6.19,210.69,0.53,54.13,0.25,1,Good
Medan,2026-02-03 08:00:00,5.46,5.96,206.75,0.51,53.27,0.24,1,Good
Medan,2026-02-03 09:00:00,5.26,5.75,203.99,0.49,51.08,0.23,1,Good
Medan,2026-02-03 10:00:00,5.06,5.65,199.65,0.51,41.31,0.21,1,Good
Medan,2026-02-03 11:00:00,5.0,5.76,197.85,0.57,30.89,0.19,1,Good
Medan,2026-02-03 12:00:00,5.0,5.9,197.94,0.64,24.35,0.19,1,Good
Medan,2026-02-03 13:00:00,5.09,6.14,197.31,0.72,18.68,0.21,1,Good
Medan,2026-02-03 14:00:00,5.29,6.57,197.01,0.79,13.83,0.22,1,Good
Medan,2026-02-03 15:00:00,5.58,7.06,197.39,0.86,11.07,0.23,1,Good
Medan,2026-02-03 16:00:00,5.83,7.37,196.55,0.9,9.74,0.22,1,Good
Medan,2026-02-03 17:00:00,6.02,7.39,196.9,0.83,9.27,0.18,1,Good
Medan,2026-02-03 18:00:00,6.19,7.38,198.47,0.78,9.33,0.16,1,Good
Medan,2026-02-03 19:00:00,6.28,7.48,197.72,0.74,8.77,0.14,1,Good
Medan,2026-02-03 20:00:00,6.28,7.6,193.26,0.75,8.28,0.14,1,Good
Medan,2026-02-03 21:00:00,6.23,7.63,189.51,0.86,9.55,0.16,1,Good
Medan,2026-02-03 22:00:00,6.28,7.83,188.49,1.01,11.38,0.19,1,Good
Medan,2026-02-03 23:00:00,6.51,8.23,185.52,0.99,9.98,0.17,1,Good
Medan,2026-02-04 00:00:00,6.99,9.07,186.89,0.95,7.59,0.16,1,Good
Medan,2026-02-04 01:00:00,7.37,9.76,191.81,0.93,6.84,0.16,1,Good
Medan,2026-02-04 02:00:00,7.24,9.77,195.74,0.88,8.11,0.15,1,Good
Medan,2026-02-04 03:00:00,0.0,0.0,198.43,0.86,12.4,0.16,1,Good
Medan,2026-02-04 04:00:00,3.86,4.52,201.69,0.62,51.55,0.17,1,Good
Medan,2026-02-04 05:00:00,3.19,3.63,193.56,0.49,53.81,0.16,1,Good
Medan,2026-02-04 06:00:00,3.02,3.39,187.69,0.4,54.53,0.16,1,Good
Medan,2026-02-04 07:00:00,3.27,3.67,185.48,0.36,48.83,0.15,1,Good
Medan,2026-02-04 08:00:00,3.59,4.11,182.97,0.35,38.22,0.14,1,Good
Medan,2026-02-04 09:00:00,3.81,4.43,180.61,0.36,31.28,0.13,1,Good
Medan,2026-02-04 10:00:00,0.0,0.0,177.57,0.45,22.7,0.13,1,Good
Medan,2026-02-04 11:00:00,4.3,5.5,176.43,0.58,16.09,0.14,1,Good
Medan,2026-02-04 12:00:00,4.64,6.1,178.38,0.88,13.28,0.19,1,Good
Medan,2026-02-04 13:00:00,5.03,6.79,181.33,1.15,11.15,0.27,1,Good
Medan,2026-02-04 14:00:00,5.41,7.52,180.63,1.21,8.71,0.28,1,Good
Medan,2026-02-04 15:00:00,5.75,8.21,179.06,1.09,6.61,0.23,1,Good
Medan,2026-02-04 16:00:00,6.03,8.8,176.95,0.94,5.08,0.17,1,Good
Medan,2026-02-04 17:00:00,6.24,8.86,174.83,0.86,4.15,0.13,1,Good
Medan,2026-02-04 18:00:00,6.44,8.84,173.74,0.8,3.8,0.11,1,Good
Medan,2026-02-04 19:00:00,6.62,8.77,171.74,0.73,3.6,0.09,1,Good
Medan,2026-02-04 20:00:00,6.78,8.56,170.56,0.68,3.73,0.07,1,Good
Medan,2026-02-04 21:00:00,6.89,8.36,169.73,0.65,4.36,0.07,1,Good
Medan,2026-02-04 22:00:00,6.93,8.15,169.58,0.64,5.27,0.07,1,Good
Medan,2026-02-04 23:00:00,6.99,8.15,169.95,0.63,5.67,0.07,1,Good
Medan,2026-02-05 00:00:00,7.19,8.68,171.71,0.68,5.49,0.09,1,Good
Medan,2026-02-05 01:00:00,7.27,9.34,175.39,0.61,6.05,0.12,1,Good
Medan,2026-02-05 02:00:00,7.15,9.67,178.17,0.48,9.09,0.13,1,Good
Medan,2026-02-05 03:00:00,7.15,9.83,179.55,0.43,16.42,0.14,1,Good
Medan,2026-02-05 04:00:00,3.97,4.66,178.87,0.25,60.26,0.25,2,Fair
Medan,2026-02-05 05:00:00,3.06,3.51,165.33,0.21,56.19,0.24,1,Good
Medan,2026-02-05 06:00:00,2.73,3.11,158.97,0.22,53.01,0.24,1,Good
Medan,2026-02-05 07:00:00,2.77,3.11,158.46,0.24,52.05,0.26,1,Good
Medan,2026-02-05 08:00:00,3.13,3.45,159.05,0.25,52.06,0.27,1,Good
Medan,2026-02-05 09:00:00,3.55,3.86,160.82,0.26,52.62,0.26,1,Good
Medan,2026-02-05 10:00:00,4.3,4.89,160.91,0.4,40.87,0.23,1,Good
Medan,2026-02-05 11:00:00,5.13,6.17,161.84,0.58,27.15,0.19,1,Good
Medan,2026-02-05 12:00:00,5.69,7.19,162.43,0.68,19.21,0.17,1,Good
Medan,2026-02-05 13:00:00,5.78,7.77,161.41,0.72,14.25,0.16,1,Good
Medan,2026-02-05 14:00:00,5.55,7.9,160.65,0.75,10.77,0.16,1,Good
Medan,2026-02-05 15:00:00,5.27,7.82,159.19,0.77,9.17,0.15,1,Good
Medan,2026-02-05 16:00:00,5.2,7.86,156.91,0.77,8.35,0.14,1,Good
Medan,2026-02-05 17:00:00,5.37,8.0,156.04,0.75,7.14,0.11,1,Good
Medan,2026-02-05 18:00:00,5.58,8.1,156.9,0.73,7.32,0.1,1,Good
Medan,2026-02-05 19:00:00,5.69,7.97,159.05,0.7,9.14,0.09,1,Good
Medan,2026-02-05 20:00:00,5.77,7.89,160.05,0.68,9.26,0.08,1,Good
Medan,2026-02-05 21:00:00,5.87,7.9,160.71,0.68,9.32,0.07,1,Good
Medan,2026-02-05 22:00:00,5.98,7.94,161.26,0.68,9.7,0.07,1,Good
Medan,2026-02-05 23:00:00,6.04,7.95,163.09,0.67,10.21,0.07,1,Good
Medan,2026-02-06 00:00:00,6.1,8.14,166.48,0.69,11.0,0.08,1,Good
Medan,2026-02-06 01:00:00,6.02,8.27,169.89,0.67,12.57,0.09,1,Good
Medan,2026-02-06 02:00:00,5.81,8.22,170.68,0.53,13.73,0.1,1,Good
Medan,2026-02-06 03:00:00,5.73,8.19,169.75,0.44,16.32,0.11,1,Good
Medan,2026-02-06 04:00:00,2.78,3.19,165.16,0.1,46.3,0.03,1,Good
Medan,2026-02-06 05:00:00,2.05,2.28,160.67,0.07,44.91,0.02,1,Good
Medan,2026-02-06 06:00:00,1.77,1.97,157.21,0.07,43.27,0.02,1,Good
Medan,2026-02-06 07:00:00,1.69,1.85,156.62,0.08,42.38,0.02,1,Good
Medan,2026-02-06 08:00:00,1.74,1.89,156.5,0.09,41.38,0.02,1,Good
Medan,2026-02-06 09:00:00,1.76,1.92,157.07,0.1,40.57,0.02,1,Good
Medan,2026-02-06 10:00:00,1.86,2.12,156.51,0.16,35.58,0.03,1,Good
Medan,2026-02-06 11:00:00,2.03,2.49,156.02,0.29,28.88,0.05,1,Good
Medan,2026-02-06 12:00:00,2.21,2.88,157.4,0.39,24.52,0.07,1,Good
Medan,2026-02-06 13:00:00,2.44,3.43,159.16,0.51,19.13,0.08,1,Good
Medan,2026-02-06 14:00:00,2.72,4.01,161.46,0.61,13.83,0.09,1,Good
Medan,2026-02-06 15:00:00,2.98,4.43,162.39,0.64,10.45,0.09,1,Good
Medan,2026-02-06 16:00:00,3.18,4.69,160.4,0.64,7.91,0.09,1,Good
Medan,2026-02-06 17:00:00,3.34,4.76,158.41,0.62,6.21,0.07,1,Good
Medan,2026-02-06 18:00:00,3.5,4.77,157.98,0.59,5.52,0.06,1,Good
Medan,2026-02-06 19:00:00,3.64,4.8,158.53,0.57,5.46,0.05,1,Good
Medan,2026-02-06 20:00:00,3.82,4.98,159.71,0.56,5.54,0.05,1,Good
Medan,2026-02-06 21:00:00,4.06,5.25,161.41,0.56,5.78,0.05,1,Good
Medan,2026-02-06 22:00:00,4.32,5.64,164.74,0.57,6.24,0.05,1,Good
Medan,2026-02-06 23:00:00,4.57,5.99,168.16,0.59,6.89,0.05,1,Good
Medan,2026-02-07 00:00:00,4.84,6.47,172.44,0.62,7.66,0.06,1,Good
Medan,2026-02-07 01:00:00,4.92,6.76,176.52,0.54,9.01,0.08,1,Good
Medan,2026-02-07 02:00:00,4.8,6.67,178.12,0.41,11.78,0.08,1,Good
Medan,2026-02-07 03:00:00,4.49,6.1,178.66,0.34,18.03,0.08,1,Good
Medan,2026-02-07 04:00:00,2.21,2.5,182.71,0.11,44.4,0.03,1,Good
Medan,2026-02-07 05:00:00,1.79,1.96,177.04,0.09,45.24,0.02,1,Good
Medan,2026-02-07 06:00:00,1.71,1.85,172.75,0.09,44.05,0.02,1,Good
Medan,2026-02-07 07:00:00,1.7,1.84,170.7,0.11,42.23,0.02,1,Good
Medan,2026-02-07 08:00:00,1.77,1.93,169.36,0.13,39.38,0.03,1,Good
Medan,2026-02-07 09:00:00,1.84,2.03,168.69,0.17,37.24,0.03,1,Good
Medan,2026-02-07 10:00:00,2.01,2.41,167.62,0.3,30.55,0.05,1,Good
Medan,2026-02-07 11:00:00,2.3,3.02,168.52,0.45,23.35,0.07,1,Good
Medan,2026-02-07 12:00:00,2.61,3.61,170.29,0.54,19.06,0.08,1,Good
Medan,2026-02-07 13:00:00,2.94,4.13,170.48,0.61,14.83,0.09,1,Good
Medan,2026-02-07 14:00:00,3.27,4.59,170.82,0.64,11.1,0.09,1,Good
Medan,2026-02-07 15:00:00,3.54,4.95,171.15,0.64,9.01,0.08,1,Good
Medan,2026-02-07 16:00:00,3.76,5.22,170.94,0.63,7.57,0.07,1,Good
Medan,2026-02-07 17:00:00,3.95,5.35,170.01,0.61,6.0,0.06,1,Good
Medan,2026-02-07 18:00:00,4.13,5.42,168.91,0.59,5.0,0.05,1,Good
Medan,2026-02-07 19:00:00,4.29,5.46,167.08,0.56,4.67,0.05,1,Good
Medan,2026-02-07 20:00:00,4.44,5.54,165.55,0.55,5.01,0.04,1,Good
Medan,2026-02-07 21:00:00,4.56,5.62,164.01,0.54,5.48,0.04,1,Good
Medan,2026-02-07 22:00:00,4.65,5.68,162.54,0.54,5.74,0.04,1,Good
Medan,2026-02-07 23:00:00,4.74,5.79,162.0,0.54,5.55,0.04,1,Good
Medan,2026-02-08 00:00:00,4.85,6.07,163.18,0.58,5.88,0.06,1,Good
Medan,2026-02-08 01:00:00,4.71,6.19,166.04,0.55,7.37,0.08,1,Good
Medan,2026-02-08 02:00:00,4.39,6.08,166.77,0.43,9.38,0.08,1,Good
Medan,2026-02-08 03:00:00,4.18,5.94,166.11,0.4,13.29,0.09,1,Good
Medan,2026-02-08 04:00:00,1.56,1.89,166.58,0.11,36.35,0.06,1,Good
Medan,2026-02-08 05:00:00,1.21,1.42,161.89,0.09,36.87,0.06,1,Good
Medan,2026-02-08 06:00:00,1.12,1.33,159.25,0.1,36.62,0.06,1,Good
Medan,2026-02-08 07:00:00,1.09,1.28,159.53,0.12,36.32,0.06,1,Good
Medan,2026-02-08 08:00:00,1.14,1.34,159.18,0.13,35.16,0.06,1,Good
Medan,2026-02-08 09:00:00,1.21,1.42,159.5,0.14,34.03,0.06,1,Good
Medan,2026-02-08 10:00:00,1.33,1.72,158.7,0.25,27.92,0.07,1,Good
Medan,2026-02-08 11:00:00,1.54,2.22,158.96,0.4,20.36,0.08,1,Good
Medan,2026-02-08 12:00:00,1.79,2.71,160.59,0.49,15.3,0.09,1,Good
Medan,2026-02-08 13:00:00,2.08,3.08,162.08,0.56,12.41,0.1,1,Good
Medan,2026-02-08 14:00:00,2.42,3.51,166.0,0.6,10.52,0.11,1,Good
Medan,2026-02-08 15:00:00,2.76,3.9,169.59,0.62,9.05,0.11,1,Good
Medan,2026-02-08 16:00:00,3.1,4.37,171.38,0.64,7.43,0.1,1,Good
Medan,2026-02-08 17:00:00,3.38,4.81,172.24,0.68,6.02,0.09,1,Good
Medan,2026-02-08 18:00:00,3.64,5.17,173.45,0.73,5.79,0.09,1,Good
Medan,2026-02-08 19:00:00,3.89,5.47,174.16,0.76,5.6,0.09,1,Good
Medan,2026-02-08 20:00:00,4.18,5.81,174.04,0.72,4.27,0.08,1,Good
Medan,2026-02-08 21:00:00,4.46,5.89,173.57,0.67,3.32,0.07,1,Good
Medan,2026-02-08 22:00:00,4.68,5.88,173.61,0.64,3.18,0.07,1,Good
Medan,2026-02-08 23:00:00,4.96,6.13,175.91,0.64,3.71,0.07,1,Good
Medan,2026-02-09 00:00:00,5.38,6.76,180.63,0.68,4.69,0.09,1,Good
Medan,2026-02-09 01:00:00,5.65,7.35,187.82,0.73,6.32,0.1,1,Good
Medan,2026-02-09 02:00:00,5.5,7.51,193.64,0.69,8.3,0.11,1,Good
Medan,2026-02-09 03:00:00,5.24,7.25,198.02,0.65,13.1,0.11,1,Good
Medan,2026-02-09 04:00:00,3.14,4.06,203.67,0.5,35.91,0.1,1,Good
Medan,2026-02-09 05:00:00,2.8,3.76,199.71,0.48,34.07,0.1,1,Good
Medan,2026-02-09 06:00:00,2.79,3.88,195.76,0.53,32.68,0.12,1,Good
Medan,2026-02-09 07:00:00,2.79,3.92,193.15,0.59,32.27,0.14,1,Good
Medan,2026-02-09 08:00:00,2.7,3.74,189.63,0.52,30.67,0.11,1,Good
Medan,2026-02-09 09:00:00,2.56,3.39,187.81,0.47,31.12,0.1,1,Good
Medan,2026-02-09 10:00:00,2.62,3.46,186.1,0.52,26.84,0.11,1,Good
Medan,2026-02-09 11:00:00,3.04,4.31,186.9,0.79,20.3,0.18,1,Good
Medan,2026-02-09 12:00:00,3.48,5.16,191.98,1.15,16.35,0.25,1,Good
Medan,2026-02-09 13:00:00,3.94,5.88,199.93,1.45,14.27,0.31,1,Good
Medan,2026-02-09 14:00:00,4.38,6.72,207.85,1.65,12.85,0.35,1,Good
Medan,2026-02-09 15:00:00,4.72,7.47,211.32,1.71,11.18,0.36,1,Good
Medan,2026-02-09 16:00:00,4.94,7.86,207.09,1.42,7.8,0.26,1,Good
Medan,2026-02-09 17:00:00,5.11,7.82,200.67,1.1,5.22,0.16,1,Good
Medan,2026-02-09 18:00:00,5.27,7.55,196.31,0.92,4.1,0.12,1,Good
Medan,2026-02-09 19:00:00,5.39,7.33,191.97,0.84,3.35,0.11,1,Good
Medan,2026-02-09 20:00:00,5.57,7.38,191.11,0.86,2.83,0.11,1,Good
Medan,2026-02-09 21:00:00,5.79,7.41,194.41,0.95,3.2,0.12,1,Good
Medan,2026-02-09 22:00:00,5.87,7.24,200.07,0.99,4.85,0.12,1,Good
Medan,2026-02-09 23:00:00,5.75,6.9,205.34,0.86,5.99,0.1,1,Good
Medan,2026-02-10 00:00:00,5.68,6.78,211.31,0.79,6.59,0.1,1,Good
Medan,2026-02-10 01:00:00,5.57,6.81,216.3,0.71,7.6,0.11,1,Good
Medan,2026-02-10 02:00:00,5.37,7.02,218.39,0.52,9.56,0.11,1,Good
Medan,2026-02-10 03:00:00,5.34,7.19,218.57,0.42,14.01,0.11,1,Good
Medan,2026-02-10 04:00:00,3.83,4.56,227.66,0.22,39.47,0.11,1,Good
Medan,2026-02-10 05:00:00,4.17,4.76,227.85,0.17,42.42,0.12,1,Good
Medan,2026-02-10 06:00:00,4.79,5.34,226.5,0.15,43.1,0.12,1,Good
Medan,2026-02-10 07:00:00,5.17,5.62,227.11,0.15,46.59,0.11,1,Good
Medan,2026-02-10 08:00:00,5.4,5.84,225.25,0.17,46.56,0.1,1,Good
Medan,2026-02-10 09:00:00,5.66,6.13,224.25,0.2,46.16,0.1,1,Good
Medan,2026-02-10 10:00:00,6.06,6.71,222.98,0.29,39.16,0.11,1,Good
Medan,2026-02-10 11:00:00,6.56,7.53,222.48,0.44,29.38,0.12,1,Good
Medan,2026-02-10 12:00:00,7.06,8.34,223.17,0.56,22.2,0.13,1,Good
Medan,2026-02-10 13:00:00,7.56,9.1,222.02,0.63,15.58,0.14,1,Good
Medan,2026-02-10 14:00:00,8.11,9.86,221.44,0.68,10.84,0.14,1,Good
Medan,2026-02-10 15:00:00,8.64,10.67,221.54,0.74,8.89,0.15,1,Good
Medan,2026-02-10 16:00:00,8.83,10.94,221.24,0.79,8.29,0.14,1,Good
Medan,2026-02-10 17:00:00,8.73,10.62,223.29,0.76,8.23,0.11,1,Good
Medan,2026-02-10 18:00:00,8.35,10.03,229.49,0.72,11.91,0.09,1,Good
Medan,2026-02-10 19:00:00,7.92,9.49,231.47,0.68,15.37,0.08,1,Good
Medan,2026-02-10 20:00:00,7.73,9.37,223.49,0.66,13.74,0.08,1,Good
Medan,2026-02-10 21:00:00,7.5,9.08,215.51,0.68,14.19,0.1,1,Good
Medan,2026-02-10 22:00:00,7.12,8.59,208.66,0.71,15.1,0.1,1,Good
Medan,2026-02-10 23:00:00,6.79,8.16,205.88,0.67,13.65,0.09,1,Good
Medan,2026-02-11 00:00:00,6.72,8.15,208.82,0.68,12.73,0.1,1,Good
Medan,2026-02-11 01:00:00,6.66,8.24,212.89,0.74,13.35,0.13,1,Good
Medan,2026-02-11 02:00:00,6.42,8.21,212.9,0.74,15.43,0.16,1,Good
Medan,2026-02-11 03:00:00,6.27,8.1,212.55,0.72,20.72,0.19,1,Good
Medan,2026-02-11 04:00:00,5.28,5.86,226.34,0.5,66.38,0.27,2,Fair
Medan,2026-02-11 05:00:00,5.12,5.6,222.31,0.44,67.45,0.26,2,Fair
Medan,2026-02-11 06:00:00,4.68,5.11,214.01,0.38,62.88,0.22,2,Fair
Medan,2026-02-11 07:00:00,3.63,3.98,199.51,0.33,52.49,0.18,1,Good
Medan,2026-02-11 08:00:00,2.57,2.88,184.93,0.29,40.51,0.14,1,Good
Medan,2026-02-11 09:00:00,1.92,2.21,176.83,0.27,31.96,0.11,1,Good
Medan,2026-02-11 10:00:00,1.73,2.08,175.08,0.3,23.99,0.09,1,Good
Medan,2026-02-11 11:00:00,1.81,2.29,177.28,0.37,18.26,0.09,1,Good
Medan,2026-02-11 12:00:00,1.95,2.54,181.38,0.43,15.96,0.09,1,Good
Medan,2026-02-11 13:00:00,2.32,3.07,185.34,0.51,12.49,0.09,1,Good
Medan,2026-02-11 14:00:00,2.79,3.76,188.96,0.57,9.19,0.09,1,Good
Medan,2026-02-11 15:00:00,3.12,4.24,191.38,0.61,8.29,0.09,1,Good
Medan,2026-02-11 16:00:00,3.33,4.56,190.8,0.63,7.46,0.09,1,Good
Medan,2026-02-11 17:00:00,3.44,4.74,186.52,0.62,6.15,0.07,1,Good
Medan,2026-02-11 18:00:00,3.52,4.85,181.54,0.6,5.14,0.07,1,Good
Medan,2026-02-11 19:00:00,3.61,4.97,176.57,0.59,4.32,0.06,1,Good
Medan,2026-02-11 20:00:00,3.7,5.08,173.5,0.59,3.99,0.06,1,Good
Medan,2026-02-11 21:00:00,3.74,5.11,171.81,0.61,4.18,0.06,1,Good
Medan,2026-02-11 22:00:00,3.67,4.85,171.18,0.62,4.63,0.06,1,Good
Medan,2026-02-11 23:00:00,3.55,4.66,170.39,0.61,4.61,0.06,1,Good
Medan,2026-02-12 00:00:00,3.52,4.82,171.51,0.64,4.48,0.08,1,Good
Medan,2026-02-12 01:00:00,3.44,5.29,173.67,0.66,4.69,0.1,1,Good
Medan,2026-02-12 02:00:00,3.21,5.4,175.47,0.59,6.15,0.1,1,Good
Medan,2026-02-12 03:00:00,2.9,5.05,177.4,0.56,10.35,0.1,1,Good
Medan,2026-02-12 04:00:00,0.55,0.88,194.12,0.13,44.41,0.03,1,Good
Medan,2026-02-12 05:00:00,0.5,0.6,192.71,0.07,45.62,0.02,1,Good
Medan,2026-02-12 06:00:00,0.5,0.59,190.29,0.06,44.18,0.03,1,Good
Medan,2026-02-12 07:00:00,0.51,0.61,189.93,0.06,43.37,0.03,1,Good
Medan,2026-02-12 08:00:00,0.53,0.63,187.57,0.06,42.8,0.03,1,Good
Medan,2026-02-12 09:00:00,0.55,0.66,184.71,0.06,43.09,0.03,1,Good
Medan,2026-02-12 10:00:00,0.64,0.93,183.86,0.18,37.95,0.05,1,Good
Medan,2026-02-12 11:00:00,0.8,1.46,184.85,0.36,31.05,0.07,1,Good
Medan,2026-02-12 12:00:00,1.04,2.04,187.2,0.47,27.41,0.08,1,Good
Medan,2026-02-12 13:00:00,1.31,2.77,187.19,0.54,22.85,0.09,1,Good
Medan,2026-02-12 14:00:00,1.6,3.5,186.53,0.6,18.29,0.1,1,Good
Medan,2026-02-12 15:00:00,1.85,4.07,185.52,0.63,15.59,0.1,1,Good
Medan,2026-02-12 16:00:00,2.03,4.33,182.21,0.65,13.58,0.09,1,Good
Medan,2026-02-12 17:00:00,2.15,4.39,178.5,0.66,11.37,0.08,1,Good
Medan,2026-02-12 18:00:00,2.27,4.48,174.78,0.68,9.54,0.07,1,Good
Medan,2026-02-12 19:00:00,2.39,4.64,170.1,0.69,7.81,0.07,1,Good
Medan,2026-02-12 20:00:00,2.52,4.82,166.01,0.69,6.04,0.06,1,Good
Medan,2026-02-12 21:00:00,2.66,4.98,163.82,0.68,5.08,0.06,1,Good
Medan,2026-02-12 22:00:00,2.78,5.08,163.38,0.67,5.02,0.05,1,Good
Medan,2026-02-12 23:00:00,2.86,5.14,164.0,0.66,5.47,0.05,1,Good
Medan,2026-02-13 00:00:00,2.98,5.45,166.86,0.7,6.32,0.07,1,Good
Medan,2026-02-13 01:00:00,3.02,5.69,171.31,0.6,8.17,0.09,1,Good
Medan,2026-02-13 02:00:00,2.88,5.51,175.08,0.5,10.44,0.1,1,Good
Medan,2026-02-13 03:00:00,2.54,4.72,176.43,0.43,14.87,0.09,1,Good
Medan,2026-02-13 04:00:00,1.01,1.68,180.16,0.15,35.35,0.06,1,Good
Medan,2026-02-13 05:00:00,0.87,1.42,179.27,0.13,34.76,0.05,1,Good
Medan,2026-02-13 06:00:00,0.92,1.45,178.72,0.13,32.89,0.05,1,Good
Medan,2026-02-13 07:00:00,0.8,1.18,177.0,0.11,40.05,0.04,1,Good
Medan,2026-02-13 08:00:00,0.81,1.12,175.65,0.11,41.32,0.04,1,Good
Medan,2026-02-13 09:00:00,0.84,1.13,175.32,0.12,40.78,0.04,1,Good
Medan,2026-02-13 10:00:00,0.94,1.35,172.4,0.19,33.95,0.05,1,Good
Medan,2026-02-13 11:00:00,1.14,1.83,169.08,0.31,25.85,0.07,1,Good
Medan,2026-02-13 12:00:00,1.35,2.32,169.0,0.42,24.16,0.1,1,Good
Medan,2026-02-13 13:00:00,1.59,2.94,170.16,0.57,22.12,0.13,1,Good
Medan,2026-02-13 14:00:00,1.85,3.56,169.16,0.63,15.94,0.13,1,Good
Medan,2026-02-13 15:00:00,2.09,4.02,167.29,0.62,9.82,0.11,1,Good
Medan,2026-02-13 16:00:00,2.3,4.54,164.3,0.61,5.59,0.1,1,Good
Medan,2026-02-13 17:00:00,2.5,4.98,161.06,0.65,3.8,0.08,1,Good
Medan,2026-02-13 18:00:00,2.68,5.3,158.17,0.71,3.28,0.08,1,Good
Medan,2026-02-13 19:00:00,2.89,5.57,157.0,0.75,3.02,0.08,1,Good
Medan,2026-02-13 20:00:00,3.12,5.78,156.19,0.75,2.43,0.08,1,Good
Medan,2026-02-13 21:00:00,3.36,5.91,155.9,0.75,1.99,0.08,1,Good
Medan,2026-02-13 22:00:00,3.59,6.05,156.49,0.76,1.83,0.08,1,Good
Medan,2026-02-13 23:00:00,3.82,6.16,157.29,0.75,1.93,0.07,1,Good
Medan,2026-02-14 00:00:00,4.07,6.34,159.64,0.76,2.48,0.08,1,Good
Medan,2026-02-14 01:00:00,3.96,6.03,165.02,0.75,4.06,0.09,1,Good
Medan,2026-02-14 02:00:00,3.5,5.45,171.16,0.66,5.61,0.08,1,Good
Medan,2026-02-14 03:00:00,2.99,4.68,175.72,0.55,8.56,0.08,1,Good
Medan,2026-02-14 04:00:00,1.22,1.71,178.72,0.24,33.02,0.04,1,Good
Medan,2026-02-14 05:00:00,0.98,1.3,174.19,0.2,35.18,0.03,1,Good
Medan,2026-02-14 06:00:00,0.91,1.18,170.2,0.19,34.91,0.03,1,Good
Medan,2026-02-14 07:00:00,0.94,1.19,169.82,0.18,33.96,0.03,1,Good
Medan,2026-02-14 08:00:00,1.03,1.32,169.12,0.19,30.18,0.03,1,Good
Medan,2026-02-14 09:00:00,1.1,1.44,168.59,0.2,26.66,0.04,1,Good
Medan,2026-02-14 10:00:00,1.23,1.8,165.1,0.3,19.13,0.05,1,Good
Medan,2026-02-14 11:00:00,1.45,2.31,162.26,0.41,12.5,0.06,1,Good
Medan,2026-02-14 12:00:00,1.68,2.75,160.6,0.48,9.52,0.07,1,Good
Medan,2026-02-14 13:00:00,1.92,3.2,159.26,0.55,7.76,0.09,1,Good
Medan,2026-02-14 14:00:00,2.17,3.54,159.09,0.63,6.7,0.1,1,Good
Medan,2026-02-14 15:00:00,2.42,3.78,160.98,0.71,6.3,0.11,1,Good
Medan,2026-02-14 16:00:00,2.65,4.11,164.33,0.81,6.19,0.13,1,Good
Medan,2026-02-14 17:00:00,2.82,4.43,167.25,0.92,6.19,0.13,1,Good
Medan,2026-02-14 18:00:00,2.94,4.62,169.48,1.01,6.31,0.13,1,Good
Medan,2026-02-14 19:00:00,2.99,4.59,170.05,1.05,6.48,0.13,1,Good
Medan,2026-02-14 20:00:00,3.05,4.52,166.53,1.0,5.73,0.12,1,Good
Medan,2026-02-14 21:00:00,3.12,4.35,161.8,0.89,4.29,0.1,1,Good
Medan,2026-02-14 22:00:00,3.19,4.23,158.27,0.73,2.83,0.07,1,Good
Medan,2026-02-14 23:00:00,3.32,4.2,158.19,0.65,2.42,0.06,1,Good
Medan,2026-02-15 00:00:00,3.53,4.4,161.91,0.64,2.87,0.07,1,Good
Medan,2026-02-16 01:00:00,4.26,5.67,202.64,0.67,7.33,0.08,1,Good
Medan,2026-02-16 02:00:00,4.23,5.7,208.95,0.6,9.27,0.08,1,Good
Medan,2026-02-16 03:00:00,4.02,5.51,208.86,0.53,12.2,0.07,1,Good
Medan,2026-02-16 04:00:00,1.82,2.33,195.8,0.3,25.76,0.04,1,Good
Medan,2026-02-16 05:00:00,1.57,2.03,192.62,0.25,24.59,0.03,1,Good
Medan,2026-02-16 06:00:00,1.43,1.84,189.97,0.23,23.29,0.03,1,Good
Medan,2026-02-16 07:00:00,1.28,1.63,186.7,0.23,20.44,0.03,1,Good
Medan,2026-02-16 08:00:00,1.19,1.54,182.98,0.25,16.28,0.04,1,Good
Medan,2026-02-16 09:00:00,1.17,1.52,180.1,0.28,13.31,0.04,1,Good
Medan,2026-02-16 10:00:00,1.17,1.55,177.86,0.34,11.43,0.04,1,Good
Medan,2026-02-16 11:00:00,1.22,1.65,177.46,0.4,10.38,0.05,1,Good
Medan,2026-02-16 12:00:00,1.29,1.81,178.09,0.46,9.89,0.06,1,Good
Medan,2026-02-16 13:00:00,1.37,2.13,178.26,0.5,8.02,0.07,1,Good
Medan,2026-02-16 14:00:00,1.48,2.38,175.73,0.52,6.03,0.07,1,Good
Medan,2026-02-16 15:00:00,1.4,2.33,172.5,0.49,5.92,0.07,1,Good
Medan,2026-02-16 16:00:00,1.31,2.25,167.73,0.49,5.68,0.07,1,Good
Medan,2026-02-16 17:00:00,1.41,2.42,164.03,0.52,4.27,0.06,1,Good
Medan,2026-02-16 18:00:00,1.54,2.56,160.84,0.54,3.41,0.06,1,Good
Medan,2026-02-16 19:00:00,1.63,2.6,160.12,0.58,3.52,0.06,1,Good
Medan,2026-02-16 20:00:00,1.64,2.57,162.37,0.65,4.55,0.07,1,Good
Medan,2026-02-16 21:00:00,1.59,2.43,165.83,0.71,5.97,0.07,1,Good
Medan,2026-02-16 22:00:00,1.53,2.34,167.08,0.74,6.8,0.07,1,Good
Medan,2026-02-16 23:00:00,1.57,2.39,163.72,0.67,6.02,0.06,1,Good
Medan,2026-02-17 00:00:00,1.68,2.45,165.53,0.58,5.28,0.06,1,Good
Medan,2026-02-17 01:00:00,1.72,2.43,173.66,0.5,6.12,0.06,1,Good
Medan,2026-02-17 02:00:00,1.66,2.43,178.26,0.42,6.91,0.06,1,Good
Medan,2026-02-17 03:00:00,1.51,2.32,178.88,0.36,8.17,0.06,1,Good
Medan,2026-02-17 04:00:00,0.66,1.02,171.4,0.18,12.99,0.03,1,Good
Medan,2026-02-17 05:00:00,0.53,0.75,167.58,0.14,13.79,0.02,1,Good
Medan,2026-02-17 06:00:00,0.5,0.63,164.8,0.12,14.29,0.02,1,Good
Medan,2026-02-17 07:00:00,0.5,0.59,164.58,0.11,15.12,0.02,1,Good
Medan,2026-02-17 08:00:00,0.5,0.56,164.16,0.12,15.27,0.02,1,Good
Medan,2026-02-17 09:00:00,0.5,0.52,164.25,0.14,15.63,0.02,1,Good
Medan,2026-02-17 10:00:00,0.5,0.74,164.34,0.25,12.97,0.04,1,Good
Medan,2026-02-17 11:00:00,0.61,1.14,163.39,0.4,9.25,0.06,1,Good
Medan,2026-02-17 12:00:00,0.75,1.52,163.13,0.5,7.23,0.08,1,Good
Medan,2026-02-17 13:00:00,0.93,1.89,161.61,0.56,5.39,0.09,1,Good
Medan,2026-02-17 14:00:00,1.14,2.25,158.5,0.57,3.62,0.09,1,Good
Medan,2026-02-17 15:00:00,1.33,2.6,155.55,0.55,2.68,0.09,1,Good
Medan,2026-02-17 16:00:00,1.52,2.96,152.89,0.54,2.13,0.08,1,Good
Medan,2026-02-17 17:00:00,1.69,3.17,151.39,0.51,1.73,0.06,1,Good
Medan,2026-02-17 18:00:00,1.85,3.34,151.62,0.5,1.75,0.06,1,Good
Medan,2026-02-17 19:00:00,1.94,3.4,153.38,0.5,2.18,0.05,1,Good
Medan,2026-02-17 20:00:00,2.03,3.29,153.73,0.51,2.35,0.05,1,Good
Medan,2026-02-17 21:00:00,2.14,3.2,154.95,0.53,2.55,0.05,1,Good
Medan,2026-02-17 22:00:00,2.24,3.17,156.52,0.54,2.83,0.04,1,Good
Medan,2026-02-17 23:00:00,2.35,3.25,158.44,0.54,2.98,0.05,1,Good
Medan,2026-02-18 00:00:00,2.53,3.61,161.92,0.57,3.03,0.07,1,Good
Medan,2026-02-18 01:00:00,2.66,4.14,165.71,0.6,3.28,0.09,1,Good
Medan,2026-02-18 02:00:00,2.64,4.53,167.89,0.56,4.1,0.09,1,Good
Medan,2026-02-18 03:00:00,2.5,4.48,169.37,0.54,6.45,0.09,1,Good
Medan,2026-02-18 04:00:00,0.52,0.8,157.97,0.13,22.6,0.02,1,Good
Medan,2026-02-18 05:00:00,0.5,0.5,150.28,0.09,23.78,0.02,1,Good
Medan,2026-02-18 06:00:00,0.5,0.5,146.52,0.08,23.69,0.01,1,Good
Medan,2026-02-18 07:00:00,0.5,0.51,145.1,0.09,23.68,0.02,1,Good
Medan,2026-02-18 08:00:00,0.5,0.56,144.48,0.11,23.4,0.02,1,Good
Medan,2026-02-18 09:00:00,0.5,0.62,144.04,0.13,23.18,0.02,1,Good
Medan,2026-02-18 10:00:00,0.59,0.92,145.11,0.25,19.43,0.04,1,Good
Medan,2026-02-18 11:00:00,0.76,1.49,147.19,0.42,14.52,0.07,1,Good
Medan,2026-02-18 12:00:00,0.94,2.08,149.45,0.52,11.09,0.08,1,Good
Medan,2026-02-18 13:00:00,1.21,2.81,148.86,0.59,6.83,0.1,1,Good
Medan,2026-02-18 14:00:00,1.53,3.74,147.99,0.64,3.73,0.11,1,Good
Medan,2026-02-18 15:00:00,1.81,4.43,147.63,0.67,2.67,0.11,1,Good
Medan,2026-02-18 16:00:00,1.99,4.73,146.53,0.7,2.65,0.11,1,Good
Medan,2026-02-18 17:00:00,2.05,4.64,144.52,0.68,2.75,0.09,1,Good
Medan,2026-02-18 18:00:00,2.1,4.52,142.69,0.65,2.88,0.07,1,Good
Medan,2026-02-18 19:00:00,2.16,4.44,140.83,0.61,2.85,0.06,1,Good
Medan,2026-02-18 20:00:00,2.27,4.47,140.52,0.58,2.63,0.05,1,Good
Medan,2026-02-18 21:00:00,2.39,4.36,142.96,0.58,2.69,0.05,1,Good
Medan,2026-02-18 22:00:00,2.38,4.03,148.04,0.58,3.37,0.05,1,Good
Medan,2026-02-18 23:00:00,2.44,4.04,152.99,0.59,3.45,0.05,1,Good
Medan,2026-02-19 00:00:00,2.65,4.45,158.31,0.65,3.41,0.07,1,Good
Medan,2026-02-19 01:00:00,2.84,4.88,164.8,0.69,3.73,0.09,1,Good
Medan,2026-02-19 02:00:00,2.88,5.03,168.65,0.57,5.07,0.09,1,Good
Medan,2026-02-19 03:00:00,2.8,4.9,170.26,0.5,8.12,0.09,1,Good
Medan,2026-02-19 04:00:00,1.7,2.55,166.77,0.21,19.39,0.04,1,Good
Medan,2026-02-19 05:00:00,1.48,2.14,161.83,0.13,21.3,0.04,1,Good
Medan,2026-02-19 06:00:00,1.27,1.84,158.11,0.09,22.22,0.04,1,Good
Medan,2026-02-19 07:00:00,1.03,1.49,157.77,0.08,23.52,0.04,1,Good
Medan,2026-02-19 08:00:00,0.92,1.42,156.19,0.09,22.73,0.05,1,Good
Medan,2026-02-19 09:00:00,0.86,1.44,155.13,0.12,22.22,0.07,1,Good
Medan,2026-02-19 10:00:00,0.99,1.89,155.83,0.29,18.44,0.1,1,Good
Medan,2026-02-19 11:00:00,1.27,2.74,155.39,0.55,13.19,0.13,1,Good
Medan,2026-02-19 12:00:00,1.6,3.72,156.83,0.82,10.21,0.18,1,Good
Medan,2026-02-19 13:00:00,1.98,4.75,159.83,1.05,8.87,0.24,1,Good
Medan,2026-02-19 14:00:00,2.33,5.63,162.17,1.06,7.44,0.22,1,Good
Medan,2026-02-19 15:00:00,2.69,6.37,163.66,1.01,6.05,0.19,1,Good
Medan,2026-02-19 16:00:00,3.0,6.89,163.68,0.98,5.21,0.16,1,Good
Medan,2026-02-19 17:00:00,3.23,7.17,163.26,0.99,5.05,0.14,1,Good
Medan,2026-02-19 18:00:00,3.44,7.37,163.01,1.03,5.23,0.14,1,Good
Medan,2026-02-19 19:00:00,3.64,7.55,162.73,1.07,5.01,0.13,1,Good
Medan,2026-02-19 20:00:00,3.84,7.74,161.21,1.04,4.07,0.12,1,Good
Medan,2026-02-19 21:00:00,4.07,7.97,160.03,1.0,3.23,0.11,1,Good
Medan,2026-02-19 22:00:00,4.31,8.22,159.62,0.97,2.86,0.1,1,Good
Medan,2026-02-19 23:00:00,4.6,8.55,161.03,0.95,2.66,0.1,1,Good
Medan,2026-02-20 00:00:00,5.01,9.18,166.22,0.98,2.4,0.12,1,Good
Medan,2026-02-20 01:00:00,5.31,9.7,173.19,0.93,2.77,0.14,1,Good
Medan,2026-02-20 02:00:00,5.4,9.75,180.65,0.7,4.49,0.16,1,Good
Medan,2026-02-20 03:00:00,5.57,9.65,190.2,0.74,10.05,0.17,1,Good
Medan,2026-02-20 04:00:00,3.1,4.04,166.92,0.4,40.22,0.23,1,Good
Medan,2026-02-20 05:00:00,2.76,3.37,144.63,0.28,42.15,0.21,1,Good
Medan,2026-02-20 06:00:00,3.0,3.57,137.57,0.26,42.2,0.21,1,Good
Medan,2026-02-20 07:00:00,3.52,4.11,136.16,0.26,42.36,0.23,1,Good
Medan,2026-02-20 08:00:00,3.93,4.54,135.5,0.29,42.2,0.25,1,Good
Medan,2026-02-20 09:00:00,4.19,4.82,135.17,0.31,42.11,0.26,1,Good
Medan,2026-02-20 10:00:00,4.89,5.85,137.45,0.44,33.74,0.26,1,Good
Medan,2026-02-20 11:00:00,5.82,7.34,140.66,0.59,24.07,0.24,1,Good
Medan,2026-02-20 12:00:00,6.44,8.56,143.38,0.82,18.83,0.24,1,Good
Medan,2026-02-20 13:00:00,6.8,9.56,146.61,1.01,16.72,0.28,1,Good
Medan,2026-02-20 14:00:00,7.08,10.38,149.16,1.06,13.85,0.28,1,Good
Medan,2026-02-20 15:00:00,7.3,11.06,151.22,1.08,11.03,0.26,1,Good
Medan,2026-02-20 16:00:00,7.34,11.31,150.92,1.08,8.86,0.24,1,Good
Medan,2026-02-20 17:00:00,7.22,11.1,150.33,1.05,7.36,0.19,1,Good
Medan,2026-02-20 18:00:00,7.0,10.65,149.74,0.99,6.76,0.15,1,Good
Medan,2026-02-20 19:00:00,6.7,10.02,149.08,0.92,7.28,0.13,1,Good
Medan,2026-02-20 20:00:00,6.46,9.52,148.52,0.88,7.9,0.11,1,Good
Medan,2026-02-20 21:00:00,6.3,9.17,148.48,0.87,8.32,0.11,1,Good
Medan,2026-02-20 22:00:00,6.19,8.82,149.75,0.87,8.66,0.11,1,Good
Medan,2026-02-20 23:00:00,6.12,8.44,151.66,0.87,8.54,0.11,1,Good
Medan,2026-02-21 00:00:00,6.15,8.39,155.63,0.92,8.29,0.12,1,Good
Medan,2026-02-21 01:00:00,6.14,8.59,160.87,0.92,7.52,0.13,1,Good
Medan,2026-02-21 02:00:00,5.97,8.51,164.27,0.72,8.06,0.13,1,Good
Medan,2026-02-21 03:00:00,5.63,7.85,165.75,0.59,12.82,0.11,1,Good
Medan,2026-02-21 04:00:00,3.44,3.88,149.07,0.2,41.27,0.06,1,Good
Medan,2026-02-21 05:00:00,2.93,3.22,141.56,0.13,41.92,0.04,1,Good
Medan,2026-02-21 06:00:00,2.87,3.11,137.13,0.1,41.01,0.04,1,Good
Medan,2026-02-21 07:00:00,3.11,3.35,135.74,0.1,40.59,0.04,1,Good
Medan,2026-02-21 08:00:00,3.53,3.79,137.38,0.1,39.85,0.04,1,Good
Medan,2026-02-21 09:00:00,3.74,4.02,138.35,0.12,39.37,0.04,1,Good
Medan,2026-02-21 10:00:00,4.05,4.5,140.41,0.23,34.31,0.06,1,Good
Medan,2026-02-21 11:00:00,4.45,5.22,144.08,0.41,27.72,0.08,1,Good
Medan,2026-02-21 12:00:00,4.74,5.83,147.76,0.53,23.88,0.09,1,Good
Medan,2026-02-21 13:00:00,4.91,6.34,148.67,0.6,20.33,0.1,1,Good
Medan,2026-02-21 14:00:00,5.06,6.79,150.36,0.64,16.79,0.1,1,Good
Medan,2026-02-21 15:00:00,5.19,7.18,151.71,0.68,14.34,0.1,1,Good
Medan,2026-02-21 16:00:00,5.27,7.39,152.81,0.72,12.69,0.1,1,Good
Medan,2026-02-21 17:00:00,5.32,7.41,155.19,0.77,12.22,0.1,1,Good
Medan,2026-02-21 18:00:00,5.35,7.36,158.95,0.83,12.4,0.11,1,Good
Medan,2026-02-21 19:00:00,5.15,6.98,162.3,0.85,13.13,0.11,1,Good
Medan,2026-02-21 20:00:00,4.88,6.55,164.54,0.84,13.67,0.1,1,Good
Medan,2026-02-21 21:00:00,4.68,6.24,166.27,0.82,14.01,0.09,1,Good
Medan,2026-02-21 22:00:00,4.56,6.05,168.42,0.8,14.1,0.09,1,Good
Medan,2026-02-21 23:00:00,4.57,6.02,171.69,0.8,13.64,0.08,1,Good
Medan,2026-02-22 00:00:00,4.73,6.29,177.03,0.81,13.03,0.09,1,Good
Medan,2026-02-24 01:00:00,4.1,6.42,140.0,0.73,5.78,0.1,1,Good
Medan,2026-02-24 02:00:00,4.05,6.36,142.04,0.7,7.0,0.1,1,Good
Medan,2026-02-24 03:00:00,3.62,5.52,142.35,0.64,11.42,0.09,1,Good
Medan,2026-02-24 04:00:00,1.07,1.41,137.41,0.24,34.54,0.03,1,Good
Medan,2026-02-24 05:00:00,0.6,0.78,135.23,0.17,34.82,0.02,1,Good
Medan,2026-02-24 06:00:00,0.56,0.65,133.48,0.15,34.33,0.02,1,Good
Medan,2026-02-24 07:00:00,0.55,0.64,133.35,0.13,34.35,0.02,1,Good
Medan,2026-02-24 08:00:00,0.56,0.65,133.23,0.14,33.75,0.02,1,Good
Medan,2026-02-24 09:00:00,0.56,0.66,133.79,0.15,33.11,0.02,1,Good
Medan,2026-02-24 10:00:00,0.64,0.92,135.39,0.28,28.52,0.05,1,Good
Medan,2026-02-24 11:00:00,0.79,1.53,138.87,0.48,22.84,0.07,1,Good
Medan,2026-02-24 12:00:00,1.02,2.19,142.19,0.59,19.4,0.09,1,Good
Medan,2026-02-24 13:00:00,1.33,2.99,143.04,0.64,15.48,0.1,1,Good
Medan,2026-02-24 14:00:00,1.63,3.8,143.42,0.68,12.03,0.1,1,Good
Medan,2026-02-24 15:00:00,1.92,4.5,143.47,0.72,10.43,0.11,1,Good
Medan,2026-02-24 16:00:00,2.18,5.01,143.19,0.76,9.4,0.12,1,Good
Medan,2026-02-24 17:00:00,2.38,5.26,141.2,0.76,7.27,0.1,1,Good
Medan,2026-02-24 18:00:00,2.56,5.42,138.7,0.74,5.29,0.08,1,Good
Medan,2026-02-24 19:00:00,2.66,5.42,135.72,0.7,4.43,0.07,1,Good
Medan,2026-02-24 20:00:00,2.76,5.41,133.83,0.66,4.26,0.06,1,Good
Medan,2026-02-24 21:00:00,2.91,5.48,133.14,0.64,4.12,0.05,1,Good
Medan,2026-02-24 22:00:00,3.11,5.67,134.22,0.7,4.44,0.06,1,Good
Medan,2026-02-24 23:00:00,3.34,5.97,139.46,0.9,5.84,0.1,1,Good
Medan,2026-02-25 00:00:00,3.63,6.53,150.22,1.18,7.86,0.17,1,Good
Medan,2026-02-25 01:00:00,3.76,6.77,160.64,1.45,9.89,0.26,1,Good
Medan,2026-02-25 02:00:00,3.63,6.44,161.24,1.34,11.43,0.27,1,Good
Medan,2026-02-25 03:00:00,3.41,5.83,158.76,1.0,13.09,0.21,1,Good
Medan,2026-02-25 04:00:00,1.01,1.42,144.98,0.22,31.94,0.04,1,Good
Medan,2026-02-25 05:00:00,0.74,0.99,143.56,0.16,32.87,0.03,1,Good
Medan,2026-02-25 06:00:00,0.7,0.92,142.83,0.15,32.45,0.03,1,Good
Medan,2026-02-25 07:00:00,0.75,0.98,142.74,0.16,30.3,0.03,1,Good
Medan,2026-02-25 08:00:00,0.86,1.16,142.45,0.18,26.27,0.04,1,Good
Medan,2026-02-25 09:00:00,0.96,1.33,143.01,0.21,23.07,0.04,1,Good
Medan,2026-02-25 10:00:00,1.05,1.53,142.29,0.28,19.52,0.05,1,Good
Medan,2026-02-25 11:00:00,1.13,1.73,143.72,0.35,16.99,0.06,1,Good
Medan,2026-02-25 12:00:00,1.21,1.86,145.5,0.4,15.76,0.06,1,Good
Medan,2026-02-25 13:00:00,1.38,2.22,145.94,0.45,12.16,0.07,1,Good
Medan,2026-02-25 14:00:00,1.63,2.74,146.42,0.49,8.37,0.08,1,Good
Medan,2026-02-25 15:00:00,1.84,3.13,146.38,0.5,6.97,0.09,1,Good
Medan,2026-02-25 16:00:00,1.98,3.33,145.45,0.55,6.92,0.09,1,Good
Medan,2026-02-25 17:00:00,2.06,3.26,144.31,0.64,7.24,0.09,1,Good
Medan,2026-02-25 18:00:00,2.14,3.2,144.56,0.79,7.87,0.1,1,Good
Medan,2026-02-25 19:00:00,2.14,3.12,144.76,0.9,8.37,0.1,1,Good
Medan,2026-02-25 20:00:00,2.11,2.96,143.88,0.81,7.65,0.08,1,Good
Medan,2026-02-25 21:00:00,2.08,2.81,144.04,0.66,7.57,0.06,1,Good
Medan,2026-02-25 22:00:00,2.03,2.65,144.07,0.56,7.57,0.04,1,Good
Medan,2026-02-25 23:00:00,1.96,2.56,141.36,0.51,7.07,0.04,1,Good
Medan,2026-02-26 00:00:00,1.84,2.59,139.87,0.51,7.67,0.06,1,Good
Medan,2026-02-26 01:00:00,1.47,2.24,138.79,0.48,10.38,0.07,1,Good
Medan,2026-02-26 02:00:00,1.31,2.15,139.35,0.44,10.3,0.07,1,Good
Medan,2026-02-26 03:00:00,1.15,1.93,139.04,0.36,10.92,0.06,1,Good
Medan,2026-02-26 04:00:00,0.79,1.2,135.82,0.24,15.42,0.04,1,Good
Medan,2026-02-26 05:00:00,0.69,0.98,132.82,0.19,15.43,0.03,1,Good
Medan,2026-02-26 06:00:00,0.65,0.9,129.99,0.17,14.76,0.03,1,Good
Medan,2026-02-26 07:00:00,0.64,0.93,127.59,0.17,13.33,0.04,1,Good
Medan,2026-02-26 08:00:00,0.67,1.07,125.26,0.2,11.44,0.05,1,Good
Medan,2026-02-26 09:00:00,0.7,1.19,123.46,0.23,10.58,0.05,1,Good
Medan,2026-02-26 10:00:00,0.73,1.34,122.83,0.27,9.82,0.06,1,Good
Medan,2026-02-26 11:00:00,0.77,1.5,122.68,0.34,8.28,0.07,1,Good
Medan,2026-02-26 12:00:00,0.85,1.69,123.4,0.4,7.11,0.07,1,Good
Medan,2026-02-26 13:00:00,0.97,1.96,124.14,0.45,6.12,0.08,1,Good
Medan,2026-02-26 14:00:00,1.1,2.24,124.39,0.49,5.54,0.09,1,Good
Medan,2026-02-26 15:00:00,1.19,2.41,126.2,0.55,6.33,0.1,1,Good
Medan,2026-02-26 16:00:00,1.21,2.45,127.98,0.58,7.7,0.1,1,Good
Medan,2026-02-26 17:00:00,1.15,2.25,125.93,0.54,7.85,0.08,1,Good
Medan,2026-02-26 18:00:00,1.11,2.05,123.7,0.47,7.21,0.06,1,Good
Medan,2026-02-26 19:00:00,1.15,2.02,122.84,0.44,5.66,0.05,1,Good
Medan,2026-02-26 20:00:00,1.27,2.15,122.63,0.46,3.92,0.05,1,Good
Medan,2026-02-26 21:00:00,1.39,2.34,122.6,0.48,3.02,0.05,1,Good
Medan,2026-02-26 22:00:00,1.49,2.43,123.47,0.51,2.96,0.05,1,Good
Medan,2026-02-26 23:00:00,1.55,2.51,125.4,0.53,3.51,0.06,1,Good
Medan,2026-02-27 00:00:00,1.66,2.75,129.76,0.58,4.4,0.07,1,Good
Medan,2026-02-27 01:00:00,1.72,3.09,135.74,0.58,5.84,0.09,1,Good
Medan,2026-02-27 02:00:00,1.71,3.29,139.53,0.48,7.28,0.09,1,Good
Medan,2026-02-27 03:00:00,1.62,3.13,139.01,0.37,11.34,0.08,1,Good
Medan,2026-02-27 04:00:00,0.5,0.63,150.61,0.12,31.4,0.02,1,Good
Medan,2026-02-27 05:00:00,0.5,0.5,157.56,0.09,32.74,0.01,1,Good
Medan,2026-02-27 06:00:00,0.5,0.5,160.39,0.08,32.16,0.01,1,Good
Medan,2026-02-27 07:00:00,0.5,0.5,163.16,0.08,31.49,0.01,1,Good
Medan,2026-02-27 08:00:00,0.5,0.5,162.32,0.09,30.08,0.01,1,Good
Medan,2026-02-27 09:00:00,0.5,0.5,160.64,0.1,29.28,0.02,1,Good
Medan,2026-02-27 10:00:00,0.5,0.61,157.85,0.22,24.13,0.04,1,Good
Medan,2026-02-27 11:00:00,0.5,1.01,155.29,0.38,17.64,0.06,1,Good
Medan,2026-02-27 12:00:00,0.61,1.48,154.75,0.47,14.01,0.07,1,Good
Medan,2026-02-27 13:00:00,0.77,1.89,154.6,0.52,11.28,0.08,1,Good
Medan,2026-02-27 14:00:00,0.91,2.14,155.88,0.53,8.81,0.08,1,Good
Medan,2026-02-27 15:00:00,1.02,2.25,156.65,0.52,7.19,0.08,1,Good
Medan,2026-02-27 16:00:00,1.15,2.4,154.19,0.52,5.12,0.07,1,Good
Medan,2026-02-27 17:00:00,1.29,2.58,150.06,0.54,3.39,0.06,1,Good
Medan,2026-02-27 18:00:00,1.41,2.77,146.62,0.56,2.72,0.06,1,Good
Medan,2026-02-27 19:00:00,1.51,2.93,144.37,0.58,2.57,0.06,1,Good
Medan,2026-02-27 20:00:00,1.61,3.07,143.47,0.58,2.58,0.06,1,Good
Medan,2026-02-27 21:00:00,1.71,3.19,143.96,0.59,2.7,0.06,1,Good
Medan,2026-02-27 22:00:00,1.81,3.29,145.9,0.61,2.82,0.06,1,Good
Medan,2026-02-27 23:00:00,1.93,3.31,149.11,0.63,2.89,0.06,1,Good
Medan,2026-02-28 00:00:00,2.11,3.55,154.23,0.67,3.09,0.07,1,Good
Medan,2026-02-28 01:00:00,2.23,3.85,159.72,0.55,3.8,0.09,1,Good
Medan,2026-02-28 02:00:00,2.18,3.91,161.58,0.51,5.48,0.09,1,Good
Medan,2026-02-28 03:00:00,1.99,3.61,161.19,0.57,8.99,0.09,1,Good
Medan,2026-02-28 04:00:00,0.5,0.57,162.94,0.15,35.68,0.02,1,Good
Medan,2026-02-28 05:00:00,0.5,0.5,158.0,0.1,39.26,0.01,1,Good
Medan,2026-02-28 06:00:00,0.5,0.5,154.94,0.09,40.01,0.01,1,Good
Medan,2026-02-28 07:00:00,0.5,0.5,153.24,0.09,40.94,0.01,1,Good
Medan,2026-02-28 08:00:00,0.5,0.5,151.55,0.09,41.77,0.01,1,Good
Medan,2026-02-28 09:00:00,0.5,0.5,150.69,0.09,42.45,0.01,1,Good
Medan,2026-02-28 10:00:00,0.5,0.56,151.41,0.2,35.05,0.03,1,Good
Medan,2026-02-28 11:00:00,0.51,1.03,153.55,0.38,25.37,0.05,1,Good
Medan,2026-02-28 12:00:00,0.71,1.53,155.01,0.48,20.59,0.07,1,Good
Medan,2026-02-28 13:00:00,0.88,2.04,155.41,0.57,19.2,0.09,1,Good
Medan,2026-02-28 14:00:00,1.04,2.51,157.98,0.68,19.39,0.12,1,Good
Medan,2026-02-28 15:00:00,1.18,2.91,162.27,0.81,20.09,0.15,1,Good
Medan,2026-02-28 16:00:00,1.27,3.12,165.29,0.94,20.43,0.17,1,Good
Medan,2026-02-28 17:00:00,1.31,3.1,165.65,0.99,19.69,0.16,1,Good
Medan,2026-02-28 18:00:00,1.34,3.05,162.92,0.99,18.04,0.15,1,Good
Medan,2026-02-28 19:00:00,1.4,3.09,156.9,0.89,14.37,0.12,1,Good
Medan,2026-02-28 20:00:00,1.51,3.2,153.08,0.78,10.41,0.09,1,Good
Medan,2026-02-28 21:00:00,1.64,3.35,151.83,0.74,8.33,0.07,1,Good
Medan,2026-02-28 22:00:00,1.72,3.24,152.62,0.73,7.73,0.07,1,Good
Medan,2026-02-28 23:00:00,1.76,3.17,154.23,0.75,7.33,0.06,1,Good
Medan,2026-03-01 00:00:00,1.86,3.35,156.71,0.8,7.35,0.08,1,Good
Medan,2026-03-02 01:00:00,1.71,3.42,126.58,0.5,3.27,0.09,1,Good
Medan,2026-03-02 02:00:00,1.79,3.72,128.48,0.51,3.71,0.09,1,Good
Medan,2026-03-02 03:00:00,1.79,3.71,129.35,0.51,6.03,0.09,1,Good
Medan,2026-03-02 04:00:00,0.53,0.89,149.67,0.12,36.43,0.02,1,Good
Medan,2026-03-02 05:00:00,0.5,0.77,150.53,0.1,35.34,0.02,1,Good
Medan,2026-03-02 06:00:00,0.5,0.74,150.88,0.1,33.18,0.02,1,Good
Medan,2026-03-02 07:00:00,0.5,0.7,151.4,0.09,31.56,0.02,1,Good
Medan,2026-03-02 08:00:00,0.5,0.7,152.08,0.1,30.44,0.02,1,Good
Medan,2026-03-02 09:00:00,0.5,0.72,152.24,0.11,29.29,0.03,1,Good
Medan,2026-03-02 10:00:00,0.57,1.09,150.04,0.22,21.77,0.05,1,Good
Medan,2026-03-02 11:00:00,0.75,1.75,147.34,0.37,13.34,0.07,1,Good
Medan,2026-03-02 12:00:00,0.97,2.34,145.66,0.46,9.03,0.09,1,Good
Medan,2026-03-02 13:00:00,1.17,2.8,144.13,0.52,6.4,0.11,1,Good
Medan,2026-03-02 14:00:00,1.33,3.3,142.41,0.57,4.56,0.12,1,Good
Medan,2026-03-02 15:00:00,1.47,3.73,141.03,0.61,3.88,0.12,1,Good
Medan,2026-03-02 16:00:00,1.62,4.07,138.91,0.64,3.8,0.12,1,Good
Medan,2026-03-02 17:00:00,1.75,4.16,135.89,0.63,3.58,0.11,1,Good
Medan,2026-03-02 18:00:00,1.86,4.12,132.87,0.59,3.39,0.09,1,Good
Medan,2026-03-02 19:00:00,1.93,4.0,130.18,0.53,3.22,0.07,1,Good
Medan,2026-03-02 20:00:00,2.0,3.81,129.38,0.46,3.15,0.06,1,Good
Medan,2026-03-02 21:00:00,2.06,3.66,131.51,0.41,3.87,0.05,1,Good
Medan,2026-03-02 22:00:00,2.01,3.42,137.46,0.36,5.87,0.04,1,Good
Medan,2026-03-02 23:00:00,2.05,3.46,139.81,0.36,5.85,0.04,1,Good
Medan,2026-03-03 00:00:00,2.2,3.78,143.21,0.4,6.02,0.06,1,Good
Medan,2026-03-03 01:00:00,2.29,4.14,146.56,0.46,6.91,0.08,1,Good
Medan,2026-03-03 02:00:00,2.26,4.3,148.31,0.45,7.76,0.09,1,Good
Medan,2026-03-03 03:00:00,2.22,4.32,148.33,0.41,9.37,0.09,1,Good
Medan,2026-03-03 04:00:00,0.61,1.06,155.12,0.15,35.39,0.03,1,Good
Medan,2026-03-03 05:00:00,0.5,0.69,155.19,0.12,36.93,0.02,1,Good
Medan,2026-03-03 06:00:00,0.5,0.66,155.42,0.12,36.21,0.03,1,Good
Medan,2026-03-03 07:00:00,0.5,0.64,157.29,0.11,35.45,0.03,1,Good
Medan,2026-03-03 08:00:00,0.5,0.66,158.58,0.12,33.29,0.03,1,Good
Medan,2026-03-03 09:00:00,0.51,0.69,160.06,0.14,31.1,0.03,1,Good
Medan,2026-03-03 10:00:00,0.57,0.93,158.91,0.21,25.61,0.05,1,Good
Medan,2026-03-03 11:00:00,0.67,1.32,158.72,0.31,19.28,0.06,1,Good
Medan,2026-03-03 12:00:00,0.81,1.69,159.73,0.37,15.33,0.07,1,Good
Medan,2026-03-03 13:00:00,1.07,2.28,158.95,0.44,11.13,0.09,1,Good
Medan,2026-03-03 14:00:00,1.37,3.13,158.77,0.53,8.97,0.13,1,Good
Medan,2026-03-03 15:00:00,1.61,3.77,160.84,0.62,9.04,0.16,1,Good
Medan,2026-03-03 16:00:00,1.77,4.17,164.07,0.72,9.81,0.18,1,Good
Medan,2026-03-03 17:00:00,1.86,4.26,164.5,0.75,10.38,0.18,1,Good
Medan,2026-03-03 18:00:00,1.95,4.28,163.37,0.75,10.45,0.16,1,Good
Medan,2026-03-03 19:00:00,2.01,3.9,158.83,0.67,9.12,0.13,1,Good
Medan,2026-03-03 20:00:00,2.04,3.39,155.52,0.56,7.29,0.08,1,Good
Medan,2026-03-03 21:00:00,2.03,2.97,153.94,0.48,6.57,0.06,1,Good
Medan,2026-03-03 22:00:00,1.94,2.56,152.29,0.41,6.44,0.04,1,Good
Medan,2026-03-03 23:00:00,1.9,2.43,150.91,0.38,5.94,0.04,1,Good
Medan,2026-03-04 00:00:00,1.99,2.66,152.31,0.42,5.78,0.06,1,Good
Medan,2026-03-04 01:00:00,2.13,3.18,154.89,0.47,5.59,0.08,1,Good
Medan,2026-03-04 02:00:00,2.19,3.66,159.13,0.46,6.68,0.09,1,Good
Medan,2026-03-04 03:00:00,2.18,3.75,164.69,0.44,10.91,0.09,1,Good
Medan,2026-03-04 04:00:00,0.61,0.85,175.47,0.14,34.5,0.02,1,Good
Medan,2026-03-04 05:00:00,0.5,0.57,176.47,0.13,35.45,0.02,1,Good
Medan,2026-03-04 06:00:00,0.5,0.57,176.79,0.14,35.16,0.02,1,Good
Medan,2026-03-04 07:00:00,0.5,0.57,179.35,0.16,34.52,0.02,1,Good
Medan,2026-03-04 08:00:00,0.5,0.58,180.1,0.19,32.31,0.03,1,Good
Medan,2026-03-04 09:00:00,0.5,0.6,179.48,0.22,30.46,0.04,1,Good
Medan,2026-03-04 10:00:00,0.53,0.78,176.15,0.3,25.4,0.06,1,Good
Medan,2026-03-04 11:00:00,0.62,1.14,172.45,0.39,19.24,0.08,1,Good
Medan,2026-03-04 12:00:00,0.72,1.54,169.92,0.43,15.53,0.09,1,Good
Medan,2026-03-04 13:00:00,0.8,1.82,166.51,0.45,13.15,0.09,1,Good
Medan,2026-03-04 14:00:00,0.85,1.96,164.64,0.44,12.62,0.08,1,Good
Medan,2026-03-04 15:00:00,0.89,2.12,163.45,0.43,13.03,0.08,1,Good
Medan,2026-03-04 16:00:00,0.91,2.19,160.5,0.42,12.32,0.07,1,Good
Medan,2026-03-04 17:00:00,0.91,2.15,154.95,0.39,10.31,0.05,1,Good
Medan,2026-03-04 18:00:00,0.92,2.13,149.9,0.37,8.87,0.05,1,Good
Medan,2026-03-04 19:00:00,0.98,2.15,145.88,0.36,8.42,0.05,1,Good
Medan,2026-03-04 20:00:00,1.07,2.06,143.76,0.35,8.27,0.05,1,Good
Medan,2026-03-04 21:00:00,1.16,1.91,142.49,0.34,8.05,0.04,1,Good
Medan,2026-03-04 22:00:00,1.25,1.86,141.55,0.34,7.56,0.04,1,Good
Medan,2026-03-04 23:00:00,1.36,1.97,141.26,0.34,6.61,0.04,1,Good
Medan,2026-03-05 00:00:00,1.57,2.34,143.23,0.38,5.63,0.06,1,Good
Medan,2026-03-05 01:00:00,1.81,2.94,145.47,0.4,4.48,0.08,1,Good
Medan,2026-03-05 02:00:00,1.98,3.57,147.98,0.37,4.8,0.09,1,Good
Medan,2026-03-05 03:00:00,2.1,3.82,152.33,0.37,8.35,0.09,1,Good
Medan,2026-03-05 04:00:00,0.72,0.98,163.94,0.22,39.03,0.03,1,Good
Medan,2026-03-05 05:00:00,0.6,0.74,156.82,0.19,42.29,0.03,1,Good
Medan,2026-03-05 06:00:00,0.59,0.73,152.95,0.19,43.31,0.03,1,Good
Medan,2026-03-05 07:00:00,0.63,0.77,152.46,0.19,44.47,0.03,1,Good
Medan,2026-03-05 08:00:00,0.73,0.89,151.8,0.19,44.59,0.04,1,Good
Medan,2026-03-05 09:00:00,0.84,1.01,151.13,0.19,44.5,0.04,1,Good
Medan,2026-03-05 10:00:00,0.97,1.29,148.63,0.26,36.65,0.06,1,Good
Medan,2026-03-05 11:00:00,1.14,1.73,146.51,0.35,26.87,0.07,1,Good
Medan,2026-03-05 12:00:00,1.32,2.2,145.56,0.43,21.42,0.08,1,Good
Medan,2026-03-05 13:00:00,1.5,2.62,144.75,0.5,20.55,0.11,1,Good
Medan,2026-03-05 14:00:00,1.69,3.0,148.22,0.57,21.83,0.14,1,Good
Medan,2026-03-05 15:00:00,1.88,3.28,152.21,0.63,23.15,0.16,1,Good
Medan,2026-03-05 16:00:00,2.04,3.46,153.81,0.68,23.91,0.17,1,Good
Medan,2026-03-05 17:00:00,2.14,3.34,152.3,0.68,23.52,0.16,1,Good
Medan,2026-03-05 18:00:00,2.18,3.14,148.37,0.65,21.55,0.14,1,Good
Medan,2026-03-05 19:00:00,2.1,2.79,142.62,0.48,17.03,0.08,1,Good
Medan,2026-03-05 20:00:00,2.09,2.68,138.16,0.4,12.55,0.05,1,Good
Medan,2026-03-05 21:00:00,2.13,2.68,134.56,0.36,9.25,0.04,1,Good
Medan,2026-03-05 22:00:00,2.2,2.74,131.84,0.34,7.4,0.03,1,Good
Medan,2026-03-05 23:00:00,2.3,2.91,130.69,0.34,6.67,0.04,1,Good
Medan,2026-03-06 00:00:00,2.53,3.37,132.84,0.38,6.47,0.05,1,Good
Medan,2026-03-06 01:00:00,2.76,4.01,138.05,0.45,7.03,0.08,1,Good
Medan,2026-03-06 02:00:00,2.83,4.42,144.53,0.48,9.11,0.09,1,Good
Medan,2026-03-06 03:00:00,2.82,4.53,151.1,0.5,13.74,0.09,1,Good
Medan,2026-03-06 04:00:00,1.54,1.93,153.02,0.29,42.02,0.05,1,Good
Medan,2026-03-06 05:00:00,1.36,1.72,146.97,0.23,42.69,0.05,1,Good
Medan,2026-03-06 06:00:00,1.48,1.92,143.99,0.2,42.42,0.06,1,Good
Medan,2026-03-06 07:00:00,1.68,2.19,143.81,0.18,42.91,0.06,1,Good
Medan,2026-03-06 08:00:00,1.91,2.48,143.38,0.17,42.86,0.07,1,Good
Medan,2026-03-06 09:00:00,2.16,2.78,143.8,0.18,42.74,0.07,1,Good
Medan,2026-03-06 10:00:00,2.44,3.31,142.67,0.26,34.68,0.09,1,Good
Medan,2026-03-06 11:00:00,2.8,4.11,141.69,0.39,25.74,0.11,1,Good
Medan,2026-03-06 12:00:00,3.16,4.93,141.9,0.53,21.79,0.13,1,Good
Medan,2026-03-06 13:00:00,3.43,5.49,141.91,0.63,19.85,0.16,1,Good
Medan,2026-03-06 14:00:00,3.65,5.9,143.1,0.65,19.0,0.17,1,Good
Medan,2026-03-06 15:00:00,3.85,6.24,146.01,0.67,19.37,0.18,1,Good
Medan,2026-03-06 16:00:00,3.91,6.16,148.04,0.7,19.59,0.18,1,Good
Medan,2026-03-06 17:00:00,3.81,5.86,145.74,0.69,18.48,0.16,1,Good
Medan,2026-03-06 18:00:00,3.67,5.44,141.35,0.63,16.26,0.12,1,Good
Medan,2026-03-06 19:00:00,3.5,5.03,135.94,0.51,13.53,0.07,1,Good
Medan,2026-03-06 20:00:00,3.42,4.95,131.42,0.45,8.9,0.05,1,Good
Medan,2026-03-06 21:00:00,3.34,4.89,127.76,0.41,5.91,0.04,1,Good
Medan,2026-03-06 22:00:00,3.35,4.83,126.61,0.4,4.33,0.04,1,Good
Medan,2026-03-06 23:00:00,3.43,4.86,127.96,0.39,3.96,0.04,1,Good
Medan,2026-03-07 00:00:00,3.61,5.04,133.65,0.43,4.86,0.05,1,Good
Medan,2026-03-07 01:00:00,3.71,5.26,143.0,0.5,7.86,0.07,1,Good
Medan,2026-03-07 02:00:00,3.8,5.62,150.03,0.55,9.3,0.08,1,Good
Medan,2026-03-07 03:00:00,3.98,5.96,153.21,0.57,12.03,0.1,1,Good
Medan,2026-03-07 04:00:00,3.58,4.36,154.2,0.33,42.58,0.08,1,Good
Medan,2026-03-07 05:00:00,2.97,3.54,146.11,0.22,44.01,0.07,1,Good
Medan,2026-03-07 06:00:00,2.92,3.43,141.95,0.17,43.84,0.06,1,Good
Medan,2026-03-07 07:00:00,3.08,3.55,141.45,0.15,43.97,0.06,1,Good
Medan,2026-03-07 08:00:00,3.2,3.62,140.56,0.15,43.35,0.05,1,Good
Medan,2026-03-07 09:00:00,3.24,3.62,140.17,0.15,42.77,0.05,1,Good
Medan,2026-03-07 10:00:00,3.3,3.7,138.94,0.18,38.84,0.05,1,Good
Medan,2026-03-07 11:00:00,3.46,3.95,138.38,0.22,33.51,0.06,1,Good
Medan,2026-03-07 12:00:00,3.71,4.3,138.5,0.26,30.08,0.06,1,Good
Medan,2026-03-07 13:00:00,4.07,4.95,136.68,0.33,23.08,0.07,1,Good
Medan,2026-03-07 14:00:00,4.52,5.89,135.65,0.41,16.27,0.08,1,Good
Medan,2026-03-07 15:00:00,5.0,6.82,134.79,0.46,12.91,0.09,1,Good
Medan,2026-03-07 16:00:00,5.43,7.58,134.71,0.54,13.27,0.11,1,Good
Medan,2026-03-07 17:00:00,5.82,8.04,137.15,0.57,15.63,0.1,1,Good
Medan,2026-03-07 18:00:00,6.16,8.37,139.59,0.58,17.24,0.1,1,Good
Medan,2026-03-07 19:00:00,6.48,8.64,141.44,0.57,18.51,0.09,1,Good
Medan,2026-03-07 20:00:00,6.87,8.83,141.82,0.56,18.8,0.09,1,Good
Medan,2026-03-07 21:00:00,7.2,9.02,138.57,0.52,16.65,0.08,1,Good
Medan,2026-03-07 22:00:00,7.48,9.22,132.78,0.42,9.75,0.05,1,Good
Medan,2026-03-07 23:00:00,7.8,9.53,128.93,0.38,6.27,0.05,1,Good
Medan,2026-03-08 00:00:00,8.27,10.27,128.37,0.4,4.51,0.06,1,Good
Medan,2026-03-08 01:00:00,8.12,10.35,129.57,0.4,4.15,0.08,1,Good
Medan,2026-03-08 02:00:00,7.66,10.0,132.16,0.42,5.35,0.09,1,Good
Medan,2026-03-08 03:00:00,7.5,9.81,137.43,0.48,9.88,0.09,1,Good
Medan,2026-03-08 04:00:00,9.33,10.33,159.2,0.37,47.17,0.14,1,Good
Medan,2026-03-08 05:00:00,9.04,9.87,156.73,0.33,48.6,0.13,1,Good
Medan,2026-03-08 06:00:00,9.32,10.11,155.8,0.3,48.25,0.12,1,Good
Medan,2026-03-08 07:00:00,10.29,11.13,156.91,0.28,48.7,0.11,2,Fair
Medan,2026-03-08 08:00:00,11.36,12.25,156.71,0.26,48.61,0.1,2,Fair
Medan,2026-03-08 09:00:00,12.29,13.2,156.67,0.26,48.38,0.09,2,Fair
Medan,2026-03-08 10:00:00,13.4,14.47,154.7,0.3,41.78,0.09,2,Fair
Medan,2026-03-08 11:00:00,14.0,15.32,153.0,0.39,32.44,0.09,2,Fair
Medan,2026-03-08 12:00:00,14.0,15.52,151.98,0.46,25.67,0.11,2,Fair
Medan,2026-03-08 13:00:00,13.2,14.72,149.86,0.52,19.85,0.13,2,Fair
Medan,2026-03-08 14:00:00,12.07,13.52,149.41,0.51,14.89,0.12,2,Fair
Medan,2026-03-08 15:00:00,10.76,12.09,149.63,0.49,12.06,0.11,2,Fair
Medan,2026-03-08 16:00:00,9.36,10.52,150.22,0.51,11.66,0.11,1,Good
Medan,2026-03-08 17:00:00,8.22,9.19,152.73,0.64,13.44,0.14,1,Good
Medan,2026-03-08 18:00:00,7.31,8.15,156.79,0.77,15.85,0.17,1,Good
Medan,2026-03-08 19:00:00,6.68,7.51,159.77,0.85,17.05,0.18,1,Good
Medan,2026-03-08 20:00:00,6.12,6.97,158.02,0.87,15.81,0.17,1,Good
Medan,2026-03-08 21:00:00,5.6,6.42,154.72,0.79,14.48,0.14,1,Good
Medan,2026-03-08 22:00:00,5.29,6.04,151.43,0.6,13.16,0.09,1,Good
Medan,2026-03-08 23:00:00,5.22,6.01,149.0,0.51,13.04,0.07,1,Good
Medan,2026-03-09 00:00:00,5.37,6.35,149.17,0.5,13.25,0.07,1,Good
Medan,2026-03-09 01:00:00,5.42,6.69,150.94,0.51,14.34,0.09,1,Good
Medan,2026-03-09 02:00:00,5.28,6.75,152.23,0.48,16.35,0.1,1,Good
Medan,2026-03-09 03:00:00,5.12,6.55,153.5,0.44,20.32,0.11,1,Good
Medan,2026-03-09 04:00:00,4.21,4.63,154.54,0.29,40.64,0.12,1,Good
Medan,2026-03-09 05:00:00,3.82,4.12,152.11,0.25,42.29,0.11,1,Good
Medan,2026-03-09 06:00:00,3.56,3.82,151.05,0.25,42.84,0.11,1,Good
Medan,2026-03-09 07:00:00,3.07,3.3,150.39,0.26,44.0,0.1,1,Good
Medan,2026-03-09 08:00:00,2.73,2.97,149.12,0.28,43.22,0.1,1,Good
Medan,2026-03-09 09:00:00,2.65,2.91,149.88,0.29,42.27,0.1,1,Good
Medan,2026-03-09 10:00:00,2.82,3.28,151.03,0.37,33.9,0.11,1,Good
Medan,2026-03-09 11:00:00,3.13,3.95,152.23,0.46,23.59,0.12,1,Good
Medan,2026-03-09 12:00:00,3.4,4.56,152.93,0.52,17.52,0.13,1,Good
Medan,2026-03-09 13:00:00,3.6,4.99,151.77,0.6,13.0,0.16,1,Good
Medan,2026-03-09 14:00:00,3.79,5.36,150.82,0.64,9.68,0.16,1,Good
Medan,2026-03-09 15:00:00,3.96,5.6,149.7,0.65,8.03,0.17,1,Good
Medan,2026-03-09 16:00:00,4.05,5.62,147.8,0.65,7.5,0.16,1,Good
Medan,2026-03-09 17:00:00,4.04,5.35,144.62,0.59,6.79,0.12,1,Good
Medan,2026-03-09 18:00:00,3.99,5.03,141.08,0.53,6.16,0.09,1,Good
Medan,2026-03-09 19:00:00,3.96,4.81,137.69,0.48,5.69,0.07,1,Good
Medan,2026-03-09 20:00:00,3.96,4.73,136.5,0.44,5.2,0.06,1,Good
Medan,2026-03-09 21:00:00,4.01,4.71,138.42,0.44,5.25,0.06,1,Good
Medan,2026-03-09 22:00:00,3.97,4.58,143.47,0.44,6.56,0.05,1,Good
Medan,2026-03-09 23:00:00,3.97,4.63,146.31,0.44,6.78,0.05,1,Good
Medan,2026-03-10 00:00:00,4.12,5.0,150.01,0.47,6.58,0.07,1,Good
Medan,2026-03-10 01:00:00,4.19,5.33,154.32,0.5,6.84,0.1,1,Good
Medan,2026-03-10 02:00:00,4.02,5.46,157.5,0.53,7.99,0.11,1,Good
Medan,2026-03-10 03:00:00,3.7,5.18,160.14,0.57,10.87,0.12,1,Good
Medan,2026-03-10 04:00:00,2.27,2.75,171.0,0.46,29.95,0.13,1,Good
Medan,2026-03-10 05:00:00,2.01,2.4,172.09,0.41,30.85,0.12,1,Good
Medan,2026-03-10 06:00:00,1.93,2.29,171.63,0.37,29.8,0.12,1,Good
Medan,2026-03-10 07:00:00,1.87,2.24,170.34,0.34,28.54,0.1,1,Good
Medan,2026-03-10 08:00:00,1.83,2.22,169.4,0.33,27.23,0.09,1,Good
Medan,2026-03-10 09:00:00,1.81,2.22,169.33,0.34,26.19,0.09,1,Good
Medan,2026-03-10 10:00:00,1.91,2.56,166.54,0.4,18.63,0.09,1,Good
Medan,2026-03-10 11:00:00,2.11,3.16,161.88,0.49,10.62,0.1,1,Good
Medan,2026-03-10 12:00:00,2.35,3.67,158.75,0.53,6.61,0.11,1,Good
Medan,2026-03-10 13:00:00,2.58,3.95,156.05,0.56,4.83,0.12,1,Good
Medan,2026-03-10 14:00:00,2.79,4.13,156.03,0.54,3.89,0.11,1,Good
Medan,2026-03-10 15:00:00,2.98,4.29,157.22,0.53,3.65,0.1,1,Good
Medan,2026-03-10 16:00:00,3.15,4.45,157.32,0.52,3.55,0.1,1,Good
Medan,2026-03-10 17:00:00,3.37,4.65,155.63,0.52,2.75,0.09,1,Good
Medan,2026-03-10 18:00:00,3.6,4.9,155.16,0.56,2.6,0.09,1,Good
Medan,2026-03-10 19:00:00,3.84,5.13,156.24,0.62,2.58,0.1,1,Good
Medan,2026-03-10 20:00:00,4.05,5.3,155.42,0.61,2.39,0.1,1,Good
Medan,2026-03-10 21:00:00,4.23,5.43,153.75,0.56,2.25,0.08,1,Good
Medan,2026-03-10 22:00:00,4.36,5.51,152.8,0.52,2.3,0.07,1,Good
Medan,2026-03-10 23:00:00,4.51,5.65,152.59,0.51,2.25,0.07,1,Good
Medan,2026-03-11 00:00:00,4.74,6.02,155.14,0.55,2.35,0.09,1,Good
Medan,2026-03-11 01:00:00,4.78,6.26,159.02,0.55,2.84,0.1,1,Good
Medan,2026-03-11 02:00:00,4.56,6.29,161.42,0.45,4.28,0.1,1,Good
Medan,2026-03-11 03:00:00,4.3,5.99,161.56,0.4,7.84,0.1,1,Good
Medan,2026-03-11 04:00:00,2.44,2.88,176.98,0.21,33.46,0.05,1,Good
Medan,2026-03-11 05:00:00,2.46,2.8,177.24,0.17,36.37,0.06,1,Good
Medan,2026-03-11 06:00:00,2.72,3.04,177.15,0.16,36.43,0.06,1,Good
Medan,2026-03-11 07:00:00,2.94,3.25,176.52,0.17,35.78,0.06,1,Good
Medan,2026-03-11 08:00:00,3.11,3.4,175.52,0.17,34.8,0.06,1,Good
Medan,2026-03-11 09:00:00,3.21,3.51,174.86,0.19,34.11,0.07,1,Good
Medan,2026-03-11 10:00:00,3.35,3.78,172.93,0.26,28.51,0.08,1,Good
Medan,2026-03-11 11:00:00,3.53,4.2,171.09,0.35,20.81,0.1,1,Good
Medan,2026-03-11 12:00:00,3.73,4.61,170.43,0.4,15.7,0.11,1,Good
Medan,2026-03-11 13:00:00,3.95,5.02,168.38,0.43,10.91,0.11,1,Good
Medan,2026-03-11 14:00:00,4.25,5.71,166.3,0.45,6.95,0.1,1,Good
Medan,2026-03-11 15:00:00,4.59,6.55,164.73,0.47,4.83,0.1,1,Good
Medan,2026-03-11 16:00:00,4.91,7.25,162.79,0.48,3.72,0.1,1,Good
Medan,2026-03-11 17:00:00,5.13,7.43,159.61,0.44,3.12,0.07,1,Good
Medan,2026-03-11 18:00:00,5.29,7.14,156.24,0.4,2.99,0.05,1,Good
Medan,2026-03-11 19:00:00,5.3,6.78,152.83,0.39,2.8,0.05,1,Good
Medan,2026-03-11 20:00:00,5.29,6.68,151.78,0.43,2.88,0.06,1,Good
Medan,2026-03-11 21:00:00,5.26,6.67,153.84,0.52,3.21,0.07,1,Good
Medan,2026-03-11 22:00:00,5.3,6.64,157.86,0.6,3.59,0.08,1,Good
Medan,2026-03-11 23:00:00,5.41,6.68,157.29,0.63,3.42,0.09,1,Good
Medan,2026-03-12 00:00:00,5.69,7.02,156.03,0.62,2.88,0.1,1,Good
Medan,2026-03-12 01:00:00,5.46,6.97,157.03,0.5,2.63,0.09,1,Good
Medan,2026-03-12 02:00:00,5.11,6.9,158.21,0.36,3.86,0.09,1,Good
Medan,2026-03-12 03:00:00,5.03,6.93,158.68,0.33,7.64,0.09,1,Good
Medan,2026-03-12 04:00:00,5.16,5.84,200.88,0.25,45.85,0.13,1,Good
Medan,2026-03-12 05:00:00,5.3,5.93,201.44,0.24,47.6,0.13,1,Good
Medan,2026-03-12 06:00:00,5.33,5.96,199.29,0.26,46.01,0.13,1,Good
Medan,2026-03-12 07:00:00,5.18,5.78,197.7,0.28,44.54,0.13,1,Good
Medan,2026-03-12 08:00:00,5.01,5.52,195.97,0.28,43.48,0.12,1,Good
Medan,2026-03-12 09:00:00,4.83,5.23,195.59,0.27,44.06,0.11,1,Good
Medan,2026-03-12 10:00:00,4.66,5.1,191.83,0.32,37.61,0.11,1,Good
Medan,2026-03-12 11:00:00,4.72,5.4,188.23,0.41,27.96,0.11,1,Good
Medan,2026-03-12 12:00:00,4.98,5.92,187.86,0.47,22.33,0.12,1,Good
Medan,2026-03-12 13:00:00,5.4,6.59,185.54,0.53,15.21,0.13,1,Good
Medan,2026-03-12 14:00:00,5.9,7.49,182.84,0.56,8.72,0.12,1,Good
Medan,2026-03-12 15:00:00,6.36,8.39,179.44,0.56,5.24,0.12,1,Good
Medan,2026-03-12 16:00:00,6.51,8.69,176.33,0.56,3.55,0.1,1,Good
Medan,2026-03-12 17:00:00,6.47,8.38,174.2,0.55,3.04,0.08,1,Good
Medan,2026-03-12 18:00:00,6.43,7.88,172.93,0.53,3.1,0.07,1,Good
Medan,2026-03-12 19:00:00,6.33,7.49,171.32,0.52,3.31,0.07,1,Good
Medan,2026-03-12 20:00:00,6.19,7.12,171.27,0.57,3.82,0.08,1,Good
Medan,2026-03-12 21:00:00,5.96,6.75,172.43,0.61,4.82,0.08,1,Good
Medan,2026-03-12 22:00:00,5.64,6.31,173.92,0.63,6.43,0.08,1,Good
Medan,2026-03-12 23:00:00,5.38,6.0,172.12,0.61,6.9,0.08,1,Good
Medan,2026-03-13 00:00:00,5.31,6.1,171.35,0.58,5.86,0.09,1,Good
Medan,2026-03-13 01:00:00,5.41,6.58,173.73,0.57,4.93,0.1,1,Good
Medan,2026-03-13 02:00:00,5.45,7.04,177.68,0.54,6.45,0.11,1,Good
Medan,2026-03-13 03:00:00,5.44,7.11,182.43,0.49,11.05,0.13,1,Good
Medan,2026-03-13 04:00:00,4.82,5.27,217.52,0.32,46.5,0.16,1,Good
Medan,2026-03-13 05:00:00,4.84,5.16,216.46,0.27,48.93,0.17,1,Good
Medan,2026-03-13 06:00:00,5.04,5.31,215.4,0.27,50.33,0.2,1,Good
Medan,2026-03-13 07:00:00,5.15,5.39,218.22,0.28,53.8,0.22,1,Good
Medan,2026-03-13 08:00:00,5.23,5.47,222.22,0.31,57.19,0.23,1,Good
Medan,2026-03-13 09:00:00,5.39,5.63,224.87,0.35,58.83,0.22,1,Good
Medan,2026-03-13 10:00:00,5.57,6.05,218.91,0.43,41.9,0.18,1,Good
Medan,2026-03-13 11:00:00,5.81,6.67,210.59,0.52,24.12,0.16,1,Good
Medan,2026-03-13 12:00:00,6.01,7.11,205.48,0.57,16.21,0.17,1,Good
Medan,2026-03-13 13:00:00,6.17,7.35,201.68,0.62,13.25,0.19,1,Good
Medan,2026-03-13 14:00:00,6.35,7.67,199.36,0.64,10.96,0.19,1,Good
Medan,2026-03-13 15:00:00,6.53,7.94,195.82,0.62,8.82,0.17,1,Good
Medan,2026-03-13 16:00:00,6.62,8.02,191.06,0.61,7.56,0.16,1,Good
Medan,2026-03-13 17:00:00,6.66,7.89,188.37,0.62,7.71,0.13,1,Good
Medan,2026-03-13 18:00:00,6.67,7.71,187.93,0.63,8.77,0.12,1,Good
Medan,2026-03-13 19:00:00,6.57,7.46,187.98,0.63,9.94,0.11,1,Good
Medan,2026-03-13 20:00:00,6.43,7.24,187.31,0.59,10.02,0.1,1,Good
Medan,2026-03-13 21:00:00,6.25,7.08,188.54,0.56,10.59,0.09,1,Good
Medan,2026-03-13 22:00:00,5.88,6.73,190.98,0.54,11.76,0.08,1,Good
Medan,2026-03-13 23:00:00,5.5,6.4,192.72,0.52,11.79,0.07,1,Good
Medan,2026-03-14 00:00:00,5.28,6.38,195.15,0.55,11.02,0.08,1,Good
Medan,2026-03-14 01:00:00,5.16,6.55,197.91,0.51,10.81,0.1,1,Good
Medan,2026-03-14 02:00:00,4.96,6.51,199.59,0.47,12.75,0.1,1,Good
Medan,2026-03-14 03:00:00,4.64,6.17,202.79,0.46,17.29,0.1,1,Good
Medan,2026-03-14 04:00:00,2.95,3.32,215.75,0.37,50.04,0.11,1,Good
Medan,2026-03-14 05:00:00,2.68,2.92,213.17,0.34,50.98,0.11,1,Good
Medan,2026-03-14 06:00:00,2.6,2.8,211.1,0.34,49.58,0.12,1,Good
Medan,2026-03-14 07:00:00,2.58,2.77,210.51,0.34,47.04,0.11,1,Good
Medan,2026-03-14 08:00:00,2.62,2.83,208.82,0.34,42.37,0.1,1,Good
Medan,2026-03-14 09:00:00,2.58,2.81,205.93,0.34,38.25,0.09,1,Good
Medan,2026-03-14 10:00:00,2.52,2.85,199.22,0.36,29.52,0.08,1,Good
Medan,2026-03-14 11:00:00,2.52,2.99,192.81,0.39,20.82,0.08,1,Good
Medan,2026-03-14 12:00:00,2.56,3.15,188.09,0.4,15.64,0.08,1,Good
Medan,2026-03-14 13:00:00,2.66,3.39,183.56,0.42,11.68,0.08,1,Good
Medan,2026-03-14 14:00:00,2.8,3.71,180.1,0.44,8.2,0.09,1,Good
Medan,2026-03-14 15:00:00,2.95,4.09,177.49,0.44,6.09,0.09,1,Good
Medan,2026-03-14 16:00:00,3.11,4.36,174.8,0.44,5.0,0.08,1,Good
Medan,2026-03-14 17:00:00,3.24,4.49,172.21,0.45,4.5,0.07,1,Good
Medan,2026-03-14 18:00:00,3.35,4.6,169.79,0.48,4.28,0.07,1,Good
Medan,2026-03-14 19:00:00,3.44,4.71,167.53,0.48,4.17,0.06,1,Good
Medan,2026-03-14 20:00:00,3.55,4.83,166.46,0.44,4.24,0.05,1,Good
Medan,2026-03-14 21:00:00,3.69,4.97,168.69,0.44,4.72,0.05,1,Good
Medan,2026-03-14 22:00:00,3.85,5.11,172.86,0.45,5.18,0.06,1,Good
Medan,2026-03-14 23:00:00,4.02,5.36,176.56,0.47,4.96,0.06,1,Good
Medan,2026-03-15 00:00:00,4.24,5.8,180.96,0.51,4.75,0.07,1,Good
Medan,2026-03-15 01:00:00,4.32,6.08,185.27,0.46,5.18,0.08,1,Good
Medan,2026-03-15 02:00:00,4.21,6.02,187.39,0.41,6.68,0.08,1,Good
Medan,2026-03-15 03:00:00,4.11,5.87,189.49,0.38,10.3,0.07,1,Good
Medan,2026-03-15 04:00:00,2.13,2.49,205.69,0.23,42.94,0.03,1,Good
Medan,2026-03-15 05:00:00,1.76,2.0,202.29,0.2,44.74,0.03,1,Good
Medan,2026-03-15 06:00:00,1.73,1.95,199.93,0.19,43.46,0.03,1,Good
Medan,2026-03-15 07:00:00,1.81,2.04,198.65,0.19,41.03,0.03,1,Good
Medan,2026-03-15 08:00:00,1.94,2.18,197.08,0.19,37.37,0.03,1,Good
Medan,2026-03-15 09:00:00,2.02,2.29,194.99,0.2,34.4,0.03,1,Good
Medan,2026-03-15 10:00:00,2.14,2.57,189.69,0.28,25.8,0.05,1,Good
Medan,2026-03-15 11:00:00,2.33,3.06,185.6,0.45,18.64,0.09,1,Good
Medan,2026-03-15 12:00:00,2.55,3.53,186.47,0.65,15.69,0.14,1,Good
Medan,2026-03-15 13:00:00,2.77,3.97,187.49,0.82,14.04,0.19,1,Good
Medan,2026-03-15 14:00:00,2.96,4.45,185.58,0.93,12.29,0.22,1,Good
Medan,2026-03-15 15:00:00,3.14,4.89,181.59,0.94,10.6,0.22,1,Good
Medan,2026-03-15 16:00:00,3.28,5.15,176.36,0.85,8.14,0.17,1,Good
Medan,2026-03-15 17:00:00,3.39,5.28,172.12,0.78,6.61,0.14,1,Good
Medan,2026-03-15 18:00:00,3.5,5.4,169.43,0.73,5.61,0.12,1,Good
Medan,2026-03-15 19:00:00,3.58,5.21,166.89,0.66,4.77,0.09,1,Good
Medan,2026-03-15 20:00:00,3.54,4.87,165.55,0.58,4.36,0.07,1,Good
Medan,2026-03-15 21:00:00,3.45,4.51,164.54,0.51,4.94,0.05,1,Good
Medan,2026-03-15 22:00:00,3.32,4.16,165.98,0.45,6.3,0.04,1,Good
Medan,2026-03-15 23:00:00,3.28,4.07,166.23,0.42,5.83,0.04,1,Good
Medan,2026-03-16 00:00:00,3.38,4.3,166.83,0.44,5.1,0.06,1,Good
Medan,2026-03-16 01:00:00,3.48,4.64,168.36,0.41,5.06,0.08,1,Good
Medan,2026-03-16 02:00:00,3.51,5.01,169.6,0.36,6.48,0.09,1,Good
Medan,2026-03-16 03:00:00,3.59,5.25,170.83,0.34,10.22,0.09,1,Good
Medan,2026-03-16 04:00:00,2.89,3.32,195.76,0.18,41.11,0.05,1,Good
Medan,2026-03-16 05:00:00,3.23,3.54,196.98,0.15,43.26,0.05,1,Good
Medan,2026-03-16 06:00:00,3.5,3.78,195.47,0.15,42.29,0.05,1,Good
Medan,2026-03-16 07:00:00,3.7,3.94,195.16,0.15,43.24,0.05,1,Good
Medan,2026-03-16 08:00:00,3.81,4.03,194.0,0.16,44.19,0.05,1,Good
Medan,2026-03-16 09:00:00,3.9,4.11,193.86,0.18,44.23,0.05,1,Good
Medan,2026-03-16 10:00:00,4.16,4.62,191.29,0.29,32.93,0.07,1,Good
Medan,2026-03-16 11:00:00,4.52,5.36,187.79,0.41,19.86,0.08,1,Good
Medan,2026-03-16 12:00:00,4.83,5.98,187.35,0.57,13.69,0.12,1,Good
Medan,2026-03-16 13:00:00,5.17,6.58,188.88,0.76,11.42,0.19,1,Good
Medan,2026-03-16 14:00:00,5.52,7.21,189.47,0.82,9.37,0.21,1,Good
Medan,2026-03-16 15:00:00,5.84,7.89,187.98,0.77,7.35,0.18,1,Good
Medan,2026-03-16 16:00:00,6.09,8.34,183.78,0.69,5.45,0.14,1,Good
Medan,2026-03-16 17:00:00,6.26,8.52,178.59,0.64,4.52,0.11,1,Good
Medan,2026-03-16 18:00:00,6.4,8.57,174.78,0.64,4.95,0.1,1,Good
Medan,2026-03-16 19:00:00,6.46,8.47,175.3,0.7,6.21,0.12,1,Good
Medan,2026-03-16 20:00:00,6.5,8.4,174.79,0.75,6.74,0.13,1,Good
Medan,2026-03-16 21:00:00,6.55,8.29,173.25,0.77,6.84,0.13,1,Good
Medan,2026-03-16 22:00:00,6.51,8.09,171.63,0.76,6.73,0.12,1,Good
Medan,2026-03-16 23:00:00,6.36,7.86,168.73,0.73,5.75,0.11,1,Good
Medan,2026-03-17 00:00:00,6.28,7.89,166.33,0.72,4.48,0.11,1,Good
Medan,2026-03-17 01:00:00,6.14,8.07,164.51,0.59,3.68,0.12,1,Good
Medan,2026-03-17 02:00:00,5.99,8.22,163.43,0.45,4.17,0.11,1,Good
Medan,2026-03-17 03:00:00,5.87,8.12,164.59,0.46,7.33,0.11,1,Good
Medan,2026-03-17 04:00:00,4.45,4.98,201.28,0.23,39.66,0.08,1,Good
Medan,2026-03-17 05:00:00,4.38,4.79,202.77,0.18,38.92,0.08,1,Good
Medan,2026-03-17 06:00:00,4.42,4.81,202.73,0.16,37.94,0.08,1,Good
Medan,2026-03-17 07:00:00,4.66,5.03,204.79,0.16,37.88,0.08,1,Good
Medan,2026-03-17 08:00:00,4.94,5.31,205.92,0.17,37.31,0.09,1,Good
Medan,2026-03-17 09:00:00,5.09,5.49,207.38,0.2,36.78,0.09,1,Good
Medan,2026-03-17 10:00:00,5.28,5.9,205.69,0.3,29.67,0.09,1,Good
Medan,2026-03-17 11:00:00,5.58,6.59,202.86,0.42,21.6,0.1,1,Good
Medan,2026-03-17 12:00:00,5.9,7.2,201.9,0.53,16.9,0.12,1,Good
Medan,2026-03-17 13:00:00,6.2,7.88,198.71,0.66,12.03,0.16,1,Good
Medan,2026-03-17 14:00:00,6.51,8.68,194.49,0.68,7.37,0.16,1,Good
Medan,2026-03-17 15:00:00,6.79,9.5,190.09,0.66,4.55,0.14,1,Good
Medan,2026-03-17 16:00:00,6.97,9.97,185.1,0.62,3.31,0.12,1,Good
Medan,2026-03-17 17:00:00,7.03,9.81,180.74,0.57,3.04,0.09,1,Good
Medan,2026-03-17 18:00:00,6.99,9.21,177.4,0.53,3.29,0.07,1,Good
Medan,2026-03-17 19:00:00,6.84,8.62,174.2,0.49,3.79,0.06,1,Good
Medan,2026-03-17 20:00:00,6.59,8.17,172.85,0.46,4.65,0.05,1,Good
Medan,2026-03-17 21:00:00,6.31,7.68,173.57,0.44,5.75,0.05,1,Good
Medan,2026-03-17 22:00:00,5.75,6.95,175.36,0.44,6.61,0.05,1,Good
Medan,2026-03-17 23:00:00,5.28,6.36,176.66,0.44,6.61,0.06,1,Good
Medan,2026-03-18 00:00:00,5.05,6.16,179.52,0.48,6.55,0.07,1,Good
Medan,2026-03-18 01:00:00,4.73,6.1,185.35,0.44,7.35,0.1,1,Good
Medan,2026-03-18 02:00:00,4.46,6.12,190.66,0.39,9.75,0.11,1,Good
Medan,2026-03-18 03:00:00,4.54,6.27,196.07,0.35,15.06,0.12,1,Good
Medan,2026-03-18 04:00:00,5.24,5.77,228.71,0.24,49.99,0.26,1,Good
Medan,2026-03-18 05:00:00,5.48,5.87,227.06,0.22,53.06,0.27,1,Good
Medan,2026-03-18 06:00:00,5.83,6.16,224.39,0.24,53.93,0.28,1,Good
Medan,2026-03-18 07:00:00,6.33,6.64,225.05,0.27,54.46,0.29,1,Good
Medan,2026-03-18 08:00:00,6.63,6.95,224.44,0.3,53.43,0.28,1,Good
Medan,2026-03-18 09:00:00,6.55,6.87,223.16,0.35,51.78,0.26,1,Good
Medan,2026-03-18 10:00:00,6.53,7.08,217.74,0.44,39.02,0.21,1,Good
Medan,2026-03-18 11:00:00,6.81,7.79,212.07,0.54,25.31,0.18,1,Good
Medan,2026-03-18 12:00:00,7.12,8.51,208.08,0.61,18.89,0.18,1,Good
Medan,2026-03-18 13:00:00,7.24,8.9,203.2,0.65,15.89,0.18,1,Good
Medan,2026-03-18 14:00:00,7.26,9.04,197.95,0.63,11.93,0.16,1,Good
Medan,2026-03-18 15:00:00,7.27,9.12,192.16,0.6,9.0,0.14,1,Good
Medan,2026-03-18 16:00:00,7.07,8.8,185.61,0.55,7.74,0.13,1,Good
Medan,2026-03-18 17:00:00,6.75,8.21,179.68,0.5,6.0,0.1,1,Good
Medan,2026-03-18 18:00:00,6.36,7.59,175.28,0.46,5.64,0.09,1,Good
Medan,2026-03-18 19:00:00,6.04,7.05,173.56,0.43,6.88,0.08,1,Good
Medan,2026-03-18 20:00:00,5.77,6.64,170.2,0.4,6.7,0.07,1,Good
Medan,2026-03-18 21:00:00,5.43,6.2,166.31,0.4,6.38,0.07,1,Good
Medan,2026-03-18 22:00:00,5.08,5.79,163.44,0.4,6.57,0.06,1,Good
Medan,2026-03-18 23:00:00,4.84,5.52,162.95,0.4,7.25,0.06,1,Good
Medan,2026-03-19 00:00:00,4.73,5.49,166.09,0.43,7.99,0.07,1,Good
Medan,2026-03-19 01:00:00,4.55,5.44,170.19,0.48,9.0,0.1,1,Good
Medan,2026-03-19 02:00:00,4.31,5.4,172.66,0.52,10.5,0.11,1,Good
Medan,2026-03-19 03:00:00,4.14,5.4,174.61,0.54,13.28,0.13,1,Good
Medan,2026-03-19 04:00:00,3.71,4.64,180.15,0.44,27.75,0.15,1,Good
Medan,2026-03-19 05:00:00,3.53,4.36,181.34,0.37,27.71,0.14,1,Good
Medan,2026-03-19 06:00:00,3.45,4.11,187.65,0.32,30.45,0.13,1,Good
Medan,2026-03-19 07:00:00,3.54,3.97,203.31,0.3,37.63,0.11,1,Good
Medan,2026-03-19 08:00:00,3.67,4.11,201.0,0.28,31.85,0.09,1,Good
Medan,2026-03-19 09:00:00,3.79,4.27,197.48,0.28,27.58,0.08,1,Good
Medan,2026-03-19 10:00:00,4.05,4.75,194.22,0.34,20.81,0.08,1,Good
Medan,2026-03-19 11:00:00,4.42,5.41,193.27,0.43,15.89,0.08,1,Good
Medan,2026-03-19 12:00:00,4.79,5.93,194.55,0.48,13.91,0.09,1,Good
Medan,2026-03-19 13:00:00,5.03,6.36,193.8,0.54,11.18,0.11,1,Good
Medan,2026-03-19 14:00:00,5.23,6.68,191.19,0.53,8.15,0.1,1,Good
Medan,2026-03-19 15:00:00,5.4,7.0,190.3,0.53,6.94,0.1,1,Good
Medan,2026-03-19 16:00:00,5.47,7.2,187.9,0.52,6.08,0.09,1,Good
Medan,2026-03-19 17:00:00,5.48,7.03,181.93,0.5,4.57,0.08,1,Good
Medan,2026-03-19 18:00:00,5.47,6.88,174.06,0.47,3.24,0.06,1,Good
Medan,2026-03-19 19:00:00,5.23,6.47,166.31,0.44,2.72,0.06,1,Good
Medan,2026-03-19 20:00:00,4.96,6.11,161.82,0.43,2.7,0.05,1,Good
Medan,2026-03-19 21:00:00,4.84,5.98,160.43,0.44,3.11,0.05,1,Good
Medan,2026-03-19 22:00:00,4.83,5.96,161.51,0.45,3.79,0.05,1,Good
Medan,2026-03-19 23:00:00,4.86,5.97,164.71,0.45,4.42,0.05,1,Good
Medan,2026-03-20 00:00:00,4.97,6.08,172.07,0.48,5.43,0.06,1,Good
Medan,2026-03-20 01:00:00,5.02,6.31,180.34,0.43,7.07,0.08,1,Good
Medan,2026-03-20 02:00:00,4.96,6.55,185.81,0.35,9.68,0.08,1,Good
Medan,2026-03-20 03:00:00,4.83,6.43,191.4,0.31,15.22,0.08,1,Good
Medan,2026-03-20 04:00:00,2.89,3.18,221.09,0.13,49.64,0.03,1,Good
Medan,2026-03-20 05:00:00,2.7,2.9,217.96,0.12,51.91,0.02,1,Good
Medan,2026-03-20 06:00:00,2.78,2.98,214.85,0.14,51.44,0.03,1,Good
Medan,2026-03-20 07:00:00,2.92,3.12,216.12,0.15,51.38,0.03,1,Good
Medan,2026-03-20 08:00:00,3.11,3.3,217.2,0.15,50.97,0.03,1,Good
Medan,2026-03-20 09:00:00,3.33,3.53,219.3,0.16,50.84,0.03,1,Good
Medan,2026-03-20 10:00:00,3.68,4.11,218.38,0.25,39.96,0.05,1,Good
Medan,2026-03-20 11:00:00,4.16,5.02,217.46,0.38,28.66,0.07,1,Good
Medan,2026-03-20 12:00:00,4.62,5.95,218.59,0.56,22.57,0.1,1,Good
Medan,2026-03-20 13:00:00,5.12,6.75,219.0,0.67,18.08,0.14,1,Good
Medan,2026-03-20 14:00:00,5.66,7.55,219.72,0.68,13.7,0.14,1,Good
Medan,2026-03-20 15:00:00,6.19,8.3,220.1,0.64,10.55,0.13,1,Good
Medan,2026-03-20 16:00:00,6.61,8.9,217.36,0.6,7.74,0.12,1,Good
Medan,2026-03-20 17:00:00,6.94,9.08,213.9,0.56,5.3,0.09,1,Good
Medan,2026-03-20 18:00:00,7.16,9.11,210.78,0.51,4.14,0.07,1,Good
Medan,2026-03-20 19:00:00,7.44,9.15,206.57,0.47,3.74,0.06,1,Good
Medan,2026-03-20 20:00:00,7.84,9.27,205.75,0.43,4.54,0.05,1,Good
Medan,2026-03-20 21:00:00,8.2,9.38,208.74,0.41,7.24,0.04,1,Good
Medan,2026-03-20 22:00:00,8.38,9.37,215.67,0.41,11.38,0.04,1,Good
Medan,2026-03-20 23:00:00,8.52,9.49,218.44,0.4,11.0,0.04,1,Good
Medan,2026-03-21 00:00:00,8.8,9.95,220.51,0.43,10.46,0.05,1,Good
Medan,2026-03-21 01:00:00,8.59,9.97,224.66,0.49,11.3,0.07,1,Good
Medan,2026-03-21 02:00:00,7.81,9.35,227.9,0.51,13.9,0.08,1,Good
Medan,2026-03-21 03:00:00,7.0,8.48,230.94,0.52,19.22,0.1,1,Good
Medan,2026-03-21 04:00:00,5.23,5.7,263.34,0.44,57.74,0.16,1,Good
Medan,2026-03-21 05:00:00,4.57,4.94,259.08,0.4,59.37,0.16,1,Good
Medan,2026-03-21 06:00:00,4.5,4.85,254.17,0.38,57.88,0.17,1,Good
Medan,2026-03-21 07:00:00,4.55,4.98,250.0,0.4,51.72,0.15,1,Good
Medan,2026-03-21 08:00:00,4.66,5.26,245.37,0.44,45.64,0.14,1,Good
Medan,2026-03-21 09:00:00,4.76,5.53,243.45,0.55,44.67,0.17,1,Good
Medan,2026-03-21 10:00:00,5.0,5.99,242.7,0.73,41.99,0.23,1,Good
Medan,2026-03-21 11:00:00,5.29,6.54,242.78,0.9,36.13,0.27,1,Good
Medan,2026-03-21 12:00:00,5.59,6.99,243.72,1.03,31.02,0.3,1,Good
Medan,2026-03-21 13:00:00,5.94,7.45,242.51,1.13,25.32,0.32,1,Good
Medan,2026-03-21 14:00:00,6.37,8.14,239.15,1.16,19.78,0.32,1,Good
Medan,2026-03-21 15:00:00,6.83,8.91,234.74,1.08,15.59,0.28,1,Good
Medan,2026-03-21 16:00:00,7.17,9.38,226.41,0.89,11.54,0.2,1,Good
Medan,2026-03-21 17:00:00,7.42,9.6,217.08,0.71,8.65,0.13,1,Good
Medan,2026-03-21 18:00:00,7.59,9.7,209.82,0.64,7.71,0.1,1,Good
Medan,2026-03-21 19:00:00,7.68,9.43,208.19,0.67,8.52,0.11,1,Good
Medan,2026-03-21 20:00:00,7.83,9.38,212.22,0.75,9.58,0.12,1,Good
Medan,2026-03-21 21:00:00,7.95,9.23,216.08,0.83,10.5,0.14,1,Good
Medan,2026-03-21 22:00:00,7.97,9.07,218.73,0.86,11.83,0.14,1,Good
Medan,2026-03-21 23:00:00,7.84,8.89,217.73,0.83,13.3,0.13,1,Good
Medan,2026-03-22 00:00:00,7.61,8.81,213.12,0.78,13.98,0.13,1,Good
Medan,2026-03-22 01:00:00,7.04,8.46,205.22,0.62,11.2,0.1,1,Good
Medan,2026-03-22 02:00:00,6.26,7.79,200.96,0.54,11.36,0.09,1,Good
Medan,2026-03-22 03:00:00,5.52,6.96,200.83,0.48,14.84,0.09,1,Good
Medan,2026-03-22 04:00:00,2.51,2.83,225.83,0.28,48.54,0.08,1,Good
Medan,2026-03-22 05:00:00,1.83,2.06,221.74,0.26,50.06,0.08,1,Good
Medan,2026-03-22 06:00:00,1.72,1.94,218.33,0.25,49.0,0.08,1,Good
Medan,2026-03-22 07:00:00,1.71,1.93,218.17,0.25,47.3,0.08,1,Good
Medan,2026-03-22 08:00:00,1.7,1.93,219.57,0.24,44.4,0.08,1,Good
Medan,2026-03-22 09:00:00,1.67,1.92,220.45,0.25,41.89,0.07,1,Good
Medan,2026-03-22 10:00:00,1.75,2.17,217.64,0.33,35.17,0.09,1,Good
Medan,2026-03-22 11:00:00,1.93,2.64,215.18,0.48,28.39,0.12,1,Good
Medan,2026-03-22 12:00:00,2.12,3.08,215.45,0.65,24.5,0.17,1,Good
Medan,2026-03-22 13:00:00,2.35,3.46,215.64,0.83,21.63,0.22,1,Good
Medan,2026-03-22 14:00:00,2.59,3.97,215.74,0.99,18.02,0.26,1,Good
Medan,2026-03-22 15:00:00,2.79,4.34,215.5,1.09,15.05,0.27,1,Good
Medan,2026-03-22 16:00:00,2.96,4.6,212.06,1.13,12.75,0.27,1,Good
Medan,2026-03-22 17:00:00,3.1,4.75,206.29,1.12,11.11,0.26,1,Good
Medan,2026-03-22 18:00:00,3.22,4.71,199.3,1.02,9.53,0.22,1,Good
Medan,2026-03-22 19:00:00,3.29,4.44,190.0,0.67,6.17,0.11,1,Good
Medan,2026-03-22 20:00:00,3.35,4.23,182.72,0.48,4.89,0.06,1,Good
Medan,2026-03-22 21:00:00,3.42,4.09,177.34,0.4,4.84,0.04,1,Good
Medan,2026-03-22 22:00:00,3.45,4.02,173.75,0.37,5.3,0.04,1,Good
Medan,2026-03-22 23:00:00,3.48,4.04,172.82,0.36,5.66,0.04,1,Good
Medan,2026-03-23 00:00:00,3.59,4.3,174.99,0.4,5.88,0.05,1,Good
Medan,2026-03-23 01:00:00,3.54,4.53,178.49,0.44,6.48,0.07,1,Good
Medan,2026-03-23 02:00:00,3.4,4.78,181.37,0.42,8.4,0.09,1,Good
Medan,2026-03-23 03:00:00,3.34,4.84,185.73,0.4,13.46,0.09,1,Good
Medan,2026-03-23 04:00:00,2.15,2.54,210.28,0.25,48.26,0.07,1,Good
Medan,2026-03-23 05:00:00,2.0,2.3,203.75,0.23,52.03,0.06,1,Good
Medan,2026-03-23 06:00:00,2.14,2.43,197.78,0.23,52.99,0.06,1,Good
Medan,2026-03-23 07:00:00,2.33,2.62,197.84,0.24,52.49,0.07,1,Good
Medan,2026-03-23 08:00:00,2.35,2.64,198.54,0.24,49.37,0.06,1,Good
Medan,2026-03-23 09:00:00,2.28,2.55,199.92,0.24,46.24,0.06,1,Good
Medan,2026-03-23 10:00:00,2.29,2.76,197.5,0.32,33.63,0.07,1,Good
Medan,2026-03-23 11:00:00,2.46,3.34,193.78,0.43,21.18,0.09,1,Good
Medan,2026-03-23 12:00:00,2.69,4.0,191.55,0.51,15.91,0.1,1,Good
Medan,2026-03-23 13:00:00,2.91,4.41,188.93,0.55,14.29,0.13,1,Good
Medan,2026-03-23 14:00:00,3.03,4.53,185.72,0.53,11.45,0.12,1,Good
Medan,2026-03-23 15:00:00,3.12,4.44,183.69,0.49,9.91,0.1,1,Good
Medan,2026-03-23 16:00:00,3.19,4.3,177.99,0.45,7.88,0.08,1,Good
Medan,2026-03-23 17:00:00,3.27,4.22,168.61,0.41,4.58,0.06,1,Good
Medan,2026-03-23 18:00:00,3.33,4.2,159.91,0.37,3.05,0.05,1,Good
Medan,2026-03-23 19:00:00,3.34,4.18,152.35,0.34,2.62,0.04,1,Good
Medan,2026-03-23 20:00:00,3.33,4.16,147.84,0.32,2.92,0.04,1,Good
Medan,2026-03-23 21:00:00,3.33,4.15,145.38,0.33,3.98,0.04,1,Good
Medan,2026-03-23 22:00:00,3.33,4.16,144.89,0.33,5.17,0.04,1,Good
Medan,2026-03-23 23:00:00,3.4,4.35,143.79,0.33,4.36,0.04,1,Good
Medan,2026-03-24 00:00:00,3.57,4.84,144.06,0.37,3.69,0.06,1,Good
Medan,2026-03-24 01:00:00,3.74,5.36,147.09,0.46,3.69,0.08,1,Good
Medan,2026-03-24 02:00:00,3.76,5.62,151.47,0.49,4.9,0.09,1,Good
Medan,2026-03-24 03:00:00,3.6,5.42,158.2,0.47,8.09,0.09,1,Good
Medan,2026-03-24 04:00:00,1.96,2.4,198.35,0.18,37.58,0.05,1,Good
Medan,2026-03-24 05:00:00,1.73,2.05,201.62,0.13,37.86,0.04,1,Good
Medan,2026-03-24 06:00:00,1.66,1.93,203.34,0.12,36.61,0.04,1,Good
Medan,2026-03-24 07:00:00,1.6,1.84,205.53,0.12,36.76,0.04,1,Good
Medan,2026-03-24 08:00:00,1.61,1.83,205.67,0.13,36.42,0.04,1,Good
Medan,2026-03-24 09:00:00,1.6,1.82,205.3,0.14,35.06,0.04,1,Good
Medan,2026-03-24 10:00:00,1.65,2.04,203.55,0.24,28.81,0.05,1,Good
Medan,2026-03-24 11:00:00,1.79,2.48,201.41,0.36,21.47,0.07,1,Good
Medan,2026-03-24 12:00:00,1.96,2.95,199.42,0.41,16.93,0.08,1,Good
Medan,2026-03-24 13:00:00,2.21,3.52,192.38,0.44,11.24,0.09,1,Good
Medan,2026-03-24 14:00:00,2.52,4.18,184.56,0.48,6.59,0.11,1,Good
Medan,2026-03-24 15:00:00,2.79,4.85,178.1,0.51,4.49,0.12,1,Good
Medan,2026-03-24 16:00:00,3.0,5.37,172.73,0.56,3.74,0.13,1,Good
Medan,2026-03-24 17:00:00,3.1,5.3,167.27,0.57,3.58,0.12,1,Good
Medan,2026-03-24 18:00:00,3.19,5.18,162.49,0.56,3.72,0.1,1,Good
Medan,2026-03-24 19:00:00,3.23,4.99,158.57,0.52,3.92,0.09,1,Good
Medan,2026-03-24 20:00:00,3.25,4.83,154.83,0.48,3.97,0.08,1,Good
Medan,2026-03-24 21:00:00,3.29,4.71,152.3,0.46,4.18,0.07,1,Good
Medan,2026-03-24 22:00:00,3.31,4.61,150.2,0.46,4.29,0.06,1,Good
Medan,2026-03-24 23:00:00,3.35,4.68,147.84,0.44,3.6,0.06,1,Good
Medan,2026-03-25 00:00:00,3.45,4.95,150.32,0.45,3.54,0.08,1,Good
Medan,2026-03-25 01:00:00,3.44,5.11,159.93,0.38,5.45,0.1,1,Good
Medan,2026-03-25 02:00:00,3.31,5.13,166.9,0.34,7.23,0.09,1,Good
Medan,2026-03-25 03:00:00,3.16,4.95,171.23,0.33,9.79,0.09,1,Good
Medan,2026-03-25 04:00:00,1.6,2.05,186.84,0.12,29.52,0.05,1,Good
Medan,2026-03-25 05:00:00,1.33,1.63,184.77,0.09,30.55,0.04,1,Good
Medan,2026-03-25 06:00:00,1.26,1.5,183.38,0.07,29.25,0.04,1,Good
Medan,2026-03-25 07:00:00,1.18,1.49,180.84,0.14,26.16,0.05,1,Good
Medan,2026-03-25 08:00:00,1.19,1.7,180.02,0.27,23.99,0.09,1,Good
Medan,2026-03-25 09:00:00,1.27,1.97,181.58,0.42,22.94,0.12,1,Good
Medan,2026-03-25 10:00:00,1.4,2.33,182.44,0.63,20.42,0.17,1,Good
Medan,2026-03-25 11:00:00,1.58,2.7,182.76,0.83,17.22,0.22,1,Good
Medan,2026-03-25 12:00:00,1.78,3.01,182.9,0.97,14.6,0.25,1,Good
Medan,2026-03-25 13:00:00,1.95,3.18,179.92,0.92,11.02,0.23,1,Good
Medan,2026-03-25 14:00:00,2.08,3.38,176.02,0.75,6.85,0.17,1,Good
Medan,2026-03-25 15:00:00,2.22,3.59,172.29,0.61,4.23,0.12,1,Good
Medan,2026-03-25 16:00:00,2.4,3.79,168.3,0.52,2.96,0.09,1,Good
Medan,2026-03-25 17:00:00,2.57,3.78,163.73,0.46,2.38,0.07,1,Good
Medan,2026-03-25 18:00:00,2.71,3.79,159.5,0.42,2.2,0.06,1,Good
Medan,2026-03-25 19:00:00,2.8,3.83,154.54,0.39,2.13,0.05,1,Good
Medan,2026-03-25 20:00:00,2.88,3.95,150.74,0.37,2.02,0.04,1,Good
Medan,2026-03-25 21:00:00,2.99,4.01,147.64,0.37,2.05,0.04,1,Good
Medan,2026-03-25 22:00:00,3.11,4.08,146.29,0.38,2.31,0.04,1,Good
Medan,2026-03-25 23:00:00,3.25,4.22,147.23,0.41,2.76,0.05,1,Good
Medan,2026-03-26 00:00:00,3.47,4.64,152.83,0.48,3.55,0.08,1,Good
Medan,2026-03-26 01:00:00,3.57,5.04,161.89,0.52,5.45,0.1,1,Good
Medan,2026-03-26 02:00:00,3.57,5.34,166.93,0.52,6.68,0.11,1,Good
Medan,2026-03-26 03:00:00,3.57,5.45,168.32,0.52,8.94,0.11,1,Good
Medan,2026-03-26 04:00:00,1.94,2.38,185.23,0.31,35.59,0.05,1,Good
Medan,2026-03-26 05:00:00,1.63,1.92,184.93,0.29,37.64,0.04,1,Good
Medan,2026-03-26 06:00:00,1.52,1.77,182.27,0.28,36.93,0.03,1,Good
Medan,2026-03-26 07:00:00,1.42,1.63,179.74,0.27,34.72,0.03,1,Good
Medan,2026-03-26 08:00:00,1.32,1.52,176.3,0.27,31.8,0.03,1,Good
Medan,2026-03-26 09:00:00,1.25,1.45,174.36,0.26,29.48,0.03,1,Good
Medan,2026-03-26 10:00:00,1.28,1.67,170.1,0.34,21.76,0.05,1,Good
Medan,2026-03-26 11:00:00,1.39,2.14,166.38,0.45,13.78,0.07,1,Good
Medan,2026-03-26 12:00:00,1.52,2.62,164.34,0.5,10.05,0.08,1,Good
Medan,2026-03-26 13:00:00,1.72,3.05,162.33,0.55,8.48,0.1,1,Good
Medan,2026-03-26 14:00:00,1.89,3.51,160.7,0.57,7.36,0.11,1,Good
Medan,2026-03-26 15:00:00,1.98,3.73,158.71,0.58,7.62,0.11,1,Good
Medan,2026-03-26 16:00:00,1.96,3.63,156.18,0.56,8.16,0.1,1,Good
Medan,2026-03-26 17:00:00,1.99,3.63,152.59,0.51,6.24,0.07,1,Good
Medan,2026-03-26 18:00:00,2.03,3.63,150.37,0.47,5.19,0.05,1,Good
Medan,2026-03-26 19:00:00,2.02,3.54,147.5,0.42,4.81,0.04,1,Good
Medan,2026-03-26 20:00:00,2.04,3.47,143.65,0.39,3.89,0.04,1,Good
Medan,2026-03-26 21:00:00,2.1,3.28,141.36,0.38,3.31,0.04,1,Good
Medan,2026-03-26 22:00:00,2.2,3.2,140.67,0.37,3.16,0.04,1,Good
Medan,2026-03-26 23:00:00,2.27,3.12,140.54,0.37,3.12,0.04,1,Good
Medan,2026-03-27 00:00:00,2.38,3.23,142.48,0.4,3.02,0.06,1,Good
Medan,2026-03-27 01:00:00,2.54,3.58,147.05,0.42,3.19,0.08,1,Good
Medan,2026-03-27 02:00:00,2.64,4.09,152.31,0.43,4.3,0.09,1,Good
Medan,2026-03-27 03:00:00,2.72,4.33,158.56,0.43,7.39,0.09,1,Good
Medan,2026-03-27 04:00:00,0.98,1.33,166.0,0.21,22.37,0.02,1,Good
Medan,2026-03-27 05:00:00,0.71,0.93,162.74,0.17,22.17,0.02,1,Good
Medan,2026-03-27 06:00:00,0.64,0.83,159.51,0.16,21.44,0.02,1,Good
Medan,2026-03-27 07:00:00,0.55,0.7,157.03,0.14,19.98,0.02,1,Good
Medan,2026-03-27 08:00:00,0.54,0.64,153.61,0.12,18.07,0.02,1,Good
Medan,2026-03-27 09:00:00,0.53,0.63,151.54,0.11,16.92,0.02,1,Good
Medan,2026-03-27 10:00:00,0.58,0.81,150.3,0.2,14.23,0.04,1,Good
Medan,2026-03-27 11:00:00,0.68,1.24,149.36,0.33,11.18,0.06,1,Good
Medan,2026-03-27 12:00:00,0.8,1.72,149.95,0.39,9.17,0.07,1,Good
Medan,2026-03-27 13:00:00,1.03,2.28,147.3,0.44,6.11,0.09,1,Good
Medan,2026-03-27 14:00:00,1.29,2.93,145.16,0.5,3.52,0.1,1,Good
Medan,2026-03-27 15:00:00,1.54,3.62,143.86,0.56,2.5,0.12,1,Good
Medan,2026-03-27 16:00:00,1.73,4.08,142.82,0.61,2.23,0.13,1,Good
Medan,2026-03-27 17:00:00,1.82,3.97,139.8,0.58,2.03,0.11,1,Good
Medan,2026-03-27 18:00:00,1.87,3.78,135.58,0.51,1.8,0.08,1,Good
Medan,2026-03-27 19:00:00,1.86,3.51,130.81,0.45,1.92,0.06,1,Good
Medan,2026-03-27 20:00:00,1.84,3.31,126.7,0.41,1.94,0.05,1,Good
Medan,2026-03-27 21:00:00,1.83,3.09,123.28,0.39,2.0,0.04,1,Good
Medan,2026-03-27 22:00:00,1.77,2.89,121.77,0.37,2.38,0.04,1,Good
Medan,2026-03-27 23:00:00,1.73,2.71,119.93,0.35,2.28,0.04,1,Good
Medan,2026-03-28 00:00:00,1.82,2.83,119.98,0.37,2.05,0.05,1,Good
Medan,2026-03-28 01:00:00,1.98,3.18,122.7,0.39,1.84,0.07,1,Good
Medan,2026-03-28 02:00:00,2.06,3.48,125.66,0.38,2.02,0.07,1,Good
Medan,2026-03-28 03:00:00,1.98,3.32,129.44,0.38,3.32,0.06,1,Good
Medan,2026-03-28 04:00:00,0.85,1.25,148.7,0.21,12.05,0.02,1,Good
Medan,2026-03-28 05:00:00,0.7,1.03,148.17,0.19,10.8,0.02,1,Good
Medan,2026-03-28 06:00:00,0.61,0.92,146.1,0.18,9.29,0.02,1,Good
Medan,2026-03-28 07:00:00,0.55,0.78,142.78,0.16,8.58,0.02,1,Good
Medan,2026-03-28 08:00:00,0.55,0.7,141.28,0.15,8.43,0.02,1,Good
Medan,2026-03-28 09:00:00,0.54,0.69,139.95,0.16,8.4,0.02,1,Good
Medan,2026-03-28 10:00:00,0.57,0.79,137.88,0.2,6.95,0.03,1,Good
Medan,2026-03-28 11:00:00,0.63,1.02,135.4,0.26,4.84,0.04,1,Good
Medan,2026-03-28 12:00:00,0.71,1.25,133.93,0.3,3.59,0.05,1,Good
Medan,2026-03-28 13:00:00,0.79,1.47,132.92,0.32,2.74,0.05,1,Good
Medan,2026-03-28 14:00:00,0.93,1.7,134.07,0.33,2.19,0.05,1,Good
Medan,2026-03-28 15:00:00,1.08,1.85,136.27,0.34,1.95,0.05,1,Good
Medan,2026-03-28 16:00:00,1.24,2.13,135.59,0.36,1.34,0.05,1,Good
Medan,2026-03-28 17:00:00,1.37,2.38,131.88,0.38,0.92,0.05,1,Good
Medan,2026-03-28 18:00:00,1.46,2.53,128.86,0.42,1.03,0.04,1,Good
Medan,2026-03-28 19:00:00,1.52,2.66,128.27,0.48,1.28,0.05,1,Good
Medan,2026-03-28 20:00:00,1.58,2.78,126.84,0.51,1.26,0.05,1,Good
Medan,2026-03-28 21:00:00,1.63,2.91,124.72,0.53,1.24,0.06,1,Good
Medan,2026-03-28 22:00:00,1.58,2.92,122.87,0.52,1.28,0.05,1,Good
Medan,2026-03-28 23:00:00,1.48,2.77,121.64,0.47,1.31,0.05,1,Good
Medan,2026-03-29 00:00:00,1.42,2.77,124.2,0.46,1.49,0.06,1,Good
Medan,2026-03-29 01:00:00,1.4,2.83,131.16,0.4,2.07,0.07,1,Good
Medan,2026-03-29 02:00:00,1.39,2.9,134.74,0.31,2.55,0.07,1,Good
Medan,2026-03-29 03:00:00,1.36,2.83,135.73,0.28,3.82,0.06,1,Good
Medan,2026-03-29 04:00:00,0.66,0.97,135.37,0.11,9.72,0.02,1,Good
Medan,2026-03-29 05:00:00,0.56,0.77,133.42,0.08,10.37,0.02,1,Good
Medan,2026-03-29 06:00:00,0.51,0.68,131.91,0.07,10.7,0.02,1,Good
Medan,2026-03-29 07:00:00,0.5,0.5,117.25,0.05,10.98,0.02,1,Good
Medan,2026-03-29 08:00:00,0.5,0.5,111.01,0.06,10.5,0.02,1,Good
Medan,2026-03-29 09:00:00,0.5,0.52,109.42,0.07,10.05,0.02,1,Good
Medan,2026-03-29 10:00:00,0.5,0.72,108.14,0.15,7.17,0.03,1,Good
Medan,2026-03-29 11:00:00,0.55,1.07,107.34,0.25,4.43,0.05,1,Good
Medan,2026-03-29 12:00:00,0.66,1.53,107.74,0.37,3.16,0.08,1,Good
Medan,2026-03-29 13:00:00,0.77,2.06,108.39,0.51,2.31,0.12,1,Good
Medan,2026-03-29 14:00:00,0.89,2.67,107.41,0.53,1.48,0.12,1,Good
Medan,2026-03-29 15:00:00,1.04,3.1,106.25,0.5,1.11,0.1,1,Good
Medan,2026-03-29 16:00:00,1.14,3.3,104.26,0.46,1.02,0.08,1,Good
Medan,2026-03-29 17:00:00,1.2,3.32,102.46,0.43,0.91,0.06,1,Good
Medan,2026-03-29 18:00:00,1.28,3.34,101.43,0.42,0.85,0.06,1,Good
Medan,2026-03-29 19:00:00,1.34,3.26,100.0,0.41,0.84,0.05,1,Good
Medan,2026-03-29 20:00:00,1.41,3.34,98.77,0.4,0.88,0.05,1,Good
Medan,2026-03-29 21:00:00,1.48,3.38,98.66,0.4,1.07,0.05,1,Good
Medan,2026-03-29 22:00:00,1.52,3.39,99.91,0.4,1.24,0.05,1,Good
Medan,2026-03-29 23:00:00,1.59,3.47,101.74,0.39,1.09,0.05,1,Good
Medan,2026-03-30 00:00:00,1.72,3.71,105.92,0.4,1.06,0.06,1,Good
Medan,2026-03-30 01:00:00,1.72,3.72,111.53,0.35,1.59,0.08,1,Good
Medan,2026-03-30 02:00:00,1.6,3.67,113.56,0.33,2.26,0.09,1,Good
Medan,2026-03-30 03:00:00,1.46,3.41,112.23,0.36,3.54,0.09,1,Good
Medan,2026-03-30 04:00:00,0.5,0.61,103.37,0.1,10.17,0.05,1,Good
Medan,2026-03-30 05:00:00,0.5,0.52,99.99,0.07,10.73,0.04,1,Good
Medan,2026-03-30 06:00:00,0.5,0.51,99.49,0.06,10.79,0.05,1,Good
Medan,2026-03-30 07:00:00,0.5,0.52,100.27,0.07,10.76,0.05,1,Good
Medan,2026-03-30 08:00:00,0.5,0.56,101.07,0.07,10.53,0.05,1,Good
Medan,2026-03-30 09:00:00,0.5,0.6,102.21,0.09,10.35,0.05,1,Good
Medan,2026-03-30 10:00:00,0.55,0.84,103.21,0.19,8.07,0.06,1,Good
Medan,2026-03-30 11:00:00,0.67,1.31,104.95,0.31,5.51,0.07,1,Good
Medan,2026-03-30 12:00:00,0.79,1.84,107.11,0.39,3.99,0.09,1,Good
Medan,2026-03-30 13:00:00,0.95,2.45,108.69,0.48,2.78,0.12,1,Good
Medan,2026-03-30 14:00:00,1.21,3.24,110.27,0.53,1.85,0.13,1,Good
Medan,2026-03-30 15:00:00,1.44,3.88,111.34,0.55,1.35,0.12,1,Good
Medan,2026-03-30 16:00:00,1.62,4.24,110.63,0.55,1.12,0.11,1,Good
Medan,2026-03-30 17:00:00,1.72,4.23,108.82,0.52,1.05,0.08,1,Good
Medan,2026-03-30 18:00:00,1.8,3.88,106.48,0.48,1.04,0.06,1,Good
Medan,2026-03-30 19:00:00,1.77,3.32,103.93,0.43,1.06,0.05,1,Good
Medan,2026-03-30 20:00:00,1.71,2.95,102.37,0.39,1.23,0.04,1,Good
Medan,2026-03-30 21:00:00,1.61,2.67,101.75,0.36,1.65,0.04,1,Good
Medan,2026-03-30 22:00:00,1.48,2.43,102.6,0.33,2.4,0.04,1,Good
Medan,2026-03-30 23:00:00,1.41,2.38,103.63,0.3,2.62,0.04,1,Good
Medan,2026-03-31 00:00:00,1.48,2.55,106.21,0.31,2.67,0.05,1,Good
Medan,2026-03-31 01:00:00,1.56,2.89,110.45,0.35,3.09,0.08,1,Good
Medan,2026-03-31 02:00:00,1.57,3.13,113.51,0.37,3.76,0.1,1,Good
Medan,2026-03-31 03:00:00,1.49,3.01,115.08,0.38,5.09,0.11,1,Good
Medan,2026-03-31 04:00:00,0.75,1.09,113.39,0.24,11.16,0.2,1,Good
Medan,2026-03-31 05:00:00,0.73,0.92,111.5,0.2,12.23,0.19,1,Good
Medan,2026-03-31 06:00:00,0.75,0.94,111.4,0.18,12.96,0.18,1,Good
Medan,2026-03-31 07:00:00,0.78,0.98,111.94,0.16,13.2,0.16,1,Good
Medan,2026-03-31 08:00:00,0.81,1.03,112.11,0.15,12.59,0.14,1,Good
Medan,2026-03-31 09:00:00,0.84,1.09,112.44,0.17,11.91,0.13,1,Good
Medan,2026-03-31 10:00:00,0.92,1.39,112.25,0.25,9.11,0.1,1,Good
Medan,2026-03-31 11:00:00,1.07,1.81,113.32,0.36,6.13,0.1,1,Good
Medan,2026-03-31 12:00:00,1.28,2.18,116.45,0.46,4.5,0.11,1,Good
Medan,2026-03-31 13:00:00,1.56,2.64,120.75,0.57,3.38,0.14,1,Good
Medan,2026-03-31 14:00:00,1.89,3.15,124.67,0.61,2.37,0.13,1,Good
Medan,2026-03-31 15:00:00,2.2,3.68,127.56,0.59,1.75,0.12,1,Good
Medan,2026-03-31 16:00:00,2.46,4.1,128.67,0.56,1.53,0.1,1,Good
Medan,2026-03-31 17:00:00,2.57,4.08,128.51,0.52,1.77,0.07,1,Good
Medan,2026-03-31 18:00:00,2.58,3.86,127.14,0.47,2.32,0.05,1,Good
Medan,2026-03-31 19:00:00,2.48,3.55,123.53,0.4,2.73,0.04,1,Good
Medan,2026-03-31 20:00:00,2.42,3.41,119.23,0.37,2.66,0.04,1,Good
Medan,2026-03-31 21:00:00,2.43,3.42,116.82,0.39,2.75,0.04,1,Good
Medan,2026-03-31 22:00:00,2.41,3.36,117.38,0.44,2.62,0.05,1,Good
Medan,2026-03-31 23:00:00,2.38,3.31,116.96,0.47,1.96,0.06,1,Good
Medan,2026-04-01 00:00:00,2.45,3.55,117.05,0.49,1.5,0.09,1,Good
Medan,2026-04-01 01:00:00,2.44,3.83,118.84,0.41,1.4,0.1,1,Good
Medan,2026-04-01 02:00:00,2.41,4.17,120.27,0.33,1.94,0.1,1,Good
Medan,2026-04-01 03:00:00,2.37,4.27,121.69,0.36,3.89,0.09,1,Good
Medan,2026-04-01 04:00:00,1.59,2.37,129.02,0.28,13.81,0.07,1,Good
Medan,2026-04-01 05:00:00,1.53,2.16,129.93,0.26,15.33,0.07,1,Good
Medan,2026-04-01 06:00:00,1.5,2.08,128.46,0.24,15.64,0.07,1,Good
Medan,2026-04-01 07:00:00,1.47,1.92,130.3,0.24,16.9,0.07,1,Good
Medan,2026-04-01 08:00:00,1.46,1.92,129.33,0.24,15.08,0.07,1,Good
Medan,2026-04-01 09:00:00,1.51,2.02,130.58,0.25,13.63,0.07,1,Good
Medan,2026-04-01 10:00:00,1.62,2.35,130.08,0.3,10.1,0.07,1,Good
Medan,2026-04-01 11:00:00,1.77,2.77,129.51,0.37,6.67,0.08,1,Good
Medan,2026-04-01 12:00:00,1.98,3.2,130.66,0.41,4.91,0.09,1,Good
Medan,2026-04-01 13:00:00,2.24,3.58,131.71,0.42,3.86,0.1,1,Good
Medan,2026-04-01 14:00:00,2.45,3.75,132.5,0.41,3.01,0.09,1,Good
Medan,2026-04-01 15:00:00,2.59,3.77,132.24,0.39,2.73,0.09,1,Good
Medan,2026-04-01 16:00:00,2.68,3.74,131.93,0.38,3.1,0.08,1,Good
Medan,2026-04-01 17:00:00,2.8,3.81,131.56,0.37,3.07,0.06,1,Good
Medan,2026-04-01 18:00:00,2.96,3.98,133.08,0.41,3.6,0.06,1,Good
Medan,2026-04-01 19:00:00,3.12,4.17,135.12,0.45,4.35,0.07,1,Good
Medan,2026-04-01 20:00:00,3.27,4.34,133.18,0.42,4.19,0.06,1,Good
Medan,2026-04-01 21:00:00,3.46,4.54,132.45,0.37,3.68,0.05,1,Good
Medan,2026-04-01 22:00:00,3.68,4.85,133.85,0.32,3.25,0.04,1,Good
Medan,2026-04-01 23:00:00,3.92,5.22,137.03,0.31,2.98,0.04,1,Good
Medan,2026-04-02 00:00:00,4.23,5.61,144.0,0.36,3.2,0.06,1,Good
Medan,2026-04-02 01:00:00,4.42,6.06,155.37,0.38,5.1,0.08,1,Good
Medan,2026-04-02 02:00:00,4.44,6.45,163.81,0.34,7.2,0.09,1,Good
Medan,2026-04-02 03:00:00,4.49,6.6,169.25,0.31,11.25,0.09,1,Good
Medan,2026-04-02 04:00:00,4.21,4.65,192.5,0.25,39.8,0.09,1,Good
Medan,2026-04-02 05:00:00,4.48,4.77,192.68,0.21,44.84,0.08,1,Good
Medan,2026-04-02 06:00:00,5.05,5.32,192.68,0.2,45.59,0.08,1,Good
Medan,2026-04-02 07:00:00,5.62,5.89,191.78,0.2,44.53,0.08,1,Good
Medan,2026-04-02 08:00:00,5.85,6.12,186.41,0.21,41.18,0.08,1,Good
Medan,2026-04-02 09:00:00,5.67,5.95,179.66,0.23,37.66,0.08,1,Good
Medan,2026-04-02 10:00:00,5.17,5.5,170.7,0.28,32.17,0.08,1,Good
Medan,2026-04-02 11:00:00,4.73,5.19,164.43,0.31,25.88,0.08,1,Good
Medan,2026-04-02 12:00:00,4.47,5.06,161.69,0.32,21.69,0.07,1,Good
Medan,2026-04-02 13:00:00,4.4,5.17,160.07,0.33,16.69,0.08,1,Good
Medan,2026-04-02 14:00:00,4.51,5.53,159.23,0.34,12.28,0.08,1,Good
Medan,2026-04-02 15:00:00,4.59,5.8,157.7,0.35,9.89,0.09,1,Good
Medan,2026-04-02 16:00:00,4.67,6.04,154.21,0.36,7.56,0.1,1,Good
Medan,2026-04-02 17:00:00,4.68,5.86,148.75,0.34,5.61,0.08,1,Good
Medan,2026-04-02 18:00:00,4.62,5.6,143.46,0.32,5.02,0.07,1,Good
Medan,2026-04-02 19:00:00,4.43,5.25,138.48,0.31,4.97,0.07,1,Good
Medan,2026-04-02 20:00:00,4.2,4.89,135.04,0.29,5.07,0.07,1,Good
Medan,2026-04-02 21:00:00,4.02,4.63,133.49,0.27,5.71,0.06,1,Good
Medan,2026-04-02 22:00:00,3.94,4.54,133.16,0.27,7.0,0.06,1,Good
Medan,2026-04-02 23:00:00,4.0,4.7,132.68,0.3,7.97,0.06,1,Good
Medan,2026-04-03 00:00:00,4.2,5.31,136.0,0.38,8.74,0.1,1,Good
Medan,2026-04-03 01:00:00,4.45,6.0,142.0,0.48,9.52,0.14,1,Good
Medan,2026-04-03 02:00:00,4.41,6.11,143.59,0.46,9.92,0.14,1,Good
Medan,2026-04-03 03:00:00,3.98,5.44,143.79,0.37,11.55,0.1,1,Good
Medan,2026-04-03 04:00:00,2.95,3.29,158.79,0.27,33.55,0.05,1,Good
Medan,2026-04-03 05:00:00,2.62,2.85,155.92,0.24,35.79,0.04,1,Good
Medan,2026-04-03 06:00:00,2.21,2.38,149.16,0.22,34.48,0.03,1,Good
Medan,2026-04-03 07:00:00,1.8,1.94,142.06,0.22,31.82,0.03,1,Good
Medan,2026-04-03 08:00:00,1.46,1.59,135.1,0.23,28.8,0.03,1,Good
Medan,2026-04-03 09:00:00,1.17,1.29,129.68,0.24,26.4,0.03,1,Good
Medan,2026-04-03 10:00:00,0.96,1.17,124.6,0.29,21.9,0.04,1,Good
Medan,2026-04-03 11:00:00,0.83,1.18,120.18,0.34,16.83,0.05,1,Good
Medan,2026-04-03 12:00:00,0.8,1.24,116.93,0.35,13.45,0.05,1,Good
Medan,2026-04-03 13:00:00,0.85,1.53,113.79,0.35,9.61,0.06,1,Good
Medan,2026-04-03 14:00:00,0.93,1.94,111.28,0.34,6.35,0.07,1,Good
Medan,2026-04-03 15:00:00,0.98,2.21,108.24,0.33,4.73,0.07,1,Good
Medan,2026-04-03 16:00:00,1.01,2.28,104.05,0.33,3.85,0.07,1,Good
Medan,2026-04-03 17:00:00,0.99,2.1,99.33,0.33,3.16,0.06,1,Good
Medan,2026-04-03 18:00:00,0.96,2.01,94.78,0.31,2.54,0.05,1,Good
Medan,2026-04-03 19:00:00,0.92,1.94,90.55,0.29,2.14,0.04,1,Good
Medan,2026-04-03 20:00:00,0.9,1.9,86.63,0.26,1.88,0.03,1,Good
Medan,2026-04-03 21:00:00,0.87,1.88,84.18,0.24,1.91,0.03,1,Good
Medan,2026-04-03 22:00:00,0.89,1.87,82.72,0.23,2.03,0.02,1,Good
Medan,2026-04-03 23:00:00,0.95,1.89,81.12,0.22,1.57,0.03,1,Good
Medan,2026-04-04 00:00:00,1.07,2.11,81.08,0.24,1.27,0.04,1,Good
Medan,2026-04-04 01:00:00,1.22,2.43,82.33,0.26,1.12,0.06,1,Good
Medan,2026-04-04 02:00:00,1.3,2.73,83.49,0.27,1.27,0.06,1,Good
Medan,2026-04-04 03:00:00,1.27,2.67,85.58,0.31,2.35,0.06,1,Good
Medan,2026-04-04 04:00:00,0.5,0.64,101.4,0.21,14.09,0.02,1,Good
Medan,2026-04-04 05:00:00,0.5,0.56,101.67,0.17,14.66,0.01,1,Good
Medan,2026-04-04 06:00:00,0.5,0.54,100.66,0.15,14.36,0.02,1,Good
Medan,2026-04-04 07:00:00,0.5,0.55,99.48,0.13,13.79,0.02,1,Good
Medan,2026-04-04 08:00:00,0.5,0.59,98.28,0.13,12.81,0.02,1,Good
Medan,2026-04-04 09:00:00,0.5,0.64,98.35,0.14,12.04,0.02,1,Good
Medan,2026-04-04 10:00:00,0.53,0.83,97.12,0.2,8.7,0.04,1,Good
Medan,2026-04-04 11:00:00,0.61,1.11,95.6,0.25,5.22,0.05,1,Good
Medan,2026-04-04 12:00:00,0.69,1.45,94.93,0.31,3.42,0.07,1,Good
Medan,2026-04-04 13:00:00,0.78,1.84,94.17,0.36,2.38,0.08,1,Good
Medan,2026-04-04 14:00:00,0.87,2.31,93.67,0.37,1.7,0.08,1,Good
Medan,2026-04-04 15:00:00,1.01,2.83,93.43,0.39,1.52,0.08,1,Good
Medan,2026-04-04 16:00:00,1.08,3.04,93.92,0.43,1.72,0.09,1,Good
Medan,2026-04-04 17:00:00,1.09,2.93,95.49,0.49,2.07,0.09,1,Good
Medan,2026-04-04 18:00:00,1.09,2.61,96.97,0.52,2.33,0.09,1,Good
Medan,2026-04-04 19:00:00,1.09,2.36,97.85,0.54,2.46,0.09,1,Good
Medan,2026-04-04 20:00:00,1.12,2.24,96.67,0.55,2.36,0.08,1,Good
Medan,2026-04-04 21:00:00,1.15,2.16,94.02,0.5,1.93,0.07,1,Good
Medan,2026-04-04 22:00:00,1.2,2.16,91.64,0.45,1.48,0.06,1,Good
Medan,2026-04-04 23:00:00,1.26,2.16,92.72,0.5,1.56,0.07,1,Good
Medan,2026-04-05 00:00:00,1.34,2.35,95.96,0.56,1.78,0.09,1,Good
Medan,2026-04-05 01:00:00,1.4,2.64,99.69,0.47,2.38,0.12,1,Good
Medan,2026-04-05 02:00:00,1.35,2.86,99.51,0.43,3.55,0.12,1,Good
Medan,2026-04-05 03:00:00,1.22,2.7,96.94,0.43,4.93,0.1,1,Good
Medan,2026-04-05 04:00:00,0.5,0.57,98.26,0.13,12.23,0.02,1,Good
Medan,2026-04-05 05:00:00,0.5,0.5,98.76,0.09,12.14,0.01,1,Good
Medan,2026-04-05 06:00:00,0.5,0.5,99.17,0.08,11.56,0.02,1,Good
Medan,2026-04-05 07:00:00,0.5,0.5,99.11,0.08,10.71,0.02,1,Good
Medan,2026-04-05 08:00:00,0.5,0.56,99.59,0.09,9.86,0.02,1,Good
Medan,2026-04-05 09:00:00,0.5,0.6,100.15,0.09,9.43,0.02,1,Good
Medan,2026-04-05 10:00:00,0.5,0.75,99.47,0.14,7.13,0.03,1,Good
Medan,2026-04-05 11:00:00,0.54,0.98,97.55,0.21,4.52,0.04,1,Good
Medan,2026-04-05 12:00:00,0.61,1.28,95.87,0.26,3.13,0.06,1,Good
Medan,2026-04-05 13:00:00,0.68,1.52,94.19,0.3,2.5,0.07,1,Good
Medan,2026-04-05 14:00:00,0.73,1.67,93.2,0.3,2.28,0.06,1,Good
Medan,2026-04-05 15:00:00,0.77,1.84,92.73,0.28,2.23,0.06,1,Good
Medan,2026-04-05 16:00:00,0.8,1.98,92.0,0.26,2.26,0.05,1,Good
Medan,2026-04-05 17:00:00,0.8,1.95,91.17,0.25,2.43,0.04,1,Good
Medan,2026-04-05 18:00:00,0.8,1.92,91.12,0.23,2.76,0.03,1,Good
Medan,2026-04-05 19:00:00,0.8,1.85,91.45,0.22,3.32,0.03,1,Good
Medan,2026-04-05 20:00:00,0.8,1.78,91.4,0.21,3.61,0.03,1,Good
Medan,2026-04-05 21:00:00,0.77,1.71,91.16,0.2,3.9,0.03,1,Good
Medan,2026-04-05 22:00:00,0.74,1.62,91.51,0.21,4.1,0.04,1,Good
Medan,2026-04-05 23:00:00,0.77,1.58,92.1,0.21,3.86,0.04,1,Good
Medan,2026-04-06 00:00:00,0.84,1.62,94.16,0.23,3.78,0.06,1,Good
Medan,2026-04-07 01:00:00,1.14,2.86,95.46,0.28,2.29,0.07,1,Good
Medan,2026-04-07 02:00:00,1.11,2.96,99.71,0.23,3.28,0.08,1,Good
Medan,2026-04-07 03:00:00,1.05,2.83,102.63,0.22,5.48,0.07,1,Good
Medan,2026-04-07 04:00:00,0.5,0.54,114.37,0.06,16.05,0.02,1,Good
Medan,2026-04-07 05:00:00,0.5,0.5,117.27,0.05,17.12,0.01,1,Good
Medan,2026-04-07 06:00:00,0.5,0.5,116.69,0.04,16.8,0.02,1,Good
Medan,2026-04-07 07:00:00,0.5,0.5,117.23,0.05,16.32,0.02,1,Good
Medan,2026-04-07 08:00:00,0.5,0.53,117.53,0.06,15.79,0.02,1,Good
Medan,2026-04-07 09:00:00,0.5,0.57,118.76,0.07,15.41,0.02,1,Good
Medan,2026-04-07 10:00:00,0.5,0.8,118.55,0.15,13.07,0.04,1,Good
Medan,2026-04-07 11:00:00,0.59,1.18,118.57,0.24,10.55,0.05,1,Good
Medan,2026-04-07 12:00:00,0.7,1.55,118.94,0.29,8.95,0.06,1,Good
Medan,2026-04-07 13:00:00,0.81,1.94,117.71,0.35,6.52,0.08,1,Good
Medan,2026-04-07 14:00:00,0.92,2.43,118.57,0.48,4.37,0.13,1,Good
Medan,2026-04-07 15:00:00,1.02,2.75,121.34,0.62,3.28,0.16,1,Good
Medan,2026-04-07 16:00:00,1.16,2.76,124.03,0.73,2.91,0.18,1,Good
Medan,2026-04-07 17:00:00,1.22,2.57,123.87,0.73,2.95,0.15,1,Good
Medan,2026-04-07 18:00:00,1.21,2.26,122.85,0.6,3.26,0.1,1,Good
Medan,2026-04-07 19:00:00,1.18,2.01,119.37,0.39,2.93,0.05,1,Good
Medan,2026-04-07 20:00:00,1.23,2.08,114.66,0.3,1.98,0.04,1,Good
Medan,2026-04-07 21:00:00,1.28,2.26,110.81,0.27,1.76,0.04,1,Good
Medan,2026-04-07 22:00:00,1.32,2.42,108.46,0.3,1.95,0.04,1,Good
Medan,2026-04-07 23:00:00,1.33,2.58,107.35,0.29,2.25,0.04,1,Good
Medan,2026-04-08 00:00:00,1.35,2.87,109.17,0.31,2.81,0.06,1,Good
Medan,2026-04-08 01:00:00,1.33,3.11,113.51,0.33,3.74,0.08,1,Good
Medan,2026-04-08 02:00:00,1.25,3.14,117.5,0.3,4.84,0.08,1,Good
Medan,2026-04-08 03:00:00,1.12,2.83,120.25,0.26,7.01,0.08,1,Good
Medan,2026-04-08 04:00:00,0.5,0.71,129.79,0.1,17.39,0.04,1,Good
Medan,2026-04-08 05:00:00,0.5,0.56,129.59,0.08,18.4,0.04,1,Good
Medan,2026-04-08 06:00:00,0.5,0.56,130.07,0.07,18.56,0.05,1,Good
Medan,2026-04-08 07:00:00,0.5,0.61,131.52,0.08,18.22,0.05,1,Good
Medan,2026-04-08 08:00:00,0.53,0.68,132.76,0.09,17.04,0.05,1,Good
Medan,2026-04-08 09:00:00,0.55,0.75,134.01,0.11,15.69,0.05,1,Good
Medan,2026-04-08 10:00:00,0.61,0.99,132.14,0.18,11.46,0.05,1,Good
Medan,2026-04-08 11:00:00,0.71,1.41,130.39,0.26,7.56,0.06,1,Good
Medan,2026-04-08 12:00:00,0.84,1.75,129.84,0.29,5.79,0.07,1,Good
Medan,2026-04-08 13:00:00,1.01,2.05,128.7,0.32,4.64,0.08,1,Good
Medan,2026-04-08 14:00:00,1.14,2.32,127.3,0.34,3.6,0.08,1,Good
Medan,2026-04-08 15:00:00,1.22,2.5,125.2,0.35,2.86,0.08,1,Good
Medan,2026-04-08 16:00:00,1.26,2.69,121.64,0.35,2.27,0.07,1,Good
Medan,2026-04-08 17:00:00,1.24,2.58,116.46,0.32,1.83,0.05,1,Good
Medan,2026-04-08 18:00:00,1.19,2.38,111.96,0.29,1.87,0.04,1,Good
Medan,2026-04-08 19:00:00,1.16,2.26,108.24,0.25,2.02,0.03,1,Good
Medan,2026-04-08 20:00:00,1.16,2.26,105.98,0.23,1.81,0.03,1,Good
Medan,2026-04-08 21:00:00,1.18,2.17,106.4,0.22,2.27,0.03,1,Good
Medan,2026-04-08 22:00:00,1.17,2.05,109.27,0.22,3.22,0.03,1,Good
Medan,2026-04-08 23:00:00,1.18,2.01,110.87,0.22,3.27,0.03,1,Good
Medan,2026-04-09 00:00:00,1.27,2.23,113.51,0.25,3.06,0.05,1,Good
Medan,2026-04-09 01:00:00,1.38,2.65,116.8,0.26,2.97,0.07,1,Good
Medan,2026-04-09 02:00:00,1.4,3.0,119.07,0.23,3.4,0.07,1,Good
Medan,2026-04-09 03:00:00,1.39,3.02,119.6,0.23,5.02,0.07,1,Good
Medan,2026-04-09 04:00:00,0.52,0.73,135.08,0.07,15.02,0.02,1,Good
Medan,2026-04-09 05:00:00,0.52,0.66,136.42,0.07,14.18,0.02,1,Good
Medan,2026-04-09 06:00:00,0.53,0.67,138.28,0.08,13.34,0.02,1,Good
Medan,2026-04-09 07:00:00,0.53,0.69,139.45,0.09,12.23,0.02,1,Good
Medan,2026-04-09 08:00:00,0.52,0.74,139.07,0.09,10.85,0.02,1,Good
Medan,2026-04-09 09:00:00,0.52,0.79,138.36,0.1,9.85,0.03,1,Good
Medan,2026-04-09 10:00:00,0.57,1.01,136.26,0.16,7.58,0.04,1,Good
Medan,2026-04-09 11:00:00,0.68,1.34,134.5,0.23,5.53,0.05,1,Good
Medan,2026-04-09 12:00:00,0.81,1.62,133.77,0.27,4.51,0.06,1,Good
Medan,2026-04-09 13:00:00,1.0,2.09,131.82,0.31,3.1,0.08,1,Good
Medan,2026-04-09 14:00:00,1.2,2.56,128.81,0.37,2.18,0.09,1,Good
Medan,2026-04-09 15:00:00,1.36,2.91,127.53,0.43,2.05,0.11,1,Good
Medan,2026-04-09 16:00:00,1.42,2.95,127.08,0.47,2.07,0.12,1,Good
Medan,2026-04-09 17:00:00,1.36,2.63,122.27,0.43,1.68,0.08,1,Good
Medan,2026-04-09 18:00:00,1.28,2.29,117.64,0.36,1.2,0.05,1,Good
Medan,2026-04-09 19:00:00,1.21,2.02,113.58,0.28,0.92,0.03,1,Good
Medan,2026-04-09 20:00:00,1.17,1.91,109.74,0.24,0.95,0.03,1,Good
Medan,2026-04-09 21:00:00,1.16,1.88,107.54,0.23,1.16,0.03,1,Good
Medan,2026-04-09 22:00:00,1.2,1.94,107.13,0.22,1.52,0.03,1,Good
Medan,2026-04-09 23:00:00,1.26,2.04,107.62,0.23,1.78,0.03,1,Good
Medan,2026-04-10 00:00:00,1.37,2.35,110.8,0.26,2.12,0.05,1,Good
Medan,2026-04-10 01:00:00,1.42,2.74,116.19,0.27,2.93,0.07,1,Good
Medan,2026-04-10 02:00:00,1.35,2.95,119.54,0.25,4.09,0.08,1,Good
Medan,2026-04-10 03:00:00,1.23,2.79,120.55,0.23,6.42,0.07,1,Good
Medan,2026-04-10 04:00:00,0.5,0.54,123.93,0.06,19.36,0.02,1,Good
Medan,2026-04-10 05:00:00,0.5,0.5,121.0,0.05,20.42,0.01,1,Good
Medan,2026-04-10 06:00:00,0.5,0.5,118.86,0.05,20.15,0.02,1,Good
Medan,2026-04-10 07:00:00,0.5,0.5,118.94,0.06,19.78,0.02,1,Good
Medan,2026-04-10 08:00:00,0.5,0.52,119.03,0.06,19.01,0.02,1,Good
Medan,2026-04-10 09:00:00,0.5,0.54,119.03,0.07,18.31,0.02,1,Good
Medan,2026-04-10 10:00:00,0.5,0.79,117.74,0.17,13.64,0.04,1,Good
Medan,2026-04-10 11:00:00,0.56,1.36,116.33,0.3,8.52,0.07,1,Good
Medan,2026-04-10 12:00:00,0.67,2.05,115.94,0.37,6.04,0.09,1,Good
Medan,2026-04-10 13:00:00,0.77,2.59,115.6,0.41,4.78,0.1,1,Good
Medan,2026-04-10 14:00:00,0.91,2.82,115.66,0.4,4.11,0.09,1,Good
Medan,2026-04-10 15:00:00,1.03,2.89,115.47,0.37,3.63,0.08,1,Good
Medan,2026-04-10 16:00:00,1.14,2.9,113.37,0.34,2.83,0.07,1,Good
Medan,2026-04-10 17:00:00,1.22,2.89,109.71,0.31,2.0,0.05,1,Good
Medan,2026-04-10 18:00:00,1.28,2.87,105.87,0.28,1.6,0.04,1,Good
Medan,2026-04-10 19:00:00,1.33,2.85,103.04,0.26,1.59,0.03,1,Good
Medan,2026-04-10 20:00:00,1.36,2.86,100.96,0.27,1.74,0.04,1,Good
Medan,2026-04-10 21:00:00,1.41,2.93,99.83,0.3,1.9,0.04,1,Good
Medan,2026-04-10 22:00:00,1.46,3.06,98.7,0.31,2.01,0.04,1,Good
Medan,2026-04-10 23:00:00,1.49,3.07,97.41,0.29,2.11,0.04,1,Good
Medan,2026-04-11 00:00:00,1.52,3.09,98.7,0.28,2.66,0.04,1,Good
Medan,2026-04-11 01:00:00,1.48,2.95,101.05,0.23,3.84,0.05,1,Good
Medan,2026-04-11 02:00:00,1.5,2.99,102.57,0.19,4.37,0.05,1,Good
Medan,2026-04-11 03:00:00,1.4,2.74,105.77,0.16,6.77,0.05,1,Good
Medan,2026-04-11 04:00:00,0.5,0.6,120.68,0.08,18.82,0.02,1,Good
Medan,2026-04-11 05:00:00,0.5,0.5,120.37,0.08,19.77,0.01,1,Good
Medan,2026-04-11 06:00:00,0.5,0.5,119.82,0.09,19.96,0.01,1,Good
Medan,2026-04-11 07:00:00,0.5,0.51,120.74,0.11,20.08,0.02,1,Good
Medan,2026-04-11 08:00:00,0.5,0.55,120.7,0.12,19.7,0.02,1,Good
Medan,2026-04-11 09:00:00,0.5,0.6,120.48,0.13,19.13,0.02,1,Good
Medan,2026-04-11 10:00:00,0.5,0.81,118.21,0.17,15.92,0.03,1,Good
Medan,2026-04-11 11:00:00,0.57,1.14,116.6,0.26,11.94,0.05,1,Good
Medan,2026-04-11 12:00:00,0.65,1.55,116.17,0.34,9.34,0.07,1,Good
Medan,2026-04-11 13:00:00,0.74,2.1,115.37,0.4,6.89,0.09,1,Good
Medan,2026-04-11 14:00:00,0.87,2.61,114.09,0.38,4.74,0.08,1,Good
Medan,2026-04-11 15:00:00,1.03,2.95,113.16,0.35,3.64,0.07,1,Good
Medan,2026-04-11 16:00:00,1.15,3.13,110.77,0.31,2.91,0.06,1,Good
Medan,2026-04-11 17:00:00,1.24,3.2,107.69,0.29,2.25,0.04,1,Good
Medan,2026-04-11 18:00:00,1.32,3.24,104.71,0.28,2.02,0.04,1,Good
Medan,2026-04-11 19:00:00,1.39,3.26,102.3,0.27,2.04,0.03,1,Good
Medan,2026-04-11 20:00:00,1.46,3.24,101.01,0.27,2.16,0.03,1,Good
Medan,2026-04-11 21:00:00,1.53,3.28,100.31,0.27,2.3,0.03,1,Good
Medan,2026-04-11 22:00:00,1.6,3.35,99.98,0.27,2.39,0.03,1,Good
Medan,2026-04-11 23:00:00,1.66,3.44,99.08,0.28,2.28,0.03,1,Good
Medan,2026-04-12 00:00:00,1.78,3.73,99.2,0.29,2.22,0.05,1,Good
Medan,2026-04-12 01:00:00,1.86,3.98,100.29,0.2,2.83,0.06,1,Good
Medan,2026-04-12 02:00:00,1.83,3.92,100.88,0.22,4.02,0.06,1,Good
Medan,2026-04-12 03:00:00,1.68,3.47,101.37,0.24,6.06,0.06,1,Good
Medan,2026-04-12 04:00:00,0.6,0.95,120.28,0.13,18.63,0.03,1,Good
Medan,2026-04-12 05:00:00,0.5,0.74,118.39,0.11,18.12,0.03,1,Good
Medan,2026-04-12 06:00:00,0.5,0.73,116.43,0.11,17.02,0.03,1,Good
Medan,2026-04-12 07:00:00,0.5,0.75,115.65,0.11,16.41,0.03,1,Good
Medan,2026-04-12 08:00:00,0.5,0.73,114.6,0.1,15.95,0.03,1,Good
Medan,2026-04-12 09:00:00,0.5,0.69,113.9,0.09,15.79,0.02,1,Good
Medan,2026-04-12 10:00:00,0.52,0.77,112.23,0.13,13.17,0.03,1,Good
Medan,2026-04-12 11:00:00,0.57,0.94,110.95,0.19,9.47,0.04,1,Good
Medan,2026-04-12 12:00:00,0.63,1.17,110.52,0.23,6.97,0.04,1,Good
Medan,2026-04-12 13:00:00,0.7,1.54,109.05,0.26,4.66,0.05,1,Good
Medan,2026-04-12 14:00:00,0.83,2.09,107.59,0.28,2.87,0.06,1,Good
Medan,2026-04-12 15:00:00,1.0,2.66,106.63,0.29,2.0,0.06,1,Good
Medan,2026-04-12 16:00:00,1.15,3.08,104.68,0.3,1.43,0.06,1,Good
Medan,2026-04-12 17:00:00,1.27,3.29,101.23,0.29,0.97,0.05,1,Good
Medan,2026-04-12 18:00:00,1.38,3.24,98.28,0.28,0.78,0.04,1,Good
Medan,2026-04-12 19:00:00,1.46,2.96,95.3,0.26,0.75,0.03,1,Good
Medan,2026-04-12 20:00:00,1.51,2.75,92.64,0.25,0.86,0.03,1,Good
Medan,2026-04-12 21:00:00,1.54,2.63,90.4,0.24,1.08,0.03,1,Good
Medan,2026-04-12 22:00:00,1.54,2.52,89.13,0.24,1.46,0.03,1,Good
Medan,2026-04-12 23:00:00,1.54,2.48,89.44,0.27,1.78,0.04,1,Good
Medan,2026-04-13 00:00:00,1.64,2.73,92.76,0.32,2.08,0.07,1,Good
Medan,2026-04-13 01:00:00,1.73,3.15,97.05,0.32,2.5,0.1,1,Good
Medan,2026-04-13 02:00:00,1.66,3.31,98.85,0.31,2.95,0.09,1,Good
Medan,2026-04-13 03:00:00,1.41,2.87,100.45,0.32,4.42,0.08,1,Good
Medan,2026-04-13 04:00:00,0.58,0.89,109.61,0.14,13.72,0.05,1,Good
Medan,2026-04-13 05:00:00,0.59,0.95,108.69,0.14,13.1,0.06,1,Good
Medan,2026-04-13 06:00:00,0.63,1.08,109.31,0.17,12.51,0.07,1,Good
Medan,2026-04-13 07:00:00,0.66,1.15,108.94,0.19,11.14,0.07,1,Good
Medan,2026-04-13 08:00:00,0.68,1.22,107.83,0.2,9.0,0.07,1,Good
Medan,2026-04-13 09:00:00,0.74,1.4,108.43,0.24,7.61,0.08,1,Good
Medan,2026-04-13 10:00:00,0.84,1.81,108.88,0.3,6.37,0.09,1,Good
Medan,2026-04-13 11:00:00,0.96,2.33,110.04,0.43,5.12,0.11,1,Good
Medan,2026-04-13 12:00:00,1.09,2.65,113.26,0.6,4.38,0.16,1,Good
Medan,2026-04-13 13:00:00,1.26,3.08,116.97,0.77,3.34,0.22,1,Good
Medan,2026-04-13 14:00:00,1.51,3.71,119.46,0.91,2.51,0.27,1,Good
Medan,2026-04-13 15:00:00,1.74,4.35,121.44,1.0,2.25,0.31,1,Good
Medan,2026-04-13 16:00:00,1.79,4.37,122.76,1.05,2.21,0.31,1,Good
Medan,2026-04-13 17:00:00,1.7,3.95,120.14,0.95,1.98,0.23,1,Good
Medan,2026-04-13 18:00:00,1.6,3.48,116.83,0.76,1.78,0.14,1,Good
Medan,2026-04-13 19:00:00,1.42,2.92,113.78,0.56,2.11,0.08,1,Good
Medan,2026-04-13 20:00:00,1.27,2.49,111.53,0.45,2.49,0.06,1,Good
Medan,2026-04-13 21:00:00,1.18,2.22,111.52,0.41,2.99,0.05,1,Good
Medan,2026-04-13 22:00:00,1.14,2.08,113.36,0.4,3.36,0.06,1,Good
Medan,2026-04-13 23:00:00,1.14,2.0,113.35,0.36,3.14,0.05,1,Good
Medan,2026-04-14 00:00:00,1.22,2.19,115.49,0.35,2.88,0.06,1,Good
Medan,2026-04-14 01:00:00,1.32,2.51,118.83,0.33,2.69,0.07,1,Good
Medan,2026-04-14 02:00:00,1.37,2.81,121.34,0.32,2.99,0.08,1,Good
Medan,2026-04-14 03:00:00,1.33,2.79,122.38,0.35,4.32,0.07,1,Good
Medan,2026-04-14 04:00:00,0.55,0.75,121.02,0.2,14.9,0.02,1,Good
Medan,2026-04-14 05:00:00,0.53,0.72,119.68,0.19,15.27,0.02,1,Good
Medan,2026-04-14 06:00:00,0.54,0.74,118.35,0.18,14.78,0.03,1,Good
Medan,2026-04-14 07:00:00,0.55,0.75,116.5,0.17,13.85,0.03,1,Good
Medan,2026-04-14 08:00:00,0.55,0.76,114.32,0.17,12.71,0.03,1,Good
Medan,2026-04-14 09:00:00,0.57,0.79,113.48,0.17,11.98,0.03,1,Good
Medan,2026-04-14 10:00:00,0.62,0.95,112.54,0.21,10.41,0.04,1,Good
Medan,2026-04-14 11:00:00,0.69,1.19,112.17,0.27,8.74,0.05,1,Good
Medan,2026-04-14 12:00:00,0.79,1.38,113.18,0.3,7.8,0.06,1,Good
Medan,2026-04-14 13:00:00,0.92,1.69,114.08,0.38,6.21,0.09,1,Good
Medan,2026-04-14 14:00:00,1.07,2.23,116.62,0.54,4.85,0.14,1,Good
Medan,2026-04-14 15:00:00,1.24,2.7,120.03,0.69,4.14,0.19,1,Good
Medan,2026-04-14 16:00:00,1.44,3.13,123.19,0.82,3.73,0.22,1,Good
Medan,2026-04-14 17:00:00,1.59,3.31,123.68,0.88,3.41,0.22,1,Good
Medan,2026-04-14 18:00:00,1.74,3.41,122.96,0.82,3.06,0.18,1,Good
Medan,2026-04-14 19:00:00,1.85,3.49,121.54,0.6,2.25,0.1,1,Good
Medan,2026-04-14 20:00:00,1.89,3.46,120.61,0.5,2.02,0.07,1,Good
Medan,2026-04-14 21:00:00,1.91,3.38,120.89,0.47,2.32,0.06,1,Good
Medan,2026-04-14 22:00:00,1.88,3.25,120.55,0.44,2.75,0.05,1,Good
Medan,2026-04-14 23:00:00,1.93,3.45,117.35,0.39,2.09,0.05,1,Good
Medan,2026-04-15 00:00:00,2.08,3.91,116.92,0.4,1.77,0.07,1,Good
Medan,2026-04-15 01:00:00,2.27,4.46,118.81,0.33,1.86,0.09,1,Good
Medan,2026-04-15 02:00:00,2.43,4.73,122.66,0.33,2.55,0.09,1,Good
Medan,2026-04-15 03:00:00,2.54,4.69,129.22,0.41,4.91,0.08,1,Good
Medan,2026-04-15 04:00:00,1.34,2.02,137.59,0.31,16.02,0.04,1,Good
Medan,2026-04-15 05:00:00,1.13,1.61,134.66,0.24,16.36,0.04,1,Good
Medan,2026-04-15 06:00:00,1.05,1.45,130.71,0.21,15.81,0.04,1,Good
Medan,2026-04-15 07:00:00,0.93,1.31,124.05,0.17,13.53,0.03,1,Good
Medan,2026-04-15 08:00:00,0.9,1.38,117.53,0.15,10.49,0.04,1,Good
Medan,2026-04-15 09:00:00,0.92,1.52,113.56,0.17,9.1,0.05,1,Good
Medan,2026-04-15 10:00:00,1.0,1.78,111.32,0.23,7.63,0.06,1,Good
Medan,2026-04-15 11:00:00,1.12,2.12,110.12,0.3,5.49,0.07,1,Good
Medan,2026-04-15 12:00:00,1.29,2.39,111.31,0.34,3.99,0.07,1,Good
Medan,2026-04-15 13:00:00,1.52,2.76,114.18,0.36,2.61,0.08,1,Good
Medan,2026-04-15 14:00:00,1.78,3.25,116.51,0.36,1.41,0.09,1,Good
Medan,2026-04-15 15:00:00,1.98,3.57,117.3,0.34,0.8,0.08,1,Good
Medan,2026-04-15 16:00:00,2.2,4.03,116.67,0.33,0.53,0.08,1,Good
Medan,2026-04-15 17:00:00,2.37,4.25,115.16,0.34,0.5,0.06,1,Good
Medan,2026-04-15 18:00:00,2.51,4.35,113.82,0.35,0.73,0.05,1,Good
Medan,2026-04-15 19:00:00,2.62,4.39,112.12,0.34,0.95,0.05,1,Good
Medan,2026-04-15 20:00:00,2.74,4.5,110.58,0.31,0.85,0.04,1,Good
Medan,2026-04-15 21:00:00,2.92,4.61,110.93,0.31,0.77,0.04,1,Good
Medan,2026-04-15 22:00:00,3.12,4.66,112.36,0.31,0.79,0.05,1,Good
Medan,2026-04-15 23:00:00,3.29,4.71,113.5,0.32,0.96,0.05,1,Good
Medan,2026-04-16 00:00:00,3.48,4.92,116.2,0.36,1.37,0.07,1,Good
Medan,2026-04-16 01:00:00,3.36,4.84,121.96,0.41,2.41,0.09,1,Good
Medan,2026-04-16 02:00:00,3.03,4.69,127.46,0.41,3.69,0.11,1,Good
Medan,2026-04-16 03:00:00,2.68,4.23,130.34,0.38,5.87,0.12,1,Good
Medan,2026-04-16 04:00:00,1.62,2.16,138.97,0.31,18.45,0.14,1,Good
Medan,2026-04-16 05:00:00,1.45,1.9,136.07,0.27,19.23,0.12,1,Good
Medan,2026-04-16 06:00:00,1.4,1.82,135.03,0.26,18.87,0.11,1,Good
Medan,2026-04-16 07:00:00,1.35,1.78,132.78,0.24,16.81,0.1,1,Good
Medan,2026-04-16 08:00:00,1.35,1.82,130.34,0.23,14.11,0.09,1,Good
Medan,2026-04-16 09:00:00,1.36,1.88,128.74,0.22,12.09,0.08,1,Good
Medan,2026-04-16 10:00:00,1.42,2.11,125.76,0.26,8.55,0.08,1,Good
Medan,2026-04-16 11:00:00,1.54,2.46,123.12,0.33,5.43,0.08,1,Good
Medan,2026-04-16 12:00:00,1.69,2.77,121.32,0.37,3.93,0.09,1,Good
Medan,2026-04-16 13:00:00,1.92,3.16,120.97,0.43,3.13,0.11,1,Good
Medan,2026-04-16 14:00:00,2.17,3.54,120.53,0.43,2.28,0.11,1,Good
Medan,2026-04-16 15:00:00,2.38,3.97,118.89,0.41,1.73,0.11,1,Good
Medan,2026-04-16 16:00:00,2.52,4.44,116.89,0.4,1.51,0.1,1,Good
Medan,2026-04-16 17:00:00,2.62,4.6,114.36,0.37,1.34,0.07,1,Good
Medan,2026-04-16 18:00:00,2.75,4.69,114.41,0.35,1.48,0.05,1,Good
Medan,2026-04-16 19:00:00,2.67,4.39,114.58,0.33,1.91,0.04,1,Good
Medan,2026-04-16 20:00:00,2.55,4.1,113.68,0.31,2.08,0.04,1,Good
Medan,2026-04-16 21:00:00,2.54,3.93,113.99,0.31,2.56,0.04,1,Good
Medan,2026-04-16 22:00:00,2.65,3.87,116.06,0.34,3.21,0.04,1,Good
Medan,2026-04-16 23:00:00,2.77,3.8,117.15,0.35,3.22,0.05,1,Good
Medan,2026-04-17 00:00:00,2.99,3.97,120.14,0.38,3.0,0.07,1,Good
Medan,2026-04-17 01:00:00,3.22,4.39,125.08,0.38,3.23,0.1,1,Good
Medan,2026-04-17 02:00:00,3.33,4.85,130.2,0.4,4.27,0.11,1,Good
Medan,2026-04-17 03:00:00,3.27,4.79,135.61,0.41,6.62,0.12,1,Good
Medan,2026-04-17 04:00:00,2.11,2.43,147.08,0.4,24.74,0.17,1,Good
Medan,2026-04-17 05:00:00,1.72,1.94,139.64,0.32,25.85,0.16,1,Good
Medan,2026-04-17 06:00:00,1.69,1.89,135.45,0.3,25.87,0.17,1,Good
Medan,2026-04-17 07:00:00,1.86,2.09,133.81,0.3,24.75,0.16,1,Good
Medan,2026-04-17 08:00:00,2.13,2.42,133.85,0.3,22.51,0.14,1,Good
Medan,2026-04-17 09:00:00,2.28,2.64,134.92,0.31,20.24,0.13,1,Good
Medan,2026-04-17 10:00:00,2.4,3.0,133.83,0.35,14.48,0.1,1,Good
Medan,2026-04-17 11:00:00,2.59,3.5,132.96,0.41,9.22,0.1,1,Good
Medan,2026-04-17 12:00:00,2.8,4.01,133.97,0.5,6.7,0.13,1,Good
Medan,2026-04-17 13:00:00,3.06,4.53,135.51,0.63,5.02,0.18,1,Good
Medan,2026-04-17 14:00:00,3.33,4.96,134.5,0.62,3.63,0.17,1,Good
Medan,2026-04-17 15:00:00,3.57,5.28,132.27,0.56,3.35,0.15,1,Good
Medan,2026-04-17 16:00:00,3.56,5.15,129.14,0.51,3.48,0.12,1,Good
Medan,2026-04-17 17:00:00,3.39,4.64,125.43,0.44,2.72,0.08,1,Good
Medan,2026-04-17 18:00:00,3.2,4.13,121.55,0.37,1.84,0.05,1,Good
Medan,2026-04-17 19:00:00,2.9,3.61,117.1,0.31,1.36,0.03,1,Good
Medan,2026-04-17 20:00:00,2.65,3.25,114.32,0.28,1.5,0.03,1,Good
Medan,2026-04-17 21:00:00,2.55,3.12,114.29,0.29,2.12,0.03,1,Good
Medan,2026-04-17 22:00:00,2.63,3.22,117.06,0.32,2.91,0.04,1,Good
Medan,2026-04-17 23:00:00,2.77,3.41,119.34,0.32,2.97,0.04,1,Good
Medan,2026-04-18 00:00:00,2.93,3.74,121.8,0.33,2.88,0.05,1,Good
Medan,2026-04-18 01:00:00,2.93,3.98,124.82,0.3,3.19,0.07,1,Good
Medan,2026-04-18 02:00:00,2.8,4.1,126.31,0.27,4.54,0.07,1,Good
Medan,2026-04-18 03:00:00,2.69,4.01,126.76,0.25,7.56,0.07,1,Good
Medan,2026-04-18 04:00:00,2.03,2.36,138.29,0.19,25.92,0.06,1,Good
Medan,2026-04-18 05:00:00,1.78,2.05,131.86,0.17,25.2,0.07,1,Good
Medan,2026-04-18 06:00:00,1.72,1.99,127.3,0.18,24.05,0.09,1,Good
Medan,2026-04-18 07:00:00,1.75,2.03,123.33,0.18,22.14,0.11,1,Good
Medan,2026-04-18 08:00:00,1.84,2.17,121.28,0.19,19.65,0.11,1,Good
Medan,2026-04-18 09:00:00,1.94,2.34,121.43,0.21,17.6,0.1,1,Good
Medan,2026-04-18 10:00:00,2.04,2.57,121.03,0.25,13.32,0.09,1,Good
Medan,2026-04-18 11:00:00,2.14,2.82,120.95,0.3,8.81,0.08,1,Good
Medan,2026-04-18 12:00:00,2.28,3.03,123.1,0.32,6.15,0.08,1,Good
Medan,2026-04-18 13:00:00,2.5,3.36,125.2,0.34,4.09,0.08,1,Good
Medan,2026-04-18 14:00:00,2.72,3.75,124.68,0.35,2.42,0.08,1,Good
Medan,2026-04-18 15:00:00,2.88,4.14,122.26,0.34,1.56,0.08,1,Good
Medan,2026-04-18 16:00:00,3.01,4.48,119.07,0.35,1.25,0.08,1,Good
Medan,2026-04-18 17:00:00,3.13,4.61,116.13,0.32,1.15,0.06,1,Good
Medan,2026-04-18 18:00:00,3.24,4.52,114.74,0.29,1.23,0.04,1,Good
Medan,2026-04-18 19:00:00,3.3,4.3,113.33,0.28,1.24,0.03,1,Good
Medan,2026-04-18 20:00:00,3.36,4.25,113.28,0.27,1.3,0.03,1,Good
Medan,2026-04-18 21:00:00,3.47,4.29,116.41,0.29,1.93,0.03,1,Good
Medan,2026-04-18 22:00:00,3.6,4.39,121.74,0.32,2.91,0.03,1,Good
Medan,2026-04-18 23:00:00,3.7,4.48,123.95,0.31,2.84,0.03,1,Good
Medan,2026-04-19 00:00:00,3.84,4.73,125.72,0.31,2.62,0.05,1,Good
Medan,2026-04-19 01:00:00,3.94,5.01,129.84,0.26,3.19,0.06,1,Good
Medan,2026-04-19 02:00:00,3.91,5.23,135.6,0.28,4.68,0.06,1,Good
Medan,2026-04-19 03:00:00,3.81,5.07,144.4,0.29,8.21,0.06,1,Good
Medan,2026-04-19 04:00:00,3.22,3.73,166.59,0.28,22.53,0.05,1,Good
Medan,2026-04-19 05:00:00,3.09,3.63,158.68,0.24,17.99,0.05,1,Good
Medan,2026-04-19 06:00:00,3.01,3.6,149.6,0.22,15.35,0.05,1,Good
Medan,2026-04-19 07:00:00,2.95,3.54,143.11,0.22,15.0,0.06,1,Good
Medan,2026-04-19 08:00:00,2.86,3.44,137.8,0.21,14.27,0.05,1,Good
Medan,2026-04-19 09:00:00,2.72,3.23,135.54,0.19,14.39,0.04,1,Good
Medan,2026-04-19 10:00:00,2.63,3.13,134.71,0.21,13.15,0.04,1,Good
Medan,2026-04-19 11:00:00,2.68,3.36,132.23,0.28,9.52,0.05,1,Good
Medan,2026-04-19 12:00:00,2.73,3.54,130.93,0.34,7.42,0.06,1,Good
Medan,2026-04-19 13:00:00,2.83,3.78,128.89,0.39,5.35,0.08,1,Good
Medan,2026-04-19 14:00:00,2.96,4.06,125.94,0.38,3.21,0.08,1,Good
Medan,2026-04-19 15:00:00,3.08,4.26,123.15,0.36,1.96,0.07,1,Good
Medan,2026-04-19 16:00:00,3.19,4.55,121.33,0.34,1.32,0.07,1,Good
Medan,2026-04-19 17:00:00,3.3,4.76,121.68,0.34,1.11,0.06,1,Good
Medan,2026-04-19 18:00:00,3.43,5.01,124.79,0.34,1.19,0.05,1,Good
Medan,2026-04-19 19:00:00,3.56,5.09,128.91,0.34,1.43,0.05,1,Good
Medan,2026-04-19 20:00:00,3.69,4.95,132.52,0.32,1.81,0.04,1,Good
Medan,2026-04-19 21:00:00,3.82,4.86,136.46,0.31,2.56,0.04,1,Good
Medan,2026-04-19 22:00:00,3.87,4.7,140.93,0.3,3.7,0.03,1,Good
Medan,2026-04-19 23:00:00,3.86,4.68,143.68,0.29,4.24,0.03,1,Good
Medan,2026-04-20 00:00:00,3.87,4.86,145.23,0.31,4.66,0.05,1,Good
Medan,2026-04-20 01:00:00,3.8,5.06,147.5,0.28,5.45,0.07,1,Good
Medan,2026-04-20 02:00:00,3.6,5.11,148.76,0.3,6.81,0.08,1,Good
Medan,2026-04-20 03:00:00,3.23,4.7,148.47,0.31,9.43,0.07,1,Good
Medan,2026-04-20 04:00:00,1.02,1.25,121.05,0.13,20.21,0.02,1,Good
Medan,2026-04-20 05:00:00,0.7,0.82,114.45,0.11,20.67,0.02,1,Good
Medan,2026-04-20 06:00:00,0.67,0.76,114.97,0.12,20.74,0.02,1,Good
Medan,2026-04-20 07:00:00,0.7,0.94,111.7,0.17,15.42,0.03,1,Good
Medan,2026-04-20 08:00:00,0.78,1.37,107.51,0.23,9.64,0.05,1,Good
Medan,2026-04-20 09:00:00,0.9,1.79,106.18,0.3,7.65,0.07,1,Good
Medan,2026-04-20 10:00:00,0.99,2.02,105.62,0.42,7.76,0.1,1,Good
Medan,2026-04-20 11:00:00,1.04,2.09,106.18,0.44,6.87,0.09,1,Good
Medan,2026-04-20 12:00:00,1.08,2.23,108.47,0.41,6.15,0.09,1,Good
Medan,2026-04-20 13:00:00,1.15,2.35,111.2,0.39,5.52,0.08,1,Good
Medan,2026-04-20 14:00:00,1.19,2.31,113.7,0.37,5.07,0.07,1,Good
Medan,2026-04-20 15:00:00,1.18,2.11,114.99,0.35,5.1,0.06,1,Good
Medan,2026-04-20 16:00:00,1.17,1.91,115.71,0.32,5.3,0.05,1,Good
Medan,2026-04-20 17:00:00,1.2,1.8,117.59,0.3,4.79,0.04,1,Good
Medan,2026-04-20 18:00:00,1.26,1.76,120.85,0.29,4.45,0.03,1,Good
Medan,2026-04-20 19:00:00,1.34,1.82,122.86,0.27,3.87,0.03,1,Good
Medan,2026-04-20 20:00:00,1.45,1.98,121.54,0.25,2.95,0.03,1,Good
Medan,2026-04-20 21:00:00,1.6,2.19,120.75,0.26,2.5,0.03,1,Good
Medan,2026-04-20 22:00:00,1.76,2.45,121.4,0.28,2.52,0.03,1,Good
Medan,2026-04-20 23:00:00,1.88,2.65,122.8,0.29,2.56,0.03,1,Good
Medan,2026-04-21 00:00:00,2.0,3.02,126.61,0.32,2.9,0.05,1,Good
Medan,2026-04-21 01:00:00,2.08,3.32,132.9,0.36,3.84,0.07,1,Good
Medan,2026-04-21 02:00:00,2.1,3.57,136.83,0.36,4.5,0.08,1,Good
Medan,2026-04-21 03:00:00,2.04,3.57,138.01,0.33,6.12,0.08,1,Good
Medan,2026-04-21 04:00:00,1.58,2.57,140.79,0.24,12.25,0.06,1,Good
Medan,2026-04-21 05:00:00,1.44,2.24,139.36,0.2,11.97,0.04,1,Good
Medan,2026-04-21 06:00:00,1.25,1.83,140.33,0.19,12.5,0.04,1,Good
Medan,2026-04-21 07:00:00,0.97,1.29,144.14,0.19,15.52,0.03,1,Good
Medan,2026-04-21 08:00:00,0.84,1.13,140.71,0.19,15.0,0.03,1,Good
Medan,2026-04-21 09:00:00,0.8,1.1,139.16,0.21,14.42,0.03,1,Good
Medan,2026-04-21 10:00:00,0.87,1.42,137.28,0.27,10.62,0.05,1,Good
Medan,2026-04-21 11:00:00,1.02,1.95,133.51,0.36,6.54,0.07,1,Good
Medan,2026-04-21 12:00:00,1.2,2.47,131.44,0.42,4.59,0.1,1,Good
Medan,2026-04-21 13:00:00,1.43,3.05,131.95,0.48,3.99,0.12,1,Good
Medan,2026-04-21 14:00:00,1.67,3.57,133.15,0.5,3.82,0.13,1,Good
Medan,2026-04-21 15:00:00,1.87,3.94,134.86,0.51,3.79,0.14,1,Good
Medan,2026-04-21 16:00:00,2.03,4.1,136.2,0.53,3.87,0.14,1,Good
Medan,2026-04-21 17:00:00,2.13,3.95,134.07,0.49,3.33,0.12,1,Good
Medan,2026-04-21 18:00:00,2.25,3.93,131.24,0.41,2.47,0.08,1,Good
Medan,2026-04-21 19:00:00,2.35,3.87,127.85,0.32,1.75,0.05,1,Good
Medan,2026-04-21 20:00:00,2.47,3.8,126.14,0.27,1.46,0.04,1,Good
Medan,2026-04-21 21:00:00,2.64,3.8,127.52,0.26,1.48,0.04,1,Good
Medan,2026-04-21 22:00:00,2.8,3.84,131.51,0.27,1.72,0.04,1,Good
Medan,2026-04-21 23:00:00,2.97,3.94,136.73,0.28,2.01,0.04,1,Good
Medan,2026-04-22 00:00:00,3.22,4.31,144.53,0.33,2.45,0.06,1,Good
Medan,2026-04-22 01:00:00,3.43,4.77,154.17,0.36,3.4,0.08,1,Good
Medan,2026-04-22 02:00:00,3.45,5.08,160.41,0.34,4.97,0.08,1,Good
Medan,2026-04-22 03:00:00,3.37,5.06,162.16,0.31,7.97,0.08,1,Good
Medan,2026-04-22 04:00:00,2.05,2.43,171.93,0.22,28.74,0.05,1,Good
Medan,2026-04-22 05:00:00,1.69,1.95,156.86,0.17,29.08,0.04,1,Good
Medan,2026-04-22 06:00:00,1.6,1.83,147.93,0.16,28.08,0.05,1,Good
Medan,2026-04-22 07:00:00,1.57,1.79,140.62,0.16,26.22,0.05,1,Good
Medan,2026-04-22 08:00:00,1.54,1.77,133.36,0.15,23.83,0.04,1,Good
Medan,2026-04-22 09:00:00,1.53,1.76,128.8,0.15,22.45,0.04,1,Good
Medan,2026-04-22 10:00:00,1.6,1.98,125.25,0.2,17.66,0.05,1,Good
Medan,2026-04-22 11:00:00,1.75,2.42,123.38,0.29,12.49,0.06,1,Good
Medan,2026-04-22 12:00:00,1.92,2.85,123.21,0.35,9.82,0.07,1,Good
Medan,2026-04-22 13:00:00,2.05,3.13,123.17,0.37,7.74,0.08,1,Good
Medan,2026-04-22 14:00:00,2.14,3.32,123.45,0.38,5.59,0.08,1,Good
Medan,2026-04-22 15:00:00,2.18,3.42,122.52,0.37,4.4,0.08,1,Good
Medan,2026-04-22 16:00:00,2.19,3.43,121.38,0.36,3.87,0.07,1,Good
Medan,2026-04-22 17:00:00,2.12,3.2,120.54,0.33,4.13,0.05,1,Good
Medan,2026-04-22 18:00:00,2.03,2.93,120.73,0.3,5.27,0.04,1,Good
Medan,2026-04-22 19:00:00,1.86,2.52,121.59,0.26,8.77,0.03,1,Good
Medan,2026-04-22 20:00:00,1.8,2.41,118.99,0.24,7.85,0.03,1,Good
Medan,2026-04-22 21:00:00,1.75,2.34,117.6,0.24,7.51,0.03,1,Good
Medan,2026-04-22 22:00:00,1.75,2.41,116.93,0.25,6.26,0.03,1,Good
Medan,2026-04-22 23:00:00,1.8,2.63,116.3,0.25,4.35,0.03,1,Good
Medan,2026-04-23 00:00:00,1.94,3.15,117.23,0.29,3.23,0.05,1,Good
Medan,2026-04-23 01:00:00,2.09,3.66,120.77,0.31,2.95,0.07,1,Good
Medan,2026-04-23 02:00:00,2.13,3.81,123.81,0.33,3.51,0.07,1,Good
Medan,2026-04-23 03:00:00,2.01,3.47,126.51,0.32,5.83,0.07,1,Good
Medan,2026-04-23 04:00:00,1.15,1.49,125.06,0.17,21.2,0.03,1,Good
Medan,2026-04-23 05:00:00,0.89,1.12,115.6,0.13,21.24,0.03,1,Good
Medan,2026-04-23 06:00:00,0.81,1.0,110.3,0.11,20.55,0.03,1,Good
Medan,2026-04-23 07:00:00,0.77,0.91,106.87,0.12,19.35,0.03,1,Good
Medan,2026-04-23 08:00:00,0.75,0.88,103.59,0.13,17.64,0.03,1,Good
Medan,2026-04-23 09:00:00,0.75,0.91,102.34,0.14,16.46,0.03,1,Good
Medan,2026-04-23 10:00:00,0.77,1.21,100.89,0.2,13.03,0.05,1,Good
Medan,2026-04-23 11:00:00,0.92,1.69,100.42,0.29,10.42,0.07,1,Good
Medan,2026-04-23 12:00:00,1.08,2.19,102.33,0.36,9.53,0.1,1,Good
Medan,2026-04-23 13:00:00,1.25,2.68,105.55,0.41,8.8,0.13,1,Good
Medan,2026-04-23 14:00:00,1.41,3.06,106.92,0.44,7.56,0.14,1,Good
Medan,2026-04-23 15:00:00,1.54,3.23,106.94,0.43,5.82,0.14,1,Good
Medan,2026-04-23 16:00:00,1.59,3.07,105.03,0.39,3.78,0.09,1,Good
Medan,2026-04-23 17:00:00,1.63,2.95,103.17,0.36,2.69,0.06,1,Good
Medan,2026-04-23 18:00:00,1.66,2.88,102.69,0.31,3.29,0.05,1,Good
Medan,2026-04-23 19:00:00,1.72,2.84,103.38,0.26,4.35,0.04,1,Good
Medan,2026-04-23 20:00:00,1.76,2.8,103.02,0.23,3.12,0.03,1,Good
Medan,2026-04-23 21:00:00,1.78,2.7,103.51,0.21,2.93,0.03,1,Good
Medan,2026-04-23 22:00:00,1.82,2.62,105.76,0.22,3.59,0.03,1,Good
Medan,2026-04-23 23:00:00,1.89,2.69,107.71,0.24,3.59,0.03,1,Good
Medan,2026-04-24 00:00:00,2.03,2.98,111.37,0.28,3.45,0.05,1,Good
Medan,2026-04-24 01:00:00,2.17,3.36,116.28,0.3,3.7,0.07,1,Good
Medan,2026-04-24 02:00:00,2.23,3.72,119.82,0.36,4.72,0.08,1,Good
Medan,2026-04-24 03:00:00,2.22,3.87,120.27,0.41,6.4,0.09,1,Good
Medan,2026-04-24 04:00:00,0.91,1.27,122.51,0.26,21.86,0.07,1,Good
Medan,2026-04-24 05:00:00,0.86,1.07,118.94,0.22,20.91,0.07,1,Good
Medan,2026-04-24 06:00:00,0.88,1.1,117.74,0.21,20.04,0.07,1,Good
Medan,2026-04-24 07:00:00,0.88,1.09,114.77,0.2,17.84,0.07,1,Good
Medan,2026-04-24 08:00:00,0.87,1.16,111.71,0.2,14.97,0.07,1,Good
Medan,2026-04-24 09:00:00,0.88,1.26,110.69,0.21,13.17,0.07,1,Good
Medan,2026-04-24 10:00:00,0.95,1.65,109.68,0.31,9.83,0.1,1,Good
Medan,2026-04-24 11:00:00,1.14,2.33,110.39,0.55,7.86,0.16,1,Good
Medan,2026-04-24 12:00:00,1.4,3.07,115.21,0.79,7.05,0.23,1,Good
Medan,2026-04-24 13:00:00,1.72,3.74,123.75,1.0,7.26,0.29,1,Good
Medan,2026-04-24 14:00:00,2.0,4.04,131.59,1.11,7.6,0.31,1,Good
Medan,2026-04-24 15:00:00,2.21,4.18,136.52,1.03,6.83,0.26,1,Good
Medan,2026-04-24 16:00:00,2.37,4.17,138.67,0.75,4.52,0.16,1,Good
Medan,2026-04-24 17:00:00,2.52,4.09,139.56,0.62,3.31,0.12,1,Good
Medan,2026-04-24 18:00:00,2.65,3.98,139.59,0.56,3.12,0.1,1,Good
Medan,2026-04-24 19:00:00,2.76,3.93,138.74,0.51,3.09,0.08,1,Good
Medan,2026-04-24 20:00:00,2.86,3.96,137.71,0.44,3.08,0.07,1,Good
Medan,2026-04-24 21:00:00,2.96,4.08,138.75,0.39,3.57,0.05,1,Good
Medan,2026-04-24 22:00:00,3.02,4.17,141.87,0.37,4.46,0.05,1,Good
Medan,2026-04-24 23:00:00,3.03,4.21,142.96,0.38,4.59,0.05,1,Good
Medan,2026-04-25 00:00:00,3.09,4.43,143.89,0.43,4.6,0.07,1,Good
Medan,2026-04-25 01:00:00,3.1,4.71,145.87,0.41,5.48,0.1,1,Good
Medan,2026-04-25 02:00:00,3.0,4.83,143.75,0.35,6.46,0.1,1,Good
Medan,2026-04-25 03:00:00,2.79,4.51,141.14,0.32,8.57,0.09,1,Good
Medan,2026-04-25 04:00:00,1.61,2.07,159.85,0.28,25.99,0.08,1,Good
Medan,2026-04-25 05:00:00,1.52,1.87,156.19,0.25,26.7,0.08,1,Good
Medan,2026-04-25 06:00:00,1.56,1.87,151.86,0.24,26.25,0.08,1,Good
Medan,2026-04-25 07:00:00,1.63,1.97,145.16,0.24,22.74,0.08,1,Good
Medan,2026-04-25 08:00:00,1.69,2.11,139.63,0.24,18.02,0.07,1,Good
Medan,2026-04-25 09:00:00,1.7,2.22,137.67,0.26,14.86,0.07,1,Good
Medan,2026-04-25 10:00:00,1.73,2.45,136.57,0.31,11.19,0.07,1,Good
Medan,2026-04-25 11:00:00,1.8,2.72,135.65,0.36,8.21,0.08,1,Good
Medan,2026-04-25 12:00:00,1.85,2.88,135.92,0.38,6.53,0.08,1,Good
Medan,2026-04-25 13:00:00,1.95,3.03,136.66,0.42,5.11,0.1,1,Good
Medan,2026-04-25 14:00:00,2.1,3.21,138.71,0.5,4.4,0.12,1,Good
Medan,2026-04-25 15:00:00,2.27,3.45,143.18,0.6,4.59,0.15,1,Good
Medan,2026-04-25 16:00:00,2.44,3.73,147.57,0.68,5.0,0.17,1,Good
Medan,2026-04-25 17:00:00,2.56,3.87,148.58,0.65,4.79,0.14,1,Good
Medan,2026-04-25 18:00:00,2.66,3.95,148.56,0.55,4.11,0.1,1,Good
Medan,2026-04-25 19:00:00,2.74,4.01,147.35,0.44,2.99,0.07,1,Good
Medan,2026-04-25 20:00:00,2.83,4.02,145.28,0.37,2.19,0.05,1,Good
Medan,2026-04-25 21:00:00,2.93,4.0,144.25,0.35,1.9,0.05,1,Good
Medan,2026-04-25 22:00:00,3.01,3.95,144.8,0.34,1.88,0.04,1,Good
Medan,2026-04-25 23:00:00,3.07,3.93,147.62,0.33,1.95,0.04,1,Good
Medan,2026-04-26 00:00:00,3.14,4.03,154.58,0.38,2.44,0.05,1,Good
Medan,2026-04-26 01:00:00,3.04,4.1,167.46,0.44,4.17,0.06,1,Good
Medan,2026-04-26 02:00:00,2.82,4.19,174.3,0.44,6.19,0.07,1,Good
Medan,2026-04-26 03:00:00,2.69,4.19,177.31,0.42,10.02,0.08,1,Good
Medan,2026-04-26 04:00:00,2.01,2.89,194.28,0.47,26.01,0.07,1,Good
Medan,2026-04-26 05:00:00,1.95,2.88,188.1,0.45,25.75,0.08,1,Good
Medan,2026-04-26 06:00:00,2.09,3.12,180.93,0.47,25.79,0.1,1,Good
Medan,2026-04-26 07:00:00,2.38,3.45,177.85,0.49,27.42,0.13,1,Good
Medan,2026-04-26 08:00:00,2.53,3.54,174.63,0.45,26.78,0.1,1,Good
Medan,2026-04-26 09:00:00,2.55,3.38,172.92,0.42,27.09,0.09,1,Good
Medan,2026-04-26 10:00:00,2.61,3.45,169.22,0.44,24.24,0.1,1,Good
Medan,2026-04-26 11:00:00,2.82,4.02,165.04,0.58,19.3,0.14,1,Good
Medan,2026-04-26 12:00:00,3.01,4.57,164.05,0.7,16.23,0.18,1,Good
Medan,2026-04-26 13:00:00,3.13,4.83,163.24,0.79,14.27,0.21,1,Good
Medan,2026-04-26 14:00:00,3.21,5.16,163.11,0.85,12.73,0.23,1,Good
Medan,2026-04-26 15:00:00,3.26,5.64,161.96,0.89,11.6,0.25,1,Good
Medan,2026-04-26 16:00:00,3.22,5.86,156.41,0.77,9.18,0.2,1,Good
Medan,2026-04-26 17:00:00,3.12,5.81,150.21,0.66,7.32,0.15,1,Good
Medan,2026-04-26 18:00:00,3.02,5.36,144.51,0.58,6.1,0.12,1,Good
Medan,2026-04-26 19:00:00,2.72,4.68,138.76,0.52,5.31,0.09,1,Good
Medan,2026-04-26 20:00:00,2.43,4.07,135.69,0.51,4.91,0.08,1,Good
Medan,2026-04-26 21:00:00,2.27,3.65,135.54,0.53,5.06,0.07,1,Good
Medan,2026-04-26 22:00:00,2.19,3.39,136.5,0.56,5.73,0.08,1,Good
Medan,2026-04-26 23:00:00,2.15,3.25,135.65,0.58,6.41,0.09,1,Good
Medan,2026-04-27 00:00:00,2.2,3.38,134.19,0.59,6.83,0.11,1,Good
Medan,2026-04-27 01:00:00,2.36,3.73,133.25,0.53,6.73,0.12,1,Good
Medan,2026-04-27 02:00:00,2.58,4.11,136.18,0.47,7.8,0.12,1,Good
Medan,2026-04-27 03:00:00,2.77,4.2,142.01,0.41,11.37,0.12,1,Good
Medan,2026-04-27 04:00:00,2.44,3.08,155.14,0.35,23.21,0.13,1,Good
Medan,2026-04-27 05:00:00,2.27,2.7,158.94,0.32,25.93,0.13,1,Good
Medan,2026-04-27 06:00:00,2.15,2.47,161.19,0.31,27.52,0.12,1,Good
Medan,2026-04-27 07:00:00,1.8,2.04,164.94,0.29,29.79,0.1,1,Good
Medan,2026-04-27 08:00:00,1.44,1.67,166.6,0.28,30.83,0.09,1,Good
Medan,2026-04-27 09:00:00,1.25,1.48,166.56,0.29,31.11,0.09,1,Good
Medan,2026-04-27 10:00:00,1.22,1.62,164.61,0.33,26.27,0.08,1,Good
Medan,2026-04-27 11:00:00,1.33,2.0,161.24,0.39,19.23,0.08,1,Good
Medan,2026-04-27 12:00:00,1.47,2.39,159.07,0.43,14.97,0.09,1,Good
Medan,2026-04-27 13:00:00,1.65,2.79,156.22,0.47,11.9,0.12,1,Good
Medan,2026-04-27 14:00:00,1.83,3.2,152.69,0.46,8.35,0.11,1,Good
Medan,2026-04-27 15:00:00,2.03,3.55,149.33,0.44,5.73,0.1,1,Good
Medan,2026-04-27 16:00:00,2.22,3.83,145.86,0.45,4.65,0.11,1,Good
Medan,2026-04-27 17:00:00,2.38,3.93,144.7,0.5,4.4,0.11,1,Good
Medan,2026-04-27 18:00:00,2.51,3.93,145.44,0.54,4.18,0.11,1,Good
Medan,2026-04-27 19:00:00,2.63,3.93,145.82,0.57,3.87,0.1,1,Good
Medan,2026-04-27 20:00:00,2.75,3.94,144.65,0.58,3.61,0.1,1,Good
Medan,2026-04-27 21:00:00,2.85,3.97,141.15,0.55,3.44,0.09,1,Good
Medan,2026-04-27 22:00:00,2.86,3.89,137.58,0.42,3.17,0.06,1,Good
Medan,2026-04-27 23:00:00,2.88,3.9,136.85,0.38,3.1,0.05,1,Good
Medan,2026-04-28 00:00:00,3.02,4.38,138.71,0.39,3.05,0.06,1,Good
Medan,2026-04-28 01:00:00,3.12,4.87,142.2,0.38,3.58,0.09,1,Good
Medan,2026-04-28 02:00:00,3.08,5.06,145.99,0.43,4.93,0.1,1,Good
Medan,2026-04-28 03:00:00,2.98,5.05,149.89,0.5,7.57,0.11,1,Good
Medan,2026-04-28 04:00:00,1.48,1.99,167.82,0.4,29.69,0.12,1,Good
Medan,2026-04-28 05:00:00,1.26,1.61,166.66,0.38,31.15,0.12,1,Good
Medan,2026-04-28 06:00:00,1.18,1.48,165.33,0.37,31.01,0.11,1,Good
Medan,2026-04-28 07:00:00,1.18,1.46,164.76,0.34,30.09,0.1,1,Good
Medan,2026-04-28 08:00:00,1.23,1.5,163.75,0.31,28.05,0.09,1,Good
Medan,2026-04-28 09:00:00,1.26,1.55,162.91,0.3,26.46,0.09,1,Good
Medan,2026-04-28 10:00:00,1.33,1.85,159.44,0.35,20.64,0.1,1,Good
Medan,2026-04-28 11:00:00,1.48,2.37,156.71,0.43,14.13,0.11,1,Good
Medan,2026-04-28 12:00:00,1.66,2.89,156.02,0.51,10.64,0.14,1,Good
Medan,2026-04-28 13:00:00,1.83,3.2,155.33,0.63,8.93,0.19,1,Good
Medan,2026-04-28 14:00:00,1.99,3.52,154.84,0.68,7.54,0.21,1,Good
Medan,2026-04-28 15:00:00,2.14,3.9,153.48,0.68,6.24,0.2,1,Good
Medan,2026-04-28 16:00:00,2.19,4.03,148.92,0.61,4.23,0.15,1,Good
Medan,2026-04-28 17:00:00,2.13,3.78,141.68,0.49,2.5,0.09,1,Good
Medan,2026-04-28 18:00:00,2.06,3.33,135.64,0.42,2.16,0.06,1,Good
Medan,2026-04-28 19:00:00,1.98,2.93,131.03,0.38,2.4,0.06,1,Good
Medan,2026-04-28 20:00:00,1.93,2.66,128.7,0.34,2.19,0.05,1,Good
Medan,2026-04-28 21:00:00,1.9,2.46,131.36,0.34,2.98,0.04,1,Good
Medan,2026-04-28 22:00:00,1.88,2.36,138.48,0.33,5.73,0.04,1,Good
Medan,2026-04-28 23:00:00,1.94,2.46,140.56,0.32,5.39,0.04,1,Good
Medan,2026-04-29 00:00:00,2.08,2.8,141.27,0.34,4.56,0.06,1,Good
Medan,2026-04-29 01:00:00,2.16,3.18,143.83,0.35,4.3,0.08,1,Good
Medan,2026-04-29 02:00:00,2.12,3.5,145.65,0.38,5.0,0.08,1,Good
Medan,2026-04-29 03:00:00,2.02,3.56,147.43,0.41,7.24,0.08,1,Good
Medan,2026-04-29 04:00:00,0.96,1.36,167.25,0.31,29.73,0.06,1,Good
Medan,2026-04-29 05:00:00,0.87,1.22,168.1,0.3,29.56,0.06,1,Good
Medan,2026-04-29 06:00:00,0.88,1.24,167.26,0.3,28.2,0.06,1,Good
Medan,2026-04-29 07:00:00,0.92,1.33,165.43,0.29,25.64,0.06,1,Good
Medan,2026-04-29 08:00:00,0.99,1.49,163.14,0.29,22.8,0.06,1,Good
Medan,2026-04-29 09:00:00,1.05,1.65,161.69,0.31,21.15,0.07,1,Good
Medan,2026-04-29 10:00:00,1.16,1.97,158.49,0.37,16.78,0.09,1,Good
Medan,2026-04-29 11:00:00,1.33,2.5,154.73,0.47,11.3,0.12,1,Good
Medan,2026-04-29 12:00:00,1.55,3.0,152.48,0.56,8.01,0.15,1,Good
Medan,2026-04-29 13:00:00,1.78,3.49,149.96,0.58,5.6,0.16,1,Good
Medan,2026-04-29 14:00:00,1.97,3.85,145.8,0.51,3.79,0.13,1,Good
Medan,2026-04-29 15:00:00,2.11,4.21,141.81,0.46,3.46,0.11,1,Good
Medan,2026-04-29 16:00:00,2.13,4.26,137.08,0.42,4.31,0.1,1,Good
Medan,2026-04-29 17:00:00,2.1,4.2,131.47,0.37,3.88,0.07,1,Good
Medan,2026-04-29 18:00:00,2.07,4.16,126.88,0.33,3.58,0.06,1,Good
Medan,2026-04-29 19:00:00,2.06,4.18,123.31,0.33,3.73,0.05,1,Good
Medan,2026-04-29 20:00:00,2.12,4.36,121.46,0.38,4.16,0.06,1,Good
Medan,2026-04-29 21:00:00,2.28,4.41,123.05,0.45,4.51,0.08,1,Good
Medan,2026-04-29 22:00:00,2.5,4.56,127.07,0.53,4.89,0.09,1,Good
Medan,2026-04-29 23:00:00,2.75,4.74,129.92,0.58,4.94,0.1,1,Good
Medan,2026-04-30 00:00:00,3.08,5.11,132.95,0.58,4.09,0.12,1,Good
Medan,2026-04-30 01:00:00,3.13,5.2,139.19,0.47,3.17,0.1,1,Good
Medan,2026-04-30 02:00:00,2.98,5.19,145.14,0.38,4.21,0.09,1,Good
Medan,2026-04-30 03:00:00,2.88,5.09,149.16,0.35,7.19,0.09,1,Good
Medan,2026-04-30 04:00:00,2.0,2.59,178.73,0.26,31.04,0.06,1,Good
Medan,2026-04-30 05:00:00,2.17,2.69,181.8,0.26,32.55,0.07,1,Good
Medan,2026-04-30 06:00:00,2.32,2.85,182.32,0.28,32.5,0.08,1,Good
Medan,2026-04-30 07:00:00,2.43,2.97,181.04,0.27,30.31,0.08,1,Good
Medan,2026-04-30 08:00:00,2.52,3.04,176.75,0.23,26.78,0.08,1,Good
Medan,2026-04-30 09:00:00,2.62,3.08,174.14,0.2,25.59,0.08,1,Good
Medan,2026-04-30 10:00:00,2.74,3.29,171.13,0.23,20.82,0.08,1,Good
Medan,2026-04-30 11:00:00,2.96,3.79,168.71,0.31,14.76,0.09,1,Good
Medan,2026-04-30 12:00:00,3.28,4.33,169.52,0.35,11.42,0.1,1,Good
Medan,2026-04-30 13:00:00,3.58,4.69,169.0,0.37,8.77,0.11,1,Good
Medan,2026-04-30 14:00:00,3.82,4.94,168.71,0.36,6.2,0.1,1,Good
Medan,2026-04-30 15:00:00,3.97,5.02,166.69,0.34,4.48,0.09,1,Good
Medan,2026-04-30 16:00:00,3.9,4.81,163.09,0.32,3.43,0.08,1,Good
Medan,2026-04-30 17:00:00,3.69,4.39,159.28,0.31,3.11,0.06,1,Good
Medan,2026-04-30 18:00:00,3.48,4.06,156.67,0.29,3.32,0.05,1,Good
Medan,2026-04-30 19:00:00,3.27,3.81,152.61,0.26,3.38,0.04,1,Good
Medan,2026-04-30 20:00:00,3.11,3.6,147.79,0.24,3.26,0.03,1,Good
Medan,2026-04-30 21:00:00,3.0,3.46,144.7,0.23,3.66,0.03,1,Good
Medan,2026-04-30 22:00:00,3.0,3.48,143.14,0.23,4.22,0.03,1,Good
Medan,2026-04-30 23:00:00,3.06,3.63,141.57,0.23,4.3,0.03,1,Good
Medan,2026-05-01 00:00:00,3.23,4.02,141.21,0.28,4.29,0.05,1,Good
Medan,2026-05-01 01:00:00,3.37,4.45,144.86,0.35,4.97,0.08,1,Good
Medan,2026-05-01 02:00:00,3.32,4.69,149.91,0.38,6.56,0.08,1,Good
Medan,2026-05-01 03:00:00,3.1,4.35,157.64,0.35,11.02,0.08,1,Good
Medan,2026-05-01 04:00:00,2.7,3.13,194.26,0.28,32.93,0.07,1,Good
Medan,2026-05-01 05:00:00,2.58,2.97,195.05,0.28,30.19,0.08,1,Good
Medan,2026-05-01 06:00:00,2.57,2.96,197.03,0.28,27.78,0.1,1,Good
Medan,2026-05-01 07:00:00,2.69,3.07,197.3,0.28,24.93,0.11,1,Good
Medan,2026-05-01 08:00:00,2.86,3.27,196.86,0.29,22.26,0.12,1,Good
Medan,2026-05-01 09:00:00,2.99,3.46,196.93,0.32,20.53,0.12,1,Good
Medan,2026-05-01 10:00:00,3.15,3.85,194.23,0.38,15.5,0.11,1,Good
Medan,2026-05-01 11:00:00,3.35,4.36,188.24,0.46,10.29,0.11,1,Good
Medan,2026-05-01 12:00:00,3.54,4.82,182.06,0.5,7.48,0.12,1,Good
Medan,2026-05-01 13:00:00,3.67,5.15,178.22,0.56,6.14,0.14,1,Good
Medan,2026-05-01 14:00:00,3.74,5.49,174.64,0.55,4.44,0.13,1,Good
Medan,2026-05-01 15:00:00,3.77,5.71,170.18,0.52,3.08,0.11,1,Good
Medan,2026-05-01 16:00:00,3.57,5.41,166.91,0.49,3.47,0.1,1,Good
Medan,2026-05-01 17:00:00,3.32,4.91,167.24,0.48,4.18,0.08,1,Good
Medan,2026-05-01 18:00:00,3.18,4.57,170.15,0.48,4.64,0.08,1,Good
Medan,2026-05-01 19:00:00,3.23,4.52,172.21,0.48,4.77,0.08,1,Good
Medan,2026-05-01 20:00:00,3.32,4.61,168.91,0.45,4.32,0.07,1,Good
Medan,2026-05-01 21:00:00,3.4,4.71,168.89,0.4,4.12,0.06,1,Good
Medan,2026-05-01 22:00:00,3.45,4.76,174.76,0.37,4.59,0.04,1,Good
Medan,2026-05-01 23:00:00,3.51,4.87,175.84,0.35,4.05,0.04,1,Good
Medan,2026-05-02 00:00:00,3.65,5.17,176.23,0.37,3.61,0.05,1,Good
Medan,2026-05-02 01:00:00,3.7,5.3,177.97,0.43,3.81,0.07,1,Good
Medan,2026-05-02 02:00:00,3.58,5.16,180.7,0.46,4.88,0.08,1,Good
Medan,2026-05-02 03:00:00,3.49,4.92,183.23,0.46,7.68,0.09,1,Good
Medan,2026-05-02 04:00:00,2.81,3.12,223.83,0.46,35.18,0.11,1,Good
Medan,2026-05-02 05:00:00,2.77,3.01,224.64,0.41,35.34,0.1,1,Good
Medan,2026-05-02 06:00:00,2.81,3.03,225.78,0.38,34.41,0.09,1,Good
Medan,2026-05-02 07:00:00,2.83,3.06,226.0,0.34,32.81,0.08,1,Good
Medan,2026-05-02 08:00:00,2.84,3.09,225.3,0.32,30.39,0.08,1,Good
Medan,2026-05-02 09:00:00,2.8,3.06,223.4,0.31,27.85,0.07,1,Good
Medan,2026-05-02 10:00:00,2.78,3.15,217.82,0.31,20.81,0.07,1,Good
Medan,2026-05-02 11:00:00,2.83,3.34,210.07,0.33,13.29,0.07,1,Good
Medan,2026-05-02 12:00:00,2.89,3.47,203.49,0.34,9.25,0.07,1,Good
Medan,2026-05-02 13:00:00,2.97,3.68,195.58,0.34,6.23,0.07,1,Good
Medan,2026-05-02 14:00:00,3.09,3.94,185.85,0.33,3.56,0.07,1,Good
Medan,2026-05-02 15:00:00,3.2,4.16,176.61,0.32,2.17,0.07,1,Good
Medan,2026-05-02 16:00:00,3.17,4.13,167.07,0.32,1.5,0.06,1,Good
Medan,2026-05-02 17:00:00,3.02,3.92,159.33,0.32,1.17,0.05,1,Good
Medan,2026-05-02 18:00:00,2.88,3.76,153.48,0.34,0.97,0.05,1,Good
Medan,2026-05-02 19:00:00,2.77,3.6,148.8,0.35,0.94,0.04,1,Good
Medan,2026-05-02 20:00:00,2.71,3.49,145.28,0.34,1.09,0.04,1,Good
Medan,2026-05-02 21:00:00,2.7,3.43,144.01,0.33,1.46,0.04,1,Good
Medan,2026-05-02 22:00:00,2.78,3.48,144.87,0.33,1.74,0.04,1,Good
Medan,2026-05-02 23:00:00,2.87,3.58,144.59,0.33,1.62,0.04,1,Good
Medan,2026-05-03 00:00:00,3.0,3.82,146.04,0.35,1.76,0.05,1,Good
Medan,2026-05-03 01:00:00,3.08,4.13,148.53,0.37,2.0,0.07,1,Good
Medan,2026-05-03 02:00:00,3.04,4.38,152.05,0.39,2.78,0.07,1,Good
Medan,2026-05-03 03:00:00,2.89,4.26,157.08,0.39,4.95,0.07,1,Good
Medan,2026-05-03 04:00:00,1.48,1.71,184.78,0.17,23.68,0.02,1,Good
Medan,2026-05-03 05:00:00,1.2,1.34,183.38,0.13,24.86,0.02,1,Good
Medan,2026-05-03 06:00:00,1.15,1.28,182.66,0.12,24.4,0.02,1,Good
Medan,2026-05-03 07:00:00,1.23,1.39,181.86,0.13,22.42,0.02,1,Good
Medan,2026-05-03 08:00:00,1.37,1.6,180.62,0.15,19.12,0.02,1,Good
Medan,2026-05-03 09:00:00,1.48,1.79,180.06,0.16,16.72,0.03,1,Good
Medan,2026-05-03 10:00:00,1.59,2.07,176.13,0.22,12.76,0.04,1,Good
Medan,2026-05-03 11:00:00,1.72,2.45,170.68,0.31,8.54,0.06,1,Good
Medan,2026-05-03 12:00:00,1.84,2.79,166.4,0.37,6.11,0.08,1,Good
Medan,2026-05-03 13:00:00,1.96,3.06,160.85,0.45,4.09,0.1,1,Good
Medan,2026-05-03 14:00:00,2.07,3.36,154.19,0.47,2.49,0.1,1,Good
Medan,2026-05-03 15:00:00,2.15,3.58,147.51,0.45,1.73,0.1,1,Good
Medan,2026-05-03 16:00:00,2.19,3.62,140.75,0.43,1.41,0.09,1,Good
Medan,2026-05-03 17:00:00,2.18,3.52,134.77,0.43,1.34,0.07,1,Good
Medan,2026-05-03 18:00:00,2.19,3.46,131.54,0.45,1.44,0.07,1,Good
Medan,2026-05-03 19:00:00,2.1,3.15,129.68,0.45,1.75,0.07,1,Good
Medan,2026-05-03 20:00:00,1.91,2.72,126.77,0.37,1.65,0.05,1,Good
Medan,2026-05-03 21:00:00,1.68,2.26,129.39,0.3,2.49,0.03,1,Good
Medan,2026-05-03 22:00:00,1.43,1.84,140.62,0.24,4.7,0.02,1,Good
Medan,2026-05-03 23:00:00,1.35,1.79,140.41,0.23,3.61,0.03,1,Good
Medan,2026-05-04 00:00:00,1.43,2.07,140.54,0.28,3.21,0.06,1,Good
Medan,2026-05-04 01:00:00,1.6,2.6,143.0,0.33,3.2,0.08,1,Good
Medan,2026-05-04 02:00:00,1.7,3.09,146.38,0.33,3.48,0.08,1,Good
Medan,2026-05-04 03:00:00,1.74,3.26,151.62,0.36,5.49,0.08,1,Good
Medan,2026-05-04 04:00:00,0.72,1.06,180.75,0.16,22.01,0.03,1,Good
Medan,2026-05-04 05:00:00,0.65,0.98,181.95,0.16,21.36,0.03,1,Good
Medan,2026-05-04 06:00:00,0.68,1.04,181.45,0.17,20.08,0.04,1,Good
Medan,2026-05-04 07:00:00,0.79,1.19,178.93,0.17,16.96,0.04,1,Good
Medan,2026-05-04 08:00:00,0.91,1.41,175.08,0.17,13.24,0.04,1,Good
Medan,2026-05-04 09:00:00,1.01,1.61,171.56,0.19,10.85,0.05,1,Good
Medan,2026-05-04 10:00:00,1.14,1.97,166.13,0.25,8.1,0.06,1,Good
Medan,2026-05-04 11:00:00,1.32,2.53,159.99,0.35,5.36,0.08,1,Good
Medan,2026-05-04 12:00:00,1.52,3.13,155.71,0.44,3.81,0.11,1,Good
Medan,2026-05-04 13:00:00,1.76,3.79,154.04,0.57,2.95,0.15,1,Good
Medan,2026-05-04 14:00:00,1.97,4.28,153.27,0.68,2.41,0.18,1,Good
Medan,2026-05-04 15:00:00,2.12,4.53,152.85,0.75,2.12,0.2,1,Good
Medan,2026-05-04 16:00:00,2.14,4.5,150.05,0.76,2.02,0.19,1,Good
Medan,2026-05-04 17:00:00,2.08,4.24,145.75,0.66,1.98,0.13,1,Good
Medan,2026-05-04 18:00:00,2.03,3.9,142.31,0.55,2.05,0.09,1,Good
Medan,2026-05-04 19:00:00,2.04,3.44,138.67,0.47,2.06,0.07,1,Good
Medan,2026-05-04 20:00:00,2.09,3.35,135.36,0.39,1.8,0.06,1,Good
Medan,2026-05-04 21:00:00,2.14,3.37,134.98,0.34,1.89,0.05,1,Good
Medan,2026-05-04 22:00:00,2.15,3.34,138.77,0.3,2.64,0.04,1,Good
Medan,2026-05-04 23:00:00,2.14,3.22,139.85,0.28,2.73,0.04,1,Good
Medan,2026-05-05 00:00:00,2.22,3.31,141.62,0.3,2.89,0.05,1,Good
Medan,2026-05-05 01:00:00,2.06,3.22,145.12,0.37,3.42,0.07,1,Good
Medan,2026-05-05 02:00:00,1.77,3.1,148.42,0.4,4.08,0.07,1,Good
Medan,2026-05-05 03:00:00,1.49,2.73,151.68,0.36,5.72,0.07,1,Good
Medan,2026-05-05 04:00:00,0.62,0.97,179.0,0.19,19.82,0.06,1,Good
Medan,2026-05-05 05:00:00,0.6,0.84,182.43,0.18,21.38,0.06,1,Good
Medan,2026-05-05 06:00:00,0.64,0.9,184.84,0.19,21.74,0.07,1,Good
Medan,2026-05-05 07:00:00,0.72,1.02,186.96,0.19,21.24,0.06,1,Good
Medan,2026-05-05 08:00:00,0.86,1.17,185.77,0.19,19.58,0.06,1,Good
Medan,2026-05-05 09:00:00,0.97,1.29,184.75,0.19,18.03,0.06,1,Good
Medan,2026-05-05 10:00:00,1.1,1.55,180.31,0.23,13.95,0.06,1,Good
Medan,2026-05-05 11:00:00,1.26,1.94,175.51,0.29,9.26,0.06,1,Good
Medan,2026-05-05 12:00:00,1.39,2.27,171.34,0.33,6.06,0.07,1,Good
Medan,2026-05-05 13:00:00,1.51,2.51,166.62,0.35,3.85,0.07,1,Good
Medan,2026-05-05 14:00:00,1.6,2.74,163.23,0.36,2.66,0.08,1,Good
Medan,2026-05-05 15:00:00,1.67,2.87,159.84,0.38,2.29,0.08,1,Good
Medan,2026-05-05 16:00:00,1.69,2.87,155.49,0.4,2.29,0.08,1,Good
Medan,2026-05-05 17:00:00,1.64,2.78,151.04,0.38,2.17,0.06,1,Good
Medan,2026-05-05 18:00:00,1.58,2.65,147.97,0.35,2.01,0.05,1,Good
Medan,2026-05-05 19:00:00,1.54,2.57,145.2,0.31,1.94,0.04,1,Good
Medan,2026-05-05 20:00:00,1.56,2.51,142.73,0.3,1.95,0.04,1,Good
Medan,2026-05-05 21:00:00,1.61,2.5,141.8,0.32,2.07,0.04,1,Good
Medan,2026-05-05 22:00:00,1.69,2.6,141.77,0.34,2.22,0.05,1,Good
Medan,2026-05-05 23:00:00,1.78,2.87,140.4,0.33,1.9,0.05,1,Good
Medan,2026-05-06 00:00:00,1.94,3.39,139.88,0.34,1.57,0.06,1,Good
Medan,2026-05-06 01:00:00,2.08,3.86,141.69,0.37,1.5,0.08,1,Good
Medan,2026-05-06 02:00:00,2.12,4.03,143.23,0.43,1.87,0.09,1,Good
Medan,2026-05-06 03:00:00,2.08,3.89,146.29,0.45,3.28,0.09,1,Good
Medan,2026-05-06 04:00:00,0.7,0.99,179.6,0.23,18.93,0.07,1,Good
Medan,2026-05-06 05:00:00,0.68,0.86,180.37,0.22,19.23,0.07,1,Good
Medan,2026-05-06 06:00:00,0.72,0.95,181.99,0.22,19.1,0.08,1,Good
Medan,2026-05-06 07:00:00,0.84,1.1,184.22,0.22,18.43,0.08,1,Good
Medan,2026-05-06 08:00:00,1.02,1.32,185.04,0.23,17.11,0.07,1,Good
Medan,2026-05-06 09:00:00,1.2,1.55,185.86,0.24,16.08,0.08,1,Good
Medan,2026-05-06 10:00:00,1.44,1.97,183.48,0.29,12.39,0.08,1,Good
Medan,2026-05-06 11:00:00,1.72,2.49,179.75,0.35,8.15,0.09,1,Good
Medan,2026-05-06 12:00:00,1.97,2.96,176.35,0.39,5.51,0.09,1,Good
Medan,2026-05-06 13:00:00,2.26,3.46,174.88,0.42,4.42,0.1,1,Good
Medan,2026-05-06 14:00:00,2.58,4.08,175.36,0.43,4.12,0.1,1,Good
Medan,2026-05-06 15:00:00,2.87,4.61,176.01,0.42,4.24,0.09,1,Good
Medan,2026-05-06 16:00:00,3.04,4.88,176.41,0.4,4.84,0.08,1,Good
Medan,2026-05-06 17:00:00,3.05,4.81,176.73,0.38,5.38,0.07,1,Good
Medan,2026-05-06 18:00:00,2.97,4.63,177.21,0.35,5.75,0.06,1,Good
Medan,2026-05-06 19:00:00,2.69,4.12,176.52,0.32,5.79,0.05,1,Good
Medan,2026-05-06 20:00:00,2.39,3.58,174.13,0.31,5.51,0.04,1,Good
Medan,2026-05-06 21:00:00,2.16,3.15,172.77,0.32,5.68,0.05,1,Good
Medan,2026-05-06 22:00:00,1.99,2.8,172.87,0.33,6.1,0.05,1,Good
Medan,2026-05-06 23:00:00,1.86,2.59,174.93,0.34,6.21,0.05,1,Good
Medan,2026-05-07 00:00:00,1.77,2.44,180.79,0.37,6.96,0.07,1,Good
Medan,2026-05-07 01:00:00,1.77,2.5,187.04,0.41,7.91,0.09,1,Good
Medan,2026-05-07 02:00:00,1.79,2.7,190.55,0.45,8.45,0.11,1,Good
Medan,2026-05-07 03:00:00,1.73,2.65,192.48,0.46,9.76,0.12,1,Good
Medan,2026-05-07 04:00:00,0.84,1.13,194.87,0.29,16.31,0.08,1,Good
Medan,2026-05-07 05:00:00,0.63,0.83,190.6,0.24,15.65,0.06,1,Good
Medan,2026-05-07 06:00:00,0.57,0.74,186.67,0.22,14.6,0.05,1,Good
Medan,2026-05-07 07:00:00,0.53,0.67,183.03,0.19,13.71,0.04,1,Good
Medan,2026-05-07 08:00:00,0.52,0.67,180.01,0.16,12.92,0.04,1,Good
Medan,2026-05-07 09:00:00,0.51,0.69,178.17,0.16,12.29,0.04,1,Good
Medan,2026-05-07 10:00:00,0.54,0.85,172.91,0.2,10.46,0.05,1,Good
Medan,2026-05-07 11:00:00,0.6,1.13,170.54,0.29,9.57,0.07,1,Good
Medan,2026-05-07 12:00:00,0.68,1.4,172.63,0.36,9.34,0.09,1,Good
Medan,2026-05-07 13:00:00,0.76,1.59,174.49,0.42,9.0,0.11,1,Good
Medan,2026-05-07 14:00:00,0.83,1.68,173.2,0.44,8.39,0.12,1,Good
Medan,2026-05-07 15:00:00,0.86,1.66,168.28,0.42,7.28,0.1,1,Good
Medan,2026-05-07 16:00:00,0.86,1.53,161.51,0.35,5.04,0.07,1,Good
Medan,2026-05-07 17:00:00,0.82,1.35,156.34,0.31,3.95,0.05,1,Good
Medan,2026-05-07 18:00:00,0.77,1.19,153.07,0.27,3.65,0.03,1,Good
Medan,2026-05-07 19:00:00,0.72,1.1,150.11,0.24,3.28,0.02,1,Good
Medan,2026-05-07 20:00:00,0.73,1.11,146.08,0.22,2.48,0.02,1,Good
Medan,2026-05-07 21:00:00,0.73,1.09,143.26,0.21,2.2,0.02,1,Good
Medan,2026-05-07 22:00:00,0.72,1.09,142.33,0.2,2.35,0.02,1,Good
Medan,2026-05-07 23:00:00,0.69,1.09,142.07,0.2,2.83,0.02,1,Good
Medan,2026-05-08 00:00:00,0.69,1.24,143.36,0.22,3.42,0.04,1,Good
Medan,2026-05-08 01:00:00,0.7,1.4,144.87,0.26,4.18,0.05,1,Good
Medan,2026-05-08 02:00:00,0.67,1.43,145.04,0.27,4.87,0.06,1,Good
Medan,2026-05-08 03:00:00,0.6,1.27,144.52,0.25,6.18,0.07,1,Good
Medan,2026-05-08 04:00:00,0.5,0.6,144.2,0.14,10.85,0.06,1,Good
Medan,2026-05-08 05:00:00,0.5,0.56,143.55,0.11,11.47,0.06,1,Good
Medan,2026-05-08 06:00:00,0.5,0.56,144.95,0.1,11.93,0.06,1,Good
Medan,2026-05-08 07:00:00,0.5,0.59,148.53,0.1,12.45,0.07,1,Good
Medan,2026-05-08 08:00:00,0.52,0.67,150.57,0.11,12.58,0.07,1,Good
Medan,2026-05-08 09:00:00,0.55,0.73,151.43,0.13,12.61,0.07,1,Good
Medan,2026-05-08 10:00:00,0.59,0.83,151.57,0.18,11.75,0.08,1,Good
Medan,2026-05-08 11:00:00,0.62,1.02,151.0,0.26,10.07,0.08,1,Good
Medan,2026-05-08 12:00:00,0.65,1.19,150.08,0.31,8.67,0.09,1,Good
Medan,2026-05-08 13:00:00,0.72,1.46,147.91,0.34,7.1,0.09,1,Good
Medan,2026-05-08 14:00:00,0.82,1.77,145.16,0.36,5.54,0.08,1,Good
Medan,2026-05-08 15:00:00,0.89,2.02,143.1,0.36,4.47,0.08,1,Good
Medan,2026-05-08 16:00:00,1.02,2.31,141.18,0.36,3.46,0.08,1,Good
Medan,2026-05-08 17:00:00,1.15,2.45,139.42,0.36,2.43,0.06,1,Good
Medan,2026-05-08 18:00:00,1.28,2.47,137.65,0.35,1.75,0.05,1,Good
Medan,2026-05-08 19:00:00,1.39,2.4,134.77,0.32,1.28,0.04,1,Good
Medan,2026-05-08 20:00:00,1.52,2.43,131.14,0.29,0.98,0.03,1,Good
Medan,2026-05-08 21:00:00,1.62,2.45,127.5,0.28,0.98,0.03,1,Good
Medan,2026-05-08 22:00:00,1.69,2.47,124.57,0.29,1.19,0.04,1,Good
Medan,2026-05-08 23:00:00,1.72,2.55,123.03,0.29,1.45,0.04,1,Good
Medan,2026-05-09 00:00:00,1.8,2.88,123.72,0.3,1.82,0.05,1,Good
Medan,2026-05-09 01:00:00,1.83,3.22,126.35,0.25,2.85,0.07,1,Good
Medan,2026-05-09 02:00:00,1.79,3.32,126.78,0.24,4.33,0.09,1,Good
Medan,2026-05-09 03:00:00,1.69,3.13,125.34,0.24,7.65,0.12,1,Good
Medan,2026-05-09 04:00:00,0.89,1.29,112.54,0.15,13.71,0.2,1,Good
Medan,2026-05-09 05:00:00,0.71,1.0,103.69,0.12,13.35,0.17,1,Good
Medan,2026-05-09 06:00:00,0.75,1.03,101.37,0.12,13.5,0.18,1,Good
Medan,2026-05-09 07:00:00,0.8,1.07,100.61,0.12,13.72,0.17,1,Good
Medan,2026-05-09 08:00:00,0.85,1.11,99.89,0.11,13.73,0.15,1,Good
Medan,2026-05-09 09:00:00,0.88,1.14,98.82,0.11,13.62,0.13,1,Good
Medan,2026-05-09 10:00:00,0.95,1.41,96.96,0.18,11.34,0.11,1,Good
Medan,2026-05-09 11:00:00,1.05,1.86,96.92,0.31,9.37,0.11,1,Good
Medan,2026-05-09 12:00:00,1.16,2.34,99.17,0.39,8.31,0.13,1,Good
Medan,2026-05-09 13:00:00,1.31,2.78,102.11,0.45,7.6,0.15,1,Good
Medan,2026-05-09 14:00:00,1.48,3.31,105.13,0.5,7.02,0.16,1,Good
Medan,2026-05-09 15:00:00,1.63,3.7,106.2,0.53,6.3,0.16,1,Good
Medan,2026-05-09 16:00:00,1.75,3.9,102.66,0.46,4.09,0.11,1,Good
Medan,2026-05-09 17:00:00,1.83,3.89,99.92,0.39,2.94,0.07,1,Good
Medan,2026-05-09 18:00:00,1.9,3.8,98.28,0.35,2.74,0.05,1,Good
Medan,2026-05-09 19:00:00,1.93,3.64,97.79,0.33,2.85,0.04,1,Good
Medan,2026-05-09 20:00:00,1.94,3.5,97.58,0.31,3.08,0.03,1,Good
Medan,2026-05-09 21:00:00,1.93,3.37,98.32,0.3,3.47,0.03,1,Good
Medan,2026-05-09 22:00:00,1.9,3.24,99.17,0.29,3.89,0.03,1,Good
Medan,2026-05-09 23:00:00,1.87,3.18,99.87,0.3,3.94,0.03,1,Good
Medan,2026-05-10 00:00:00,1.9,3.32,101.43,0.32,3.93,0.05,1,Good
Medan,2026-05-10 01:00:00,1.91,3.43,103.24,0.33,4.16,0.07,1,Good
Medan,2026-05-10 02:00:00,1.87,3.4,104.01,0.31,4.74,0.07,1,Good
Medan,2026-05-10 03:00:00,1.76,3.2,103.24,0.27,6.08,0.08,1,Good
Medan,2026-05-10 04:00:00,0.82,1.26,100.09,0.13,12.58,0.08,1,Good
Medan,2026-05-10 05:00:00,0.7,0.99,98.23,0.11,12.34,0.07,1,Good
Medan,2026-05-10 06:00:00,0.67,0.92,97.47,0.11,11.98,0.06,1,Good
Medan,2026-05-10 07:00:00,0.64,0.85,96.41,0.11,11.74,0.05,1,Good
Medan,2026-05-10 08:00:00,0.62,0.81,94.77,0.1,11.46,0.04,1,Good
Medan,2026-05-10 09:00:00,0.61,0.78,93.97,0.11,11.23,0.04,1,Good
Medan,2026-05-10 10:00:00,0.65,1.09,92.49,0.18,8.07,0.05,1,Good
Medan,2026-05-10 11:00:00,0.79,1.59,90.9,0.28,4.88,0.07,1,Good
Medan,2026-05-10 12:00:00,0.95,2.02,90.67,0.4,3.68,0.1,1,Good
Medan,2026-05-10 13:00:00,1.14,2.43,92.45,0.56,3.28,0.15,1,Good
Medan,2026-05-10 14:00:00,1.31,2.92,92.4,0.55,2.42,0.14,1,Good
Medan,2026-05-10 15:00:00,1.45,3.31,91.4,0.46,1.76,0.1,1,Good
Medan,2026-05-10 16:00:00,1.54,3.54,89.68,0.4,1.32,0.08,1,Good
Medan,2026-05-10 17:00:00,1.62,3.68,87.23,0.36,0.91,0.06,1,Good
Medan,2026-05-10 18:00:00,1.71,3.86,86.06,0.35,0.67,0.05,1,Good
Medan,2026-05-10 19:00:00,1.81,4.04,85.66,0.33,0.57,0.05,1,Good
Medan,2026-05-10 20:00:00,1.91,4.18,85.45,0.31,0.56,0.04,1,Good
Medan,2026-05-10 21:00:00,2.01,4.18,85.67,0.3,0.65,0.04,1,Good
Medan,2026-05-10 22:00:00,2.05,3.89,85.71,0.29,0.78,0.03,1,Good
Medan,2026-05-10 23:00:00,2.07,3.75,86.51,0.31,0.94,0.04,1,Good
Medan,2026-05-11 00:00:00,2.14,3.94,89.88,0.38,1.32,0.08,1,Good
Medan,2026-05-12 01:00:00,1.37,2.45,95.31,0.34,2.81,0.08,1,Good
Medan,2026-05-12 02:00:00,1.33,2.71,96.49,0.34,3.16,0.08,1,Good
Medan,2026-05-12 03:00:00,1.24,2.66,96.04,0.35,4.16,0.08,1,Good
Medan,2026-05-12 04:00:00,0.5,0.52,88.77,0.08,10.28,0.02,1,Good
Medan,2026-05-12 05:00:00,0.5,0.5,87.92,0.08,10.51,0.02,1,Good
Medan,2026-05-12 06:00:00,0.5,0.51,88.42,0.08,10.52,0.02,1,Good
Medan,2026-05-12 07:00:00,0.5,0.52,90.24,0.09,10.58,0.02,1,Good
Medan,2026-05-12 08:00:00,0.5,0.53,92.05,0.09,10.5,0.02,1,Good
Medan,2026-05-12 09:00:00,0.5,0.52,94.45,0.09,10.4,0.02,1,Good
Medan,2026-05-12 10:00:00,0.5,0.8,96.2,0.18,8.35,0.04,1,Good
Medan,2026-05-12 11:00:00,0.61,1.29,97.79,0.27,5.74,0.06,1,Good
Medan,2026-05-12 12:00:00,0.75,1.68,99.05,0.32,3.99,0.07,1,Good
Medan,2026-05-12 13:00:00,0.93,2.02,98.78,0.37,2.66,0.09,1,Good
Medan,2026-05-12 14:00:00,1.09,2.39,98.33,0.43,1.84,0.11,1,Good
Medan,2026-05-12 15:00:00,1.22,2.82,98.22,0.48,1.55,0.12,1,Good
Medan,2026-05-12 16:00:00,1.3,3.06,96.99,0.52,1.54,0.12,1,Good
Medan,2026-05-12 17:00:00,1.32,3.04,94.74,0.49,1.57,0.09,1,Good
Medan,2026-05-12 18:00:00,1.33,2.95,92.49,0.45,1.67,0.07,1,Good
Medan,2026-05-12 19:00:00,1.31,2.79,90.75,0.4,1.75,0.06,1,Good
Medan,2026-05-12 20:00:00,1.25,2.58,90.12,0.35,1.86,0.04,1,Good
Medan,2026-05-12 21:00:00,1.16,2.36,91.38,0.32,2.39,0.04,1,Good
Medan,2026-05-12 22:00:00,1.03,2.16,93.5,0.29,3.04,0.03,1,Good
Medan,2026-05-12 23:00:00,0.99,2.13,94.35,0.28,3.1,0.03,1,Good
Medan,2026-05-13 00:00:00,1.05,2.4,96.91,0.31,3.1,0.05,1,Good
Medan,2026-05-13 01:00:00,1.14,2.8,101.53,0.33,3.38,0.08,1,Good
Medan,2026-05-13 02:00:00,1.15,2.87,104.77,0.31,4.16,0.08,1,Good
Medan,2026-05-13 03:00:00,1.07,2.58,106.11,0.27,6.04,0.07,1,Good
Medan,2026-05-13 04:00:00,0.5,0.55,111.47,0.06,16.39,0.02,1,Good
Medan,2026-05-13 05:00:00,0.5,0.5,116.32,0.04,17.2,0.01,1,Good
Medan,2026-05-13 06:00:00,0.5,0.5,120.47,0.03,17.37,0.01,1,Good
Medan,2026-05-13 07:00:00,0.5,0.5,124.79,0.04,17.69,0.01,1,Good
Medan,2026-05-13 08:00:00,0.5,0.5,128.27,0.05,17.98,0.01,1,Good
Medan,2026-05-13 09:00:00,0.5,0.52,132.94,0.05,18.51,0.01,1,Good
Medan,2026-05-13 10:00:00,0.56,0.72,137.48,0.11,17.04,0.03,1,Good
Medan,2026-05-13 11:00:00,0.64,1.02,140.48,0.19,14.07,0.04,1,Good
Medan,2026-05-13 12:00:00,0.74,1.27,142.46,0.23,11.82,0.05,1,Good
Medan,2026-05-13 13:00:00,0.82,1.53,140.56,0.27,9.15,0.06,1,Good
Medan,2026-05-13 14:00:00,0.91,1.83,138.52,0.29,6.52,0.07,1,Good
Medan,2026-05-13 15:00:00,0.98,2.07,136.99,0.3,5.08,0.07,1,Good
Medan,2026-05-13 16:00:00,1.03,2.21,134.47,0.3,4.39,0.06,1,Good
Medan,2026-05-13 17:00:00,1.04,2.17,130.97,0.29,4.28,0.05,1,Good
Medan,2026-05-13 18:00:00,1.02,2.08,127.81,0.27,4.48,0.04,1,Good
Medan,2026-05-13 19:00:00,0.99,1.98,125.52,0.24,4.72,0.03,1,Good
Medan,2026-05-13 20:00:00,0.97,1.91,123.9,0.23,4.96,0.03,1,Good
Medan,2026-05-13 21:00:00,0.95,1.87,122.81,0.23,5.27,0.03,1,Good
Medan,2026-05-13 22:00:00,0.94,1.9,122.43,0.23,5.6,0.03,1,Good
Medan,2026-05-13 23:00:00,0.93,1.95,122.52,0.24,5.76,0.03,1,Good
Medan,2026-05-14 00:00:00,0.98,2.2,124.15,0.29,5.89,0.05,1,Good
Medan,2026-05-14 01:00:00,1.04,2.51,126.04,0.33,6.18,0.07,1,Good
Medan,2026-05-14 02:00:00,1.04,2.59,125.61,0.29,6.6,0.08,1,Good
Medan,2026-05-14 03:00:00,0.97,2.38,124.41,0.24,8.53,0.08,1,Good
Medan,2026-05-14 04:00:00,0.5,0.5,90.83,0.04,15.09,0.02,1,Good
Medan,2026-05-14 05:00:00,0.5,0.5,84.32,0.03,14.89,0.01,1,Good
Medan,2026-05-14 06:00:00,0.5,0.5,83.48,0.03,14.77,0.01,1,Good
Medan,2026-05-14 07:00:00,0.5,0.5,83.91,0.03,14.5,0.02,1,Good
Medan,2026-05-14 08:00:00,0.5,0.5,84.26,0.05,14.02,0.02,1,Good
Medan,2026-05-14 09:00:00,0.5,0.5,84.19,0.06,13.65,0.02,1,Good
Medan,2026-05-14 10:00:00,0.5,0.5,83.03,0.09,11.6,0.03,1,Good
Medan,2026-05-14 11:00:00,0.5,0.56,81.79,0.13,9.63,0.04,1,Good
Medan,2026-05-14 12:00:00,0.5,0.76,81.66,0.18,9.18,0.05,1,Good
Medan,2026-05-14 13:00:00,0.5,1.03,83.14,0.23,10.08,0.07,1,Good
Medan,2026-05-14 14:00:00,0.5,1.25,85.79,0.28,11.41,0.09,1,Good
Medan,2026-05-14 15:00:00,0.5,1.39,88.2,0.31,12.71,0.11,1,Good
Medan,2026-05-14 16:00:00,0.5,1.43,88.68,0.32,13.58,0.11,1,Good
Medan,2026-05-14 17:00:00,0.5,1.35,86.21,0.32,13.44,0.09,1,Good
Medan,2026-05-14 18:00:00,0.5,1.3,82.87,0.28,11.78,0.07,1,Good
Medan,2026-05-14 19:00:00,0.52,1.23,79.79,0.23,9.45,0.05,1,Good
Medan,2026-05-14 20:00:00,0.53,1.14,77.71,0.21,9.56,0.04,1,Good
Medan,2026-05-14 21:00:00,0.52,1.05,76.75,0.22,10.79,0.04,1,Good
Medan,2026-05-14 22:00:00,0.5,0.99,76.74,0.23,12.29,0.04,1,Good
Medan,2026-05-14 23:00:00,0.5,0.97,76.17,0.21,12.24,0.04,1,Good
Medan,2026-05-15 00:00:00,0.5,1.08,77.3,0.22,11.53,0.05,1,Good
Medan,2026-05-15 01:00:00,0.53,1.21,78.66,0.21,10.84,0.06,1,Good
Medan,2026-05-15 02:00:00,0.52,1.15,79.32,0.19,10.85,0.06,1,Good
Medan,2026-05-15 03:00:00,0.5,0.85,78.86,0.15,12.59,0.05,1,Good
Medan,2026-05-15 04:00:00,0.5,0.5,72.52,0.06,17.52,0.02,1,Good
Medan,2026-05-15 05:00:00,0.5,0.5,70.04,0.05,17.13,0.02,1,Good
Medan,2026-05-15 06:00:00,0.5,0.5,69.25,0.04,16.69,0.02,1,Good
Medan,2026-05-15 07:00:00,0.5,0.5,69.18,0.04,16.54,0.02,1,Good
Medan,2026-05-15 08:00:00,0.5,0.5,68.9,0.04,16.53,0.02,1,Good
Medan,2026-05-15 09:00:00,0.5,0.5,68.61,0.04,16.71,0.02,1,Good
Medan,2026-05-15 10:00:00,0.5,0.5,68.6,0.06,16.63,0.02,1,Good
Medan,2026-05-15 11:00:00,0.5,0.5,68.86,0.08,16.19,0.03,1,Good
Medan,2026-05-15 12:00:00,0.5,0.5,69.29,0.1,15.87,0.03,1,Good
Medan,2026-05-15 13:00:00,0.5,0.5,68.99,0.13,14.69,0.04,1,Good
Medan,2026-05-15 14:00:00,0.5,0.56,69.3,0.16,13.28,0.05,1,Good
Medan,2026-05-15 15:00:00,0.5,0.68,69.78,0.2,12.44,0.05,1,Good
Medan,2026-05-15 16:00:00,0.5,0.82,70.53,0.23,11.42,0.06,1,Good
Medan,2026-05-15 17:00:00,0.5,0.92,70.52,0.26,10.1,0.05,1,Good
Medan,2026-05-15 18:00:00,0.5,0.96,70.77,0.27,9.26,0.05,1,Good
Medan,2026-05-15 19:00:00,0.5,1.01,70.38,0.27,8.89,0.04,1,Good
Medan,2026-05-15 20:00:00,0.5,1.09,70.79,0.28,8.69,0.04,1,Good
Medan,2026-05-15 21:00:00,0.54,1.21,71.54,0.29,8.33,0.04,1,Good
Medan,2026-05-15 22:00:00,0.62,1.4,72.74,0.31,7.52,0.04,1,Good
Medan,2026-05-15 23:00:00,0.7,1.63,73.81,0.34,6.43,0.04,1,Good
Medan,2026-05-16 00:00:00,0.8,1.96,75.91,0.39,5.62,0.05,1,Good
Medan,2026-05-16 01:00:00,0.86,2.2,79.4,0.38,5.71,0.07,1,Good
Medan,2026-05-16 02:00:00,0.9,2.25,82.76,0.34,6.74,0.07,1,Good
Medan,2026-05-16 03:00:00,0.89,2.06,84.33,0.28,9.73,0.06,1,Good
Medan,2026-05-16 04:00:00,0.5,0.93,79.33,0.16,17.91,0.04,1,Good
Medan,2026-05-16 05:00:00,0.5,0.81,78.8,0.13,18.8,0.04,1,Good
Medan,2026-05-16 06:00:00,0.5,0.74,78.43,0.11,19.8,0.04,1,Good
Medan,2026-05-16 07:00:00,0.5,0.54,74.93,0.09,23.15,0.03,1,Good
Medan,2026-05-16 08:00:00,0.5,0.52,73.79,0.09,23.57,0.03,1,Good
Medan,2026-05-16 09:00:00,0.5,0.52,73.5,0.1,23.38,0.03,1,Good
Medan,2026-05-16 10:00:00,0.5,0.72,74.16,0.19,20.17,0.05,1,Good
Medan,2026-05-16 11:00:00,0.57,1.07,75.26,0.31,16.14,0.06,1,Good
Medan,2026-05-16 12:00:00,0.67,1.46,76.79,0.36,13.74,0.07,1,Good
Medan,2026-05-16 13:00:00,0.76,1.82,77.44,0.39,11.26,0.08,1,Good
Medan,2026-05-16 14:00:00,0.8,2.17,77.61,0.39,9.18,0.08,1,Good
Medan,2026-05-16 15:00:00,0.81,2.32,77.19,0.39,8.62,0.07,1,Good
Medan,2026-05-16 16:00:00,0.8,2.31,76.07,0.37,8.68,0.06,1,Good
Medan,2026-05-16 17:00:00,0.83,2.33,75.01,0.37,7.64,0.05,1,Good
Medan,2026-05-16 18:00:00,0.88,2.39,74.54,0.37,6.65,0.05,1,Good
Medan,2026-05-16 19:00:00,0.94,2.47,74.24,0.37,5.84,0.05,1,Good
Medan,2026-05-16 20:00:00,1.0,2.58,74.11,0.36,5.03,0.04,1,Good
Medan,2026-05-16 21:00:00,1.07,2.69,73.89,0.36,4.4,0.04,1,Good
Medan,2026-05-16 22:00:00,1.12,2.76,73.75,0.35,4.02,0.04,1,Good
Medan,2026-05-16 23:00:00,1.19,2.83,74.02,0.36,3.84,0.04,1,Good
Medan,2026-05-17 00:00:00,1.31,3.07,75.84,0.38,3.67,0.06,1,Good
Medan,2026-05-17 01:00:00,1.45,3.38,78.48,0.32,3.68,0.07,1,Good
Medan,2026-05-17 02:00:00,1.51,3.47,79.95,0.28,4.74,0.08,1,Good
Medan,2026-05-17 03:00:00,1.48,3.3,80.3,0.25,7.55,0.07,1,Good
Medan,2026-05-17 04:00:00,0.5,0.67,72.35,0.09,21.42,0.02,1,Good
Medan,2026-05-17 05:00:00,0.5,0.59,71.15,0.07,21.41,0.02,1,Good
Medan,2026-05-17 06:00:00,0.5,0.6,71.05,0.07,20.96,0.03,1,Good
Medan,2026-05-17 07:00:00,0.5,0.63,71.55,0.08,20.19,0.03,1,Good
Medan,2026-05-17 08:00:00,0.51,0.68,72.26,0.09,19.1,0.03,1,Good
Medan,2026-05-17 09:00:00,0.55,0.75,73.22,0.12,18.3,0.04,1,Good
Medan,2026-05-17 10:00:00,0.59,0.83,74.48,0.16,16.67,0.05,1,Good
Medan,2026-05-17 11:00:00,0.65,0.93,76.72,0.22,14.63,0.06,1,Good
Medan,2026-05-17 12:00:00,0.73,1.11,80.34,0.28,13.2,0.07,1,Good
Medan,2026-05-17 13:00:00,0.88,1.45,84.79,0.34,11.16,0.08,1,Good
Medan,2026-05-17 14:00:00,1.05,1.93,89.83,0.41,9.06,0.09,1,Good
Medan,2026-05-17 15:00:00,1.3,2.46,94.8,0.5,8.05,0.11,1,Good
Medan,2026-05-17 16:00:00,1.57,2.98,100.45,0.64,7.94,0.14,1,Good
Medan,2026-05-17 17:00:00,1.85,3.39,106.27,0.74,8.08,0.15,1,Good
Medan,2026-05-17 18:00:00,2.14,3.69,111.92,0.79,8.43,0.14,1,Good
Medan,2026-05-17 19:00:00,2.4,3.92,114.3,0.73,6.91,0.12,1,Good
Medan,2026-05-17 20:00:00,2.58,4.24,112.39,0.59,4.32,0.08,1,Good
Medan,2026-05-17 21:00:00,2.7,4.45,109.79,0.49,3.17,0.06,1,Good
Medan,2026-05-17 22:00:00,2.81,4.59,106.98,0.42,2.99,0.05,1,Good
Medan,2026-05-17 23:00:00,2.88,4.7,105.17,0.38,2.89,0.05,1,Good
Medan,2026-05-18 00:00:00,2.98,4.91,106.19,0.38,3.07,0.06,1,Good
Medan,2026-05-18 01:00:00,2.98,4.94,109.41,0.32,3.92,0.08,1,Good
Medan,2026-05-18 02:00:00,2.98,5.07,112.31,0.33,5.35,0.09,1,Good
Medan,2026-05-18 03:00:00,2.96,5.1,114.17,0.35,8.0,0.1,1,Good
Medan,2026-05-18 04:00:00,2.14,2.66,117.52,0.26,29.06,0.08,1,Good
Medan,2026-05-18 05:00:00,1.89,2.23,115.94,0.23,30.38,0.07,1,Good
Medan,2026-05-18 06:00:00,1.7,2.0,114.71,0.23,29.85,0.06,1,Good
Medan,2026-05-18 07:00:00,1.55,1.82,112.87,0.22,28.41,0.06,1,Good
Medan,2026-05-18 08:00:00,1.53,1.81,111.75,0.21,26.19,0.06,1,Good
Medan,2026-05-18 09:00:00,1.57,1.85,111.97,0.2,24.61,0.06,1,Good
Medan,2026-05-18 10:00:00,1.66,2.15,112.03,0.26,19.05,0.07,1,Good
Medan,2026-05-18 11:00:00,1.8,2.57,113.43,0.38,13.73,0.08,1,Good
Medan,2026-05-18 12:00:00,1.93,2.85,115.19,0.45,11.2,0.09,1,Good
Medan,2026-05-18 13:00:00,1.99,2.91,118.19,0.51,10.33,0.11,1,Good
Medan,2026-05-18 14:00:00,1.91,2.76,120.58,0.47,9.8,0.1,1,Good
Medan,2026-05-18 15:00:00,1.78,2.52,121.61,0.43,10.09,0.08,1,Good
Medan,2026-05-18 16:00:00,1.64,2.27,120.07,0.37,10.31,0.06,1,Good
Medan,2026-05-18 17:00:00,1.58,2.23,117.66,0.34,7.83,0.05,1,Good
Medan,2026-05-18 18:00:00,1.53,2.24,115.25,0.32,6.55,0.04,1,Good
Medan,2026-05-18 19:00:00,1.55,2.34,112.82,0.31,6.13,0.03,1,Good
Medan,2026-05-18 20:00:00,1.61,2.47,111.05,0.3,5.74,0.03,1,Good
Medan,2026-05-18 21:00:00,1.69,2.59,110.14,0.3,5.33,0.03,1,Good
Medan,2026-05-18 22:00:00,1.78,2.74,109.28,0.3,4.94,0.03,1,Good
Medan,2026-05-18 23:00:00,1.86,2.89,107.7,0.3,4.61,0.04,1,Good
Medan,2026-05-19 00:00:00,1.98,3.22,107.5,0.34,4.35,0.05,1,Good
Medan,2026-05-20 01:00:00,0.92,2.44,94.8,0.42,4.74,0.09,1,Good
Medan,2026-05-20 02:00:00,0.99,2.6,96.75,0.42,4.93,0.09,1,Good
Medan,2026-05-20 03:00:00,0.96,2.35,97.67,0.37,6.79,0.08,1,Good
Medan,2026-05-20 04:00:00,0.5,0.5,87.97,0.15,16.66,0.02,1,Good
Medan,2026-05-20 05:00:00,0.5,0.5,82.77,0.12,17.16,0.02,1,Good
Medan,2026-05-20 06:00:00,0.5,0.5,80.37,0.11,17.19,0.02,1,Good
Medan,2026-05-20 07:00:00,0.5,0.5,79.63,0.12,16.5,0.03,1,Good
Medan,2026-05-20 08:00:00,0.5,0.5,80.12,0.16,15.34,0.04,1,Good
Medan,2026-05-20 09:00:00,0.5,0.5,80.95,0.18,14.48,0.04,1,Good
Medan,2026-05-20 10:00:00,0.5,0.53,81.0,0.21,13.43,0.04,1,Good
Medan,2026-05-20 11:00:00,0.5,0.56,81.35,0.25,12.16,0.05,1,Good
Medan,2026-05-20 12:00:00,0.5,0.58,81.88,0.27,11.07,0.05,1,Good
Medan,2026-05-20 13:00:00,0.5,0.71,81.82,0.27,8.83,0.05,1,Good
Medan,2026-05-20 14:00:00,0.5,0.95,81.61,0.28,6.94,0.05,1,Good
Medan,2026-05-20 15:00:00,0.5,1.15,81.22,0.29,6.23,0.05,1,Good
Medan,2026-05-20 16:00:00,0.5,1.33,80.21,0.31,5.81,0.06,1,Good
Medan,2026-05-20 17:00:00,0.51,1.36,78.33,0.33,5.54,0.05,1,Good
Medan,2026-05-20 18:00:00,0.52,1.37,77.14,0.36,5.8,0.06,1,Good
Medan,2026-05-20 19:00:00,0.54,1.42,77.91,0.41,6.86,0.06,1,Good
Medan,2026-05-20 20:00:00,0.56,1.4,79.44,0.43,8.23,0.07,1,Good
Medan,2026-05-20 21:00:00,0.55,1.3,80.62,0.45,9.6,0.08,1,Good
Medan,2026-05-20 22:00:00,0.54,1.15,80.99,0.45,10.71,0.08,1,Good
Medan,2026-05-20 23:00:00,0.53,1.13,80.2,0.43,10.65,0.08,1,Good
Medan,2026-05-21 00:00:00,0.55,1.26,80.6,0.42,9.88,0.08,1,Good
Medan,2026-05-21 01:00:00,0.56,1.36,81.36,0.36,8.66,0.07,1,Good
Medan,2026-05-21 02:00:00,0.54,1.35,81.0,0.28,9.05,0.06,1,Good
Medan,2026-05-21 03:00:00,0.5,1.12,78.08,0.19,11.23,0.05,1,Good
Medan,2026-05-21 04:00:00,0.5,0.5,70.93,0.09,17.27,0.02,1,Good
Medan,2026-05-21 05:00:00,0.5,0.5,68.73,0.06,18.43,0.02,1,Good
Medan,2026-05-21 06:00:00,0.5,0.5,67.97,0.05,19.16,0.02,1,Good
Medan,2026-05-21 07:00:00,0.5,0.5,68.7,0.04,20.78,0.02,1,Good
Medan,2026-05-21 08:00:00,0.5,0.5,68.96,0.04,22.32,0.02,1,Good
Medan,2026-05-21 09:00:00,0.5,0.5,69.56,0.04,23.62,0.02,1,Good
Medan,2026-05-21 10:00:00,0.5,0.5,70.17,0.08,22.38,0.04,1,Good
Medan,2026-05-21 11:00:00,0.5,0.69,70.89,0.14,19.85,0.05,1,Good
Medan,2026-05-21 12:00:00,0.5,0.9,72.12,0.19,18.75,0.06,1,Good
Medan,2026-05-21 13:00:00,0.5,1.13,72.37,0.21,17.28,0.06,1,Good
Medan,2026-05-21 14:00:00,0.5,1.35,72.41,0.21,16.03,0.07,1,Good
Medan,2026-05-21 15:00:00,0.5,1.52,72.53,0.22,15.8,0.07,1,Good
Medan,2026-05-21 16:00:00,0.51,1.64,73.29,0.25,17.88,0.08,1,Good
Medan,2026-05-21 17:00:00,0.52,1.66,75.04,0.29,20.97,0.09,1,Good
Medan,2026-05-21 18:00:00,0.52,1.65,76.45,0.31,23.29,0.09,1,Good
Medan,2026-05-21 19:00:00,0.52,1.66,77.35,0.32,25.25,0.09,1,Good
Medan,2026-05-21 20:00:00,0.54,1.7,77.83,0.32,26.4,0.09,1,Good
Medan,2026-05-21 21:00:00,0.56,1.77,77.2,0.33,25.87,0.08,1,Good
Medan,2026-05-21 22:00:00,0.59,1.83,74.5,0.28,19.38,0.06,1,Good
Medan,2026-05-21 23:00:00,0.63,1.92,73.52,0.26,15.73,0.05,1,Good
Medan,2026-05-22 00:00:00,0.71,2.19,74.76,0.29,14.33,0.06,1,Good
Medan,2026-05-22 01:00:00,0.81,2.44,77.1,0.32,13.49,0.08,1,Good
Medan,2026-05-22 02:00:00,0.86,2.5,78.04,0.26,13.62,0.08,1,Good
Medan,2026-05-22 03:00:00,0.86,2.34,76.43,0.18,15.83,0.07,1,Good
Medan,2026-05-22 04:00:00,0.5,0.88,71.94,0.06,32.86,0.03,1,Good
Medan,2026-05-22 05:00:00,0.5,0.66,70.19,0.04,31.46,0.02,1,Good
Medan,2026-05-22 06:00:00,0.5,0.61,69.62,0.03,29.15,0.02,1,Good
Medan,2026-05-22 07:00:00,0.5,0.61,69.83,0.03,27.51,0.02,1,Good
Medan,2026-05-22 08:00:00,0.5,0.6,69.8,0.03,26.19,0.02,1,Good
Medan,2026-05-22 09:00:00,0.5,0.57,69.95,0.03,25.24,0.02,1,Good
Medan,2026-05-22 10:00:00,0.5,0.6,70.24,0.08,21.68,0.03,1,Good
Medan,2026-05-22 11:00:00,0.5,0.79,71.12,0.17,17.38,0.05,1,Good
Medan,2026-05-22 12:00:00,0.5,1.01,72.43,0.23,15.09,0.06,1,Good
Medan,2026-05-22 13:00:00,0.5,1.21,72.92,0.25,13.46,0.06,1,Good
Medan,2026-05-22 14:00:00,0.5,1.34,73.2,0.24,12.51,0.06,1,Good
Medan,2026-05-22 15:00:00,0.5,1.39,73.39,0.23,12.36,0.06,1,Good
Medan,2026-05-22 16:00:00,0.5,1.36,73.45,0.23,12.35,0.06,1,Good
Medan,2026-05-22 17:00:00,0.5,1.24,72.94,0.23,12.22,0.05,1,Good
Medan,2026-05-22 18:00:00,0.5,1.08,72.0,0.22,12.55,0.04,1,Good
Medan,2026-05-22 19:00:00,0.5,0.98,71.26,0.2,13.24,0.03,1,Good
Medan,2026-05-22 20:00:00,0.5,0.99,71.83,0.21,13.15,0.04,1,Good
Medan,2026-05-22 21:00:00,0.5,1.08,73.5,0.24,13.09,0.04,1,Good
Medan,2026-05-22 22:00:00,0.57,1.22,75.53,0.26,12.86,0.04,1,Good
Medan,2026-05-22 23:00:00,0.64,1.36,77.4,0.29,12.45,0.04,1,Good
Medan,2026-05-23 00:00:00,0.7,1.55,79.43,0.31,12.29,0.05,1,Good
Medan,2026-05-23 01:00:00,0.75,1.7,81.25,0.29,12.53,0.06,1,Good
Medan,2026-05-23 02:00:00,0.77,1.75,81.72,0.23,14.06,0.07,1,Good
Medan,2026-05-23 03:00:00,0.73,1.65,80.66,0.16,17.7,0.06,1,Good
Medan,2026-05-23 04:00:00,0.5,0.56,72.42,0.05,32.52,0.03,1,Good
Medan,2026-05-23 05:00:00,0.5,0.53,70.48,0.03,34.04,0.02,1,Good
Medan,2026-05-23 06:00:00,0.5,0.52,69.73,0.03,33.74,0.02,1,Good
Medan,2026-05-23 07:00:00,0.5,0.51,69.77,0.03,33.51,0.02,1,Good
Medan,2026-05-23 08:00:00,0.5,0.5,69.68,0.03,33.18,0.02,1,Good
Medan,2026-05-23 09:00:00,0.5,0.5,69.67,0.03,32.89,0.02,1,Good
Medan,2026-05-23 10:00:00,0.5,0.5,69.58,0.04,31.96,0.03,1,Good
Medan,2026-05-23 11:00:00,0.5,0.52,70.0,0.07,30.51,0.03,1,Good
Medan,2026-05-23 12:00:00,0.5,0.54,70.51,0.11,29.76,0.04,1,Good
Medan,2026-05-23 13:00:00,0.5,0.57,70.51,0.12,28.79,0.04,1,Good
Medan,2026-05-23 14:00:00,0.5,0.59,71.27,0.14,27.73,0.04,1,Good
Medan,2026-05-23 15:00:00,0.5,0.61,72.13,0.16,26.42,0.04,1,Good
Medan,2026-05-23 16:00:00,0.5,0.71,72.89,0.19,22.94,0.04,1,Good
Medan,2026-05-23 17:00:00,0.5,0.83,73.57,0.23,18.7,0.04,1,Good
Medan,2026-05-23 18:00:00,0.5,0.91,74.16,0.24,15.93,0.03,1,Good
Medan,2026-05-23 19:00:00,0.55,1.05,74.11,0.25,13.31,0.03,1,Good
Medan,2026-05-23 20:00:00,0.62,1.23,73.7,0.26,11.23,0.03,1,Good
Medan,2026-05-23 21:00:00,0.68,1.39,73.71,0.28,10.2,0.03,1,Good
Medan,2026-05-23 22:00:00,0.68,1.44,74.07,0.29,10.05,0.03,1,Good
Medan,2026-05-23 23:00:00,0.64,1.37,74.96,0.3,11.16,0.03,1,Good
Medan,2026-05-24 00:00:00,0.63,1.39,76.54,0.32,12.77,0.05,1,Good
Medan,2026-05-25 01:00:00,1.32,3.46,72.71,0.39,7.6,0.1,1,Good
Medan,2026-05-25 02:00:00,1.36,3.63,74.68,0.39,8.56,0.1,1,Good
Medan,2026-05-25 03:00:00,1.29,3.4,74.24,0.34,10.9,0.09,1,Good
Medan,2026-05-25 04:00:00,0.5,1.08,71.38,0.09,31.28,0.03,1,Good
Medan,2026-05-25 05:00:00,0.5,0.81,70.7,0.08,32.34,0.03,1,Good
Medan,2026-05-25 06:00:00,0.5,0.72,70.35,0.07,32.26,0.02,1,Good
Medan,2026-05-25 07:00:00,0.5,0.78,70.63,0.06,32.41,0.03,1,Good
Medan,2026-05-25 08:00:00,0.5,0.88,70.86,0.07,32.11,0.03,1,Good
Medan,2026-05-25 09:00:00,0.5,0.88,71.17,0.08,32.32,0.03,1,Good
Medan,2026-05-25 10:00:00,0.5,0.84,71.4,0.12,31.84,0.03,1,Good
Medan,2026-05-25 11:00:00,0.5,0.86,71.88,0.17,30.31,0.04,1,Good
Medan,2026-05-25 12:00:00,0.5,0.89,72.87,0.22,29.09,0.04,1,Good
Medan,2026-05-25 13:00:00,0.5,1.07,73.64,0.28,26.57,0.05,1,Good
Medan,2026-05-25 14:00:00,0.53,1.36,75.56,0.34,23.56,0.06,1,Good
Medan,2026-05-25 15:00:00,0.59,1.63,77.57,0.38,21.46,0.06,1,Good
Medan,2026-05-25 16:00:00,0.65,1.77,78.92,0.4,19.66,0.06,1,Good
Medan,2026-05-25 17:00:00,0.69,1.72,79.61,0.4,18.48,0.06,1,Good
Medan,2026-05-25 18:00:00,0.71,1.6,79.87,0.4,18.4,0.05,1,Good
Medan,2026-05-25 19:00:00,0.74,1.57,79.68,0.38,16.61,0.05,1,Good
Medan,2026-05-25 20:00:00,0.82,1.75,79.06,0.39,12.96,0.05,1,Good
Medan,2026-05-25 21:00:00,0.91,1.97,78.96,0.41,10.64,0.05,1,Good
Medan,2026-05-25 22:00:00,1.01,2.21,79.32,0.43,8.94,0.05,1,Good
Medan,2026-05-25 23:00:00,1.11,2.44,80.06,0.44,7.39,0.05,1,Good
Medan,2026-05-26 00:00:00,1.27,2.85,82.69,0.48,6.16,0.07,1,Good
Medan,2026-05-26 01:00:00,1.43,3.3,86.11,0.39,5.68,0.09,1,Good
Medan,2026-05-26 02:00:00,1.56,3.52,88.14,0.31,6.94,0.1,1,Good
Medan,2026-05-26 03:00:00,1.61,3.42,89.04,0.25,11.23,0.09,1,Good
Medan,2026-05-26 04:00:00,0.65,0.93,80.16,0.12,32.47,0.03,1,Good
Medan,2026-05-26 05:00:00,0.67,0.88,79.56,0.12,34.35,0.02,1,Good
Medan,2026-05-26 06:00:00,0.84,1.04,81.24,0.16,35.79,0.02,1,Good
Medan,2026-05-26 07:00:00,1.03,1.23,83.8,0.21,37.65,0.02,1,Good
Medan,2026-05-26 08:00:00,1.19,1.39,86.08,0.26,39.39,0.02,1,Good
Medan,2026-05-26 09:00:00,1.3,1.5,87.86,0.32,40.91,0.03,1,Good
Medan,2026-05-26 10:00:00,1.24,1.59,85.84,0.35,34.54,0.04,1,Good
Medan,2026-05-26 11:00:00,1.15,1.76,83.81,0.39,26.21,0.06,1,Good
Medan,2026-05-26 12:00:00,1.12,2.05,83.3,0.45,21.71,0.08,1,Good
Medan,2026-05-26 13:00:00,1.16,2.44,83.74,0.47,19.08,0.09,1,Good
Medan,2026-05-26 14:00:00,1.23,2.76,84.72,0.47,17.97,0.09,1,Good
Medan,2026-05-26 15:00:00,1.3,3.02,85.95,0.47,18.05,0.09,1,Good
Medan,2026-05-26 16:00:00,1.39,3.16,87.37,0.48,17.99,0.09,1,Good
Medan,2026-05-26 17:00:00,1.48,3.09,88.27,0.46,15.77,0.07,1,Good
Medan,2026-05-26 18:00:00,1.59,3.03,89.61,0.43,13.33,0.05,1,Good
Medan,2026-05-26 19:00:00,1.67,2.99,90.53,0.41,11.77,0.04,1,Good
Medan,2026-05-26 20:00:00,1.73,3.01,91.91,0.41,11.57,0.04,1,Good
Medan,2026-05-26 21:00:00,1.77,3.03,94.05,0.44,12.43,0.05,1,Good
Medan,2026-05-26 22:00:00,1.75,2.96,96.9,0.47,13.93,0.05,1,Good
Medan,2026-05-26 23:00:00,1.77,3.03,98.74,0.48,12.46,0.05,1,Good
Medan,2026-05-27 00:00:00,1.81,3.24,100.75,0.49,11.09,0.06,1,Good
Medan,2026-05-27 01:00:00,1.85,3.47,102.91,0.38,10.93,0.08,1,Good
Medan,2026-05-27 02:00:00,1.84,3.54,103.12,0.33,12.79,0.09,1,Good
Medan,2026-05-27 03:00:00,1.73,3.23,100.7,0.26,17.07,0.08,1,Good
Medan,2026-05-27 04:00:00,0.8,1.18,83.57,0.12,35.56,0.04,1,Good
Medan,2026-05-27 05:00:00,0.66,0.94,78.92,0.11,34.8,0.03,1,Good
Medan,2026-05-27 06:00:00,0.75,1.01,77.91,0.11,33.28,0.04,1,Good
Medan,2026-05-27 07:00:00,0.91,1.16,78.72,0.12,32.26,0.04,1,Good
Medan,2026-05-27 08:00:00,1.06,1.3,79.41,0.13,31.14,0.05,1,Good
Medan,2026-05-27 09:00:00,1.16,1.39,79.86,0.14,30.21,0.05,1,Good
Medan,2026-05-27 10:00:00,1.13,1.45,78.77,0.17,25.71,0.06,1,Good
Medan,2026-05-27 11:00:00,1.06,1.59,77.91,0.22,20.13,0.06,1,Good
Medan,2026-05-27 12:00:00,1.03,1.79,77.64,0.29,16.69,0.07,1,Good
Medan,2026-05-27 13:00:00,1.04,2.12,77.06,0.31,13.59,0.08,1,Good
Medan,2026-05-27 14:00:00,1.12,2.53,77.37,0.34,10.91,0.08,1,Good
Medan,2026-05-27 15:00:00,1.19,2.87,78.19,0.36,9.82,0.09,1,Good
Medan,2026-05-27 16:00:00,1.27,3.1,79.14,0.4,9.27,0.1,1,Good
Medan,2026-05-27 17:00:00,1.32,3.12,78.7,0.39,8.02,0.08,1,Good
Medan,2026-05-27 18:00:00,1.37,3.08,78.07,0.37,7.09,0.06,1,Good
Medan,2026-05-27 19:00:00,1.36,2.87,77.17,0.34,6.73,0.05,1,Good
Medan,2026-05-27 20:00:00,1.36,2.67,76.33,0.32,6.58,0.04,1,Good
Medan,2026-05-27 21:00:00,1.39,2.58,75.49,0.31,6.56,0.04,1,Good
Medan,2026-05-27 22:00:00,1.42,2.54,74.65,0.3,6.37,0.03,1,Good
Medan,2026-05-27 23:00:00,1.47,2.61,74.76,0.3,5.69,0.03,1,Good
Medan,2026-05-28 00:00:00,1.57,2.86,77.19,0.34,5.35,0.05,1,Good
Medan,2026-05-28 01:00:00,1.67,3.13,81.39,0.28,5.93,0.07,1,Good
Medan,2026-05-28 02:00:00,1.69,3.21,83.21,0.27,7.64,0.08,1,Good
Medan,2026-05-28 03:00:00,1.53,2.9,82.28,0.24,10.78,0.08,1,Good
Medan,2026-05-28 04:00:00,0.5,0.72,73.61,0.1,21.73,0.03,1,Good
Medan,2026-05-28 05:00:00,0.5,0.51,70.69,0.07,20.93,0.03,1,Good
Medan,2026-05-28 06:00:00,0.5,0.5,69.21,0.06,19.95,0.02,1,Good
Medan,2026-05-28 07:00:00,0.5,0.5,69.04,0.05,19.14,0.02,1,Good
Medan,2026-05-28 08:00:00,0.5,0.53,68.84,0.06,18.03,0.03,1,Good
Medan,2026-05-28 09:00:00,0.5,0.54,68.38,0.07,16.92,0.03,1,Good
Medan,2026-05-28 10:00:00,0.5,0.59,67.81,0.11,14.56,0.03,1,Good
Medan,2026-05-28 11:00:00,0.5,0.69,68.14,0.17,12.04,0.04,1,Good
Medan,2026-05-28 12:00:00,0.5,0.85,69.16,0.23,10.63,0.05,1,Good
Medan,2026-05-28 13:00:00,0.54,1.12,70.37,0.26,9.1,0.06,1,Good
Medan,2026-05-28 14:00:00,0.58,1.45,71.77,0.29,7.81,0.07,1,Good
Medan,2026-05-28 15:00:00,0.61,1.71,72.4,0.31,7.25,0.07,1,Good
Medan,2026-05-28 16:00:00,0.62,1.68,71.78,0.32,7.07,0.07,1,Good
Medan,2026-05-28 17:00:00,0.55,1.4,69.39,0.29,6.51,0.05,1,Good
Medan,2026-05-28 18:00:00,0.51,1.13,67.43,0.24,6.01,0.04,1,Good
Medan,2026-05-28 19:00:00,0.51,1.02,65.71,0.21,5.25,0.03,1,Good
Medan,2026-05-28 20:00:00,0.52,1.07,63.64,0.2,4.0,0.03,1,Good
Medan,2026-05-28 21:00:00,0.54,1.12,61.91,0.19,3.24,0.02,1,Good
Medan,2026-05-28 22:00:00,0.56,1.18,60.87,0.19,2.94,0.02,1,Good
Medan,2026-05-28 23:00:00,0.59,1.23,61.05,0.21,3.2,0.03,1,Good
Medan,2026-05-29 00:00:00,0.63,1.41,63.64,0.24,3.87,0.04,1,Good
Medan,2026-05-29 01:00:00,0.68,1.58,67.61,0.22,5.16,0.06,1,Good
Medan,2026-05-29 02:00:00,0.69,1.68,69.66,0.22,6.18,0.06,1,Good
Medan,2026-05-29 03:00:00,0.67,1.56,69.64,0.19,8.63,0.06,1,Good
Medan,2026-05-29 04:00:00,0.5,0.66,73.22,0.17,18.33,0.03,1,Good
Medan,2026-05-29 05:00:00,0.5,0.6,73.62,0.16,19.68,0.02,1,Good
Medan,2026-05-29 06:00:00,0.55,0.7,74.19,0.16,20.57,0.03,1,Good
Medan,2026-05-29 07:00:00,0.68,0.85,75.88,0.16,21.76,0.03,1,Good
Medan,2026-05-29 08:00:00,0.85,1.02,77.09,0.15,23.36,0.04,1,Good
Medan,2026-05-29 09:00:00,0.97,1.14,77.63,0.15,25.44,0.04,1,Good
Medan,2026-05-29 10:00:00,1.01,1.34,76.79,0.19,22.3,0.05,1,Good
Medan,2026-05-29 11:00:00,1.05,1.68,76.17,0.3,17.27,0.07,1,Good
Medan,2026-05-29 12:00:00,1.12,2.1,76.91,0.44,14.71,0.08,1,Good
Medan,2026-05-29 13:00:00,1.24,2.61,77.86,0.5,13.55,0.1,1,Good
Medan,2026-05-29 14:00:00,1.41,3.17,80.14,0.55,13.63,0.12,1,Good
Medan,2026-05-29 15:00:00,1.62,3.71,83.8,0.62,14.5,0.14,1,Good
Medan,2026-05-29 16:00:00,1.85,4.14,87.0,0.69,14.91,0.15,1,Good
Medan,2026-05-29 17:00:00,2.06,4.31,86.83,0.69,13.53,0.13,1,Good
Medan,2026-05-29 18:00:00,2.21,4.33,85.12,0.62,10.61,0.1,1,Good
Medan,2026-05-29 19:00:00,2.32,4.31,82.92,0.54,7.8,0.06,1,Good
Medan,2026-05-29 20:00:00,2.45,4.37,81.69,0.5,6.43,0.05,1,Good
Medan,2026-05-29 21:00:00,2.62,4.51,81.16,0.49,5.57,0.05,1,Good
Medan,2026-05-29 22:00:00,2.8,4.67,81.85,0.5,5.36,0.05,1,Good
Medan,2026-05-29 23:00:00,2.94,4.78,83.5,0.51,5.77,0.05,1,Good
Medan,2026-05-30 00:00:00,3.1,5.0,86.97,0.56,6.94,0.06,1,Good
Medan,2026-05-30 01:00:00,3.23,5.15,93.16,0.58,9.43,0.08,1,Good
Medan,2026-05-30 02:00:00,3.31,5.17,98.52,0.59,11.65,0.09,1,Good
Medan,2026-05-30 03:00:00,3.4,5.06,102.64,0.56,15.78,0.08,1,Good
Medan,2026-05-30 04:00:00,2.94,3.57,110.03,0.54,36.04,0.06,1,Good
Medan,2026-05-30 05:00:00,2.46,2.95,101.81,0.4,38.02,0.05,1,Good
Medan,2026-05-30 06:00:00,2.68,3.18,100.63,0.34,40.23,0.06,1,Good
Medan,2026-05-30 07:00:00,3.32,3.86,103.9,0.35,42.94,0.08,1,Good
Medan,2026-05-30 08:00:00,3.97,4.57,107.32,0.4,44.44,0.1,1,Good
Medan,2026-05-30 09:00:00,4.31,4.93,108.12,0.48,45.62,0.11,1,Good
Medan,2026-05-30 10:00:00,4.35,5.16,104.5,0.54,38.3,0.11,1,Good
Medan,2026-05-30 11:00:00,4.3,5.43,100.46,0.62,28.7,0.1,1,Good
Medan,2026-05-30 12:00:00,4.19,5.65,97.17,0.67,24.12,0.1,1,Good
Medan,2026-05-30 13:00:00,4.12,5.88,96.13,0.77,26.18,0.12,1,Good
Medan,2026-05-30 14:00:00,4.26,6.21,99.57,0.91,31.52,0.14,1,Good
Medan,2026-05-30 15:00:00,4.61,6.68,104.73,1.03,35.4,0.16,1,Good
Medan,2026-05-30 16:00:00,5.1,7.22,110.22,1.11,36.85,0.18,1,Good
Medan,2026-05-30 17:00:00,5.56,7.64,113.36,1.14,36.03,0.18,1,Good
Medan,2026-05-30 18:00:00,5.93,7.96,113.68,1.09,32.92,0.17,1,Good
Medan,2026-05-30 19:00:00,6.18,8.13,109.98,0.88,22.74,0.11,1,Good
Medan,2026-05-30 20:00:00,6.42,8.36,107.6,0.75,17.18,0.07,1,Good
Medan,2026-05-30 21:00:00,6.75,8.73,106.94,0.69,15.1,0.06,1,Good
Medan,2026-05-30 22:00:00,7.17,9.23,108.01,0.67,14.63,0.06,1,Good
Medan,2026-05-30 23:00:00,7.63,9.73,111.17,0.67,15.12,0.07,1,Good
Medan,2026-05-31 00:00:00,8.18,10.38,116.75,0.71,16.44,0.08,1,Good
Medan,2026-05-31 01:00:00,8.77,11.02,124.02,0.76,18.4,0.1,1,Good
Medan,2026-05-31 02:00:00,8.94,11.18,127.95,0.75,18.94,0.1,1,Good
Medan,2026-05-31 03:00:00,8.31,10.36,127.75,0.7,21.77,0.1,1,Good
Medan,2026-05-31 04:00:00,4.16,4.75,120.85,0.61,41.31,0.07,1,Good
Medan,2026-05-31 05:00:00,2.45,2.74,110.07,0.47,37.15,0.05,1,Good
Medan,2026-05-31 06:00:00,1.79,1.99,102.21,0.4,35.53,0.04,1,Good
Medan,2026-05-31 07:00:00,1.59,1.77,97.5,0.37,35.03,0.04,1,Good
Medan,2026-05-31 08:00:00,1.7,1.91,95.6,0.35,34.43,0.05,1,Good
Medan,2026-05-31 09:00:00,1.82,2.05,94.54,0.33,34.01,0.05,1,Good
Medan,2026-05-31 10:00:00,1.89,2.21,92.51,0.34,30.23,0.06,1,Good
Medan,2026-05-31 11:00:00,1.94,2.4,90.42,0.39,24.28,0.06,1,Good
Medan,2026-05-31 12:00:00,1.92,2.53,88.41,0.4,20.29,0.06,1,Good
Medan,2026-05-31 13:00:00,1.85,2.65,85.9,0.39,16.49,0.07,1,Good
Medan,2026-05-31 14:00:00,1.82,2.83,84.54,0.4,13.27,0.07,1,Good
Medan,2026-05-31 15:00:00,1.82,2.99,84.02,0.42,11.77,0.08,1,Good
Medan,2026-05-31 16:00:00,1.82,3.1,84.23,0.46,11.32,0.09,1,Good
Medan,2026-05-31 17:00:00,1.79,3.07,83.45,0.48,10.85,0.08,1,Good
Medan,2026-05-31 18:00:00,1.77,3.03,82.83,0.49,10.33,0.07,1,Good
Medan,2026-05-31 19:00:00,1.68,2.9,81.24,0.48,9.61,0.07,1,Good
Medan,2026-05-31 20:00:00,1.56,2.73,78.93,0.42,8.12,0.05,1,Good
Medan,2026-05-31 21:00:00,1.47,2.63,76.96,0.37,6.64,0.04,1,Good
Medan,2026-05-31 22:00:00,1.41,2.57,75.34,0.33,5.76,0.03,1,Good
Medan,2026-05-31 23:00:00,1.38,2.55,74.33,0.33,5.78,0.03,1,Good
Medan,2026-06-01 00:00:00,1.43,2.72,75.12,0.36,6.59,0.05,1,Good
Medan,2026-06-01 01:00:00,1.49,2.82,77.8,0.39,8.0,0.07,1,Good
Medan,2026-06-01 02:00:00,1.48,2.76,79.18,0.36,8.79,0.07,1,Good
Medan,2026-06-01 03:00:00,1.37,2.4,78.16,0.29,11.24,0.06,1,Good
Medan,2026-06-01 04:00:00,0.53,0.7,75.47,0.18,22.42,0.02,1,Good
Medan,2026-06-01 05:00:00,0.5,0.5,72.56,0.13,22.52,0.02,1,Good
Medan,2026-06-01 06:00:00,0.5,0.5,70.84,0.11,22.59,0.02,1,Good
Medan,2026-06-01 07:00:00,0.5,0.5,70.29,0.1,22.45,0.02,1,Good
Medan,2026-06-01 08:00:00,0.5,0.5,70.08,0.11,21.76,0.02,1,Good
Medan,2026-06-01 09:00:00,0.5,0.5,69.86,0.12,21.17,0.02,1,Good
Medan,2026-06-01 10:00:00,0.5,0.52,69.9,0.19,17.96,0.03,1,Good
Medan,2026-06-01 11:00:00,0.5,0.64,70.29,0.28,13.94,0.05,1,Good
Medan,2026-06-01 12:00:00,0.5,0.93,71.1,0.34,11.57,0.06,1,Good
Medan,2026-06-01 13:00:00,0.51,1.2,72.23,0.38,10.03,0.07,1,Good
Medan,2026-06-01 14:00:00,0.55,1.39,73.69,0.4,9.04,0.07,1,Good
Medan,2026-06-01 15:00:00,0.59,1.58,74.81,0.41,8.41,0.07,1,Good
Medan,2026-06-01 16:00:00,0.61,1.72,74.76,0.42,7.57,0.06,1,Good
Medan,2026-06-01 17:00:00,0.62,1.74,74.03,0.41,6.7,0.05,1,Good
Medan,2026-06-01 18:00:00,0.64,1.68,73.22,0.4,5.97,0.04,1,Good
Medan,2026-06-01 19:00:00,0.67,1.56,72.49,0.38,5.47,0.03,1,Good
Medan,2026-06-01 20:00:00,0.71,1.42,72.1,0.37,5.13,0.03,1,Good
Medan,2026-06-01 21:00:00,0.74,1.3,71.7,0.36,4.81,0.03,1,Good
Medan,2026-06-01 22:00:00,0.73,1.21,71.29,0.36,4.66,0.03,1,Good
Medan,2026-06-01 23:00:00,0.72,1.17,71.37,0.37,4.86,0.03,1,Good
Medan,2026-06-02 00:00:00,0.75,1.26,72.84,0.41,5.49,0.04,1,Good
Medan,2026-06-02 01:00:00,0.79,1.37,74.9,0.4,6.39,0.05,1,Good
Medan,2026-06-02 02:00:00,0.83,1.54,76.67,0.34,7.07,0.06,1,Good
Medan,2026-06-02 03:00:00,0.92,1.57,79.21,0.3,9.5,0.05,1,Good
Medan,2026-06-02 04:00:00,1.56,1.77,93.25,0.31,18.74,0.03,1,Good
Medan,2026-06-02 05:00:00,1.77,1.93,95.74,0.25,20.37,0.02,1,Good
Jakarta,2026-06-02 06:00:00,5.62,8.26,106.71,0.32,57.86,0.3,1,Good
Surabaya,2026-06-02 06:00:00,7.81,12.75,156.4,0.93,63.83,0.64,2,Fair
Bandung,2026-06-02 06:00:00,2.11,5.26,74.9,0.15,50.93,0.22,1,Good
Medan,2026-06-02 06:00:00,1.73,1.87,95.08,0.2,21.58,0.02,1,Good
